2026-07-20 03:20:21 - INFO - 当前服务器配置为：交易时间段服务器重启后，执行拉起本交易操作
2026-07-20 03:20:21 - DEBUG - 策略配置新增参数：receive_cancel_response = 1
2026-07-20 03:20:21 - DEBUG - 更新策略配置参数，原值：not_restart_trade = 0，新值：not_restart_trade = 0
2026-07-20 03:20:21 - INFO - 本次set_parameters接口的not_restart_trade入参设置：交易时间段服务器重启后，会自动执行重新拉起本交易
2026-07-20 03:20:21 - DEBUG - 策略配置新增参数：server_restart_not_do_before = 0
2026-07-20 03:20:21 - INFO - 本次set_parameters接口的server_restart_not_do_before设置：服务器重启导致重拉交易的情况下，before_trading_start函数每次都会执行
2026-07-20 03:20:21 - INFO - [cross-v0.3.2] 初始化完成: 最大持仓=3 基础仓位比例=0.95 普通信号最短持有=5
2026-07-20 03:20:21 - INFO - [发布指纹] 构建=20260720.4 业务配置=1506a0e834fe 状态结构=3
2026-07-20 03:20:21 - INFO - [cross-v0.3.2] 位置差值上穿已启用 | 自检=通过 预期=通过 | 自检反转分=12
2026-07-20 03:20:21 - INFO - [指标参数] RSI(6,12,24) MACD(12,26,9) KDJ(9,3,3) BOLL(20,2.0) ATR(14) ADX(14) MA(5,10,20,60)
2026-07-20 03:20:22 - INFO - [状态恢复] 当前策略成交记录数=0
2026-07-20 03:20:22 - INFO - [状态恢复] 交割记录数=138 查询范围=20100101~20260717
2026-07-20 03:20:23 - WARNING - [状态恢复] 513050.SS已依据券商事实接管: 买入日期=2026-07-14 信号日期=2026-07-13 ATR=0.036429 持仓最高收盘价=1.145000 成本=1.071200
2026-07-20 03:20:23 - WARNING - [状态恢复] 513500.SS已依据券商事实接管: 买入日期=2026-07-16 信号日期=2026-07-15 ATR=0.025429 持仓最高收盘价=2.577000 成本=2.561100
2026-07-20 03:20:23 - WARNING - [状态恢复] 159985.SZ已依据券商事实接管: 买入日期=2026-07-07 信号日期=2026-07-06 ATR=0.029500 持仓最高收盘价=2.231000 成本=2.155300
2026-07-20 03:20:23 - INFO - [PTrade框架g] 状态=未提供 代次=不适用 原因=未发现持久状态元数据
2026-07-20 03:20:23 - INFO - [连续状态恢复] 来源=状态台账 代次=6
2026-07-20 03:20:23 - INFO - [持仓风险恢复] 来源=账户接管:交割单
2026-07-20 03:20:23 - INFO - [持仓风险恢复] 代码=159985.SZ 数量=2000 成本=2.155300 买入日期=2026-07-07 ATR=0.029500 持仓最高收盘价=2.231000 状态=已验证 来源=账户接管:交割单
2026-07-20 03:20:23 - INFO - [持仓风险恢复] 代码=513050.SS 数量=2100 成本=1.071200 买入日期=2026-07-14 ATR=0.036429 持仓最高收盘价=1.145000 状态=已验证 来源=账户接管:交割单
2026-07-20 03:20:23 - INFO - [持仓风险恢复] 代码=513500.SS 数量=4200 成本=2.561100 买入日期=2026-07-16 ATR=0.025429 持仓最高收盘价=2.577000 状态=已验证 来源=账户接管:交割单
2026-07-20 09:35:00 - INFO - [cross-v0.3.2] 执行日期=2026-07-20 信号日期=2026-07-17 是否调仓=是
2026-07-20 09:35:00 - INFO - [候选排名]
2026-07-20 09:35:00 - INFO -   159928.SZ 买入评分=39 反转评分=11 位置评分=7 趋势评分=17 量能评分=4 卖出评分=6 收盘价=0.653 RSI[6/12/24]=62.6/56.7/48.7 MACD[DIF/DEA/HIST]=-0.0016/-0.0081/0.0131 KDJ[K/D/J]=78.5/75.0/85.6 BOLL[U/M/L]=0.660/0.629/0.597 MA[5/10/20/60]=0.647/0.638/0.629/0.672 VOL[5/20]=670802506/546111639 ATR14=0.0160 DMI[+DI/-DI/ADX]=29.1/6.0/29.9 RSI_DIFF[6-12/6-24]=5.9/13.8(前值 14.8/26.8) MACD_DIFF[DIF-DEA]=0.0066(前值 0.0068) KDJ_DIFF[K-D/J-D]=3.6/10.7(前值 9.0/27.0)
2026-07-20 09:35:00 - INFO -   513500.SS 买入评分=36 反转评分=0 位置评分=17 趋势评分=15 量能评分=4 卖出评分=35 收盘价=2.503 RSI[6/12/24]=39.5/45.6/50.0 MACD[DIF/DEA/HIST]=0.0067/0.0044/0.0046 KDJ[K/D/J]=62.9/75.3/38.2 BOLL[U/M/L]=2.573/2.516/2.459 MA[5/10/20/60]=2.541/2.529/2.516/2.501 VOL[5/20]=156461685/152906444 ATR14=0.0264 DMI[+DI/-DI/ADX]=20.9/19.5/33.4 RSI_DIFF[6-12/6-24]=-6.1/-10.5(前值 13.6/18.8) MACD_DIFF[DIF-DEA]=0.0023(前值 0.0060) KDJ_DIFF[K-D/J-D]=-12.4/-37.1(前值 9.3/27.8)
2026-07-20 09:35:00 - INFO -   159985.SZ 买入评分=31 反转评分=0 位置评分=7 趋势评分=20 量能评分=4 卖出评分=35 收盘价=2.123 RSI[6/12/24]=43.7/52.3/53.2 MACD[DIF/DEA/HIST]=0.0361/0.0280/0.0162 KDJ[K/D/J]=55.7/71.8/23.5 BOLL[U/M/L]=2.261/2.089/1.916 MA[5/10/20/60]=2.182/2.167/2.089/2.088 VOL[5/20]=317583548/198661139 ATR14=0.0656 DMI[+DI/-DI/ADX]=47.7/30.4/39.3 RSI_DIFF[6-12/6-24]=-8.7/-9.5(前值 -6.8/-5.9) MACD_DIFF[DIF-DEA]=0.0081(前值 0.0148) KDJ_DIFF[K-D/J-D]=-16.1/-48.3(前值 -9.2/-27.7)
2026-07-20 09:35:00 - INFO -   513050.SS 买入评分=21 反转评分=0 位置评分=0 趋势评分=17 量能评分=4 卖出评分=11 收盘价=1.097 RSI[6/12/24]=55.9/55.9/50.1 MACD[DIF/DEA/HIST]=0.0086/-0.0073/0.0319 KDJ[K/D/J]=73.0/76.5/65.8 BOLL[U/M/L]=1.154/1.037/0.921 MA[5/10/20/60]=1.106/1.087/1.037/1.117 VOL[5/20]=3647027720/2882706994 ATR14=0.0394 DMI[+DI/-DI/ADX]=45.3/14.6/42.5 RSI_DIFF[6-12/6-24]=0.0/5.8(前值 16.5/30.4) MACD_DIFF[DIF-DEA]=0.0159(前值 0.0190) KDJ_DIFF[K-D/J-D]=-3.6/-10.7(前值 5.7/17.2)
2026-07-20 09:35:00 - INFO -   518880.SS 买入评分=8 反转评分=0 位置评分=17 趋势评分=-9 量能评分=0 卖出评分=10 收盘价=8.311 RSI[6/12/24]=25.1/34.0/36.8 MACD[DIF/DEA/HIST]=-0.1613/-0.1747/0.0268 KDJ[K/D/J]=22.7/33.7/0.5 BOLL[U/M/L]=8.732/8.471/8.211 MA[5/10/20/60]=8.367/8.474/8.471/9.112 VOL[5/20]=246218208/334822184 ATR14=0.1241 DMI[+DI/-DI/ADX]=23.6/33.4/16.2 RSI_DIFF[6-12/6-24]=-8.8/-11.7(前值 -5.9/-7.6) MACD_DIFF[DIF-DEA]=0.0134(前值 0.0180) KDJ_DIFF[K-D/J-D]=-11.1/-33.2(前值 -12.8/-38.5)
2026-07-20 09:35:00 - INFO - [上穿信号] 数量=1
2026-07-20 09:35:00 - INFO -   159928.SZ 反转评分=11 买入评分=39 卖出评分=6 RSI12上穿=否 RSI24上穿=否 MACD上穿=否 KDJ_K上穿=是 KDJ_J上穿=是 RSI12下穿=否 RSI24下穿=否 MACD下穿=否 KDJ_K下穿=否 KDJ_J下穿=否 RSI[6/12/24]=62.6/56.7/48.7 MACD[DIF/DEA/HIST]=-0.0016/-0.0081/0.0131 KDJ[K/D/J]=78.5/75.0/85.6 BOLL[U/M/L]=0.660/0.629/0.597 MA[5/10/20/60]=0.647/0.638/0.629/0.672 VOL[5/20]=670802506/546111639 ATR14=0.0160 DMI[+DI/-DI/ADX]=29.1/6.0/29.9 RSI_DIFF[6-12/6-24]=5.9/13.8(前值 14.8/26.8) MACD_DIFF[DIF-DEA]=0.0066(前值 0.0068) KDJ_DIFF[K-D/J-D]=3.6/10.7(前值 9.0/27.0)
2026-07-20 09:35:00 - INFO - [宽松反转] 数量=2
2026-07-20 09:35:00 - INFO -   159928.SZ 宽松反转数=1 买入评分=39 反转评分=11 RSI转强=False RSI变化=-16.34 MACD转强=True DIF变化=0.0014 KDJ转强=False K值变化=-3.66 J值变化=-14.54 RSI[6/12/24]=62.6/56.7/48.7 MACD[DIF/DEA/HIST]=-0.0016/-0.0081/0.0131 KDJ[K/D/J]=78.5/75.0/85.6 BOLL[U/M/L]=0.660/0.629/0.597 MA[5/10/20/60]=0.647/0.638/0.629/0.672 VOL[5/20]=670802506/546111639 ATR14=0.0160 DMI[+DI/-DI/ADX]=29.1/6.0/29.9 RSI_DIFF[6-12/6-24]=5.9/13.8(前值 14.8/26.8) MACD_DIFF[DIF-DEA]=0.0066(前值 0.0068) KDJ_DIFF[K-D/J-D]=3.6/10.7(前值 9.0/27.0)
2026-07-20 09:35:00 - INFO -   513050.SS 宽松反转数=1 买入评分=21 反转评分=0 RSI转强=False RSI变化=-30.46 MACD转强=True DIF变化=0.0010 KDJ转强=False K值变化=-11.10 J值变化=-29.71 RSI[6/12/24]=55.9/55.9/50.1 MACD[DIF/DEA/HIST]=0.0086/-0.0073/0.0319 KDJ[K/D/J]=73.0/76.5/65.8 BOLL[U/M/L]=1.154/1.037/0.921 MA[5/10/20/60]=1.106/1.087/1.037/1.117 VOL[5/20]=3647027720/2882706994 ATR14=0.0394 DMI[+DI/-DI/ADX]=45.3/14.6/42.5 RSI_DIFF[6-12/6-24]=0.0/5.8(前值 16.5/30.4) MACD_DIFF[DIF-DEA]=0.0159(前值 0.0190) KDJ_DIFF[K-D/J-D]=-3.6/-10.7(前值 5.7/17.2)
2026-07-20 09:35:00 - INFO - [风险收紧] 159985.SZ卖出评分=35
2026-07-20 09:35:00 - INFO - [持仓] 513050.SS尚未满足最短持有期，已跳过信号卖出
2026-07-20 09:35:00 - INFO - [持仓] 513500.SS尚未满足最短持有期，已跳过信号卖出
2026-07-20 15:30:00 - INFO - [盘后委托核对] 未发现未完成委托
2026-07-20 15:30:00 - INFO - ============================================================
2026-07-20 15:30:00 - INFO - [cross-v0.3.2 收盘] 总资产=18656.66 可用资金=1417.36 持仓数=3/3
2026-07-20 15:30:00 - INFO -   159985.SZ 成本价=2.155 当前价=2.180 持仓最高收盘价=2.231 收益率=1.1% 买入评分=31 卖出评分=35 止损价=2.119
2026-07-20 15:30:00 - INFO -   513050.SS 成本价=1.071 当前价=1.137 持仓最高收盘价=1.145 收益率=6.1% 买入评分=21 卖出评分=11 止损价=1.054
2026-07-20 15:30:00 - INFO -   513500.SS 成本价=2.561 当前价=2.498 持仓最高收盘价=2.577 收益率=-2.5% 买入评分=36 卖出评分=35 止损价=2.448
2026-07-20 15:30:00 - INFO - ============================================================

2026-07-21 01:56:45 - INFO - 当前服务器配置为：交易时间段服务器重启后，执行拉起本交易操作
2026-07-21 01:56:45 - DEBUG - 策略配置新增参数：receive_cancel_response = 1
2026-07-21 01:56:45 - DEBUG - 更新策略配置参数，原值：not_restart_trade = 0，新值：not_restart_trade = 0
2026-07-21 01:56:45 - INFO - 本次set_parameters接口的not_restart_trade入参设置：交易时间段服务器重启后，会自动执行重新拉起本交易
2026-07-21 01:56:45 - DEBUG - 策略配置新增参数：server_restart_not_do_before = 0
2026-07-21 01:56:45 - INFO - 本次set_parameters接口的server_restart_not_do_before设置：服务器重启导致重拉交易的情况下，before_trading_start函数每次都会执行
2026-07-21 01:56:46 - INFO - [cross-v0.3.2] 初始化完成: 最大持仓=3 基础仓位比例=0.95 普通信号最短持有=5
2026-07-21 01:56:46 - INFO - [发布指纹] 构建=20260720.8 业务配置=1506a0e834fe 状态结构=3
2026-07-21 01:56:46 - INFO - [cross-v0.3.2] 位置差值上穿已启用 | 自检=通过 预期=通过 | 自检反转分=12
2026-07-21 01:56:46 - INFO - [指标参数] RSI(6,12,24) MACD(12,26,9) KDJ(9,3,3) BOLL(20,2.0) ATR(14) ADX(14) MA(5,10,20,60)
2026-07-21 01:56:47 - INFO - [状态台账] 已与当前券商持仓核验一致，直接恢复持仓风险状态
2026-07-21 01:56:47 - INFO - [PTrade框架g] 状态=未提供 代次=不适用 原因=未发现持久状态元数据
2026-07-21 01:56:47 - INFO - [连续状态恢复] 来源=状态台账 代次=11
2026-07-21 01:56:47 - INFO - [持仓风险恢复] 来源=状态台账
2026-07-21 01:56:47 - INFO - [持仓风险恢复] 代码=159985.SZ 数量=2000 成本=2.155300 买入日期=2026-07-07 ATR=0.029500 持仓最高收盘价=2.231000 状态=已验证 来源=状态台账
2026-07-21 01:56:47 - INFO - [持仓风险恢复] 代码=513050.SS 数量=2100 成本=1.071200 买入日期=2026-07-14 ATR=0.036429 持仓最高收盘价=1.145000 状态=已验证 来源=状态台账
2026-07-21 01:56:47 - INFO - [持仓风险恢复] 代码=513500.SS 数量=4200 成本=2.561100 买入日期=2026-07-16 ATR=0.025429 持仓最高收盘价=2.577000 状态=已验证 来源=状态台账
2026-07-21 09:35:00 - INFO - [cross-v0.3.2] 执行日期=2026-07-21 信号日期=2026-07-20 是否调仓=是
2026-07-21 09:35:00 - INFO - [候选排名]
2026-07-21 09:35:00 - INFO -   159985.SZ 买入评分=37 反转评分=0 位置评分=7 趋势评分=20 量能评分=10 卖出评分=11 收盘价=2.180 RSI[6/12/24]=58.0/60.0/57.8 MACD[DIF/DEA/HIST]=0.0366/0.0297/0.0138 KDJ[K/D/J]=55.4/66.3/33.6 BOLL[U/M/L]=2.269/2.098/1.928 MA[5/10/20/60]=2.177/2.172/2.098/2.089 VOL[5/20]=274424118/206948889 ATR14=0.0682 DMI[+DI/-DI/ADX]=43.8/26.4/40.8 RSI_DIFF[6-12/6-24]=-2.0/0.2(前值 -8.7/-9.5) MACD_DIFF[DIF-DEA]=0.0069(前值 0.0081) KDJ_DIFF[K-D/J-D]=-10.9/-32.8(前值 -16.1/-48.3)
2026-07-21 09:35:00 - INFO -   159928.SZ 买入评分=30 反转评分=0 位置评分=0 趋势评分=20 量能评分=10 卖出评分=0 收盘价=0.676 RSI[6/12/24]=74.7/65.2/54.6 MACD[DIF/DEA/HIST]=0.0014/-0.0062/0.0152 KDJ[K/D/J]=85.7/78.5/100.0 BOLL[U/M/L]=0.669/0.631/0.593 MA[5/10/20/60]=0.656/0.642/0.631/0.671 VOL[5/20]=718392718/557646258 ATR14=0.0168 DMI[+DI/-DI/ADX]=31.5/6.0/32.6 RSI_DIFF[6-12/6-24]=9.5/20.0(前值 5.9/13.9) MACD_DIFF[DIF-DEA]=0.0076(前值 0.0066) KDJ_DIFF[K-D/J-D]=7.1/21.4(前值 3.6/10.7)
2026-07-21 09:35:00 - INFO -   513050.SS 买入评分=30 反转评分=0 位置评分=0 趋势评分=20 量能评分=10 卖出评分=11 收盘价=1.137 RSI[6/12/24]=67.4/62.7/54.3 MACD[DIF/DEA/HIST]=0.0125/-0.0034/0.0317 KDJ[K/D/J]=75.1/76.0/73.1 BOLL[U/M/L]=1.168/1.043/0.918 MA[5/10/20/60]=1.117/1.098/1.043/1.115 VOL[5/20]=3625040780/2936810294 ATR14=0.0409 DMI[+DI/-DI/ADX]=44.2/14.3/41.5 RSI_DIFF[6-12/6-24]=4.7/13.1(前值 0.0/5.8) MACD_DIFF[DIF-DEA]=0.0158(前值 0.0159) KDJ_DIFF[K-D/J-D]=-1.0/-2.9(前值 -3.6/-10.7)
2026-07-21 09:35:00 - INFO -   513500.SS 买入评分=18 反转评分=0 位置评分=17 趋势评分=-3 量能评分=4 卖出评分=55 收盘价=2.498 RSI[6/12/24]=38.0/44.7/49.5 MACD[DIF/DEA/HIST]=0.0037/0.0043/-0.0010 KDJ[K/D/J]=44.6/65.1/3.7 BOLL[U/M/L]=2.565/2.513/2.460 MA[5/10/20/60]=2.536/2.528/2.513/2.503 VOL[5/20]=163420264/152629973 ATR14=0.0266 DMI[+DI/-DI/ADX]=21.2/22.4/31.4 RSI_DIFF[6-12/6-24]=-6.7/-11.5(前值 -6.1/-10.5) MACD_DIFF[DIF-DEA]=-0.0005(前值 0.0023) KDJ_DIFF[K-D/J-D]=-20.5/-61.4(前值 -12.4/-37.1)
2026-07-21 09:35:00 - INFO -   159915.SZ 买入评分=5 反转评分=0 位置评分=10 趋势评分=-15 量能评分=10 卖出评分=21 收盘价=3.477 RSI[6/12/24]=22.9/31.7/39.9 MACD[DIF/DEA/HIST]=-0.1206/-0.0516/-0.1380 KDJ[K/D/J]=15.9/18.1/11.3 BOLL[U/M/L]=4.527/3.990/3.453 MA[5/10/20/60]=3.672/3.781/3.990/3.957 VOL[5/20]=3231868640/1990305196 ATR14=0.1806 DMI[+DI/-DI/ADX]=7.3/44.5/33.2 RSI_DIFF[6-12/6-24]=-8.8/-17.1(前值 -9.8/-18.4) MACD_DIFF[DIF-DEA]=-0.0690(前值 -0.0641) KDJ_DIFF[K-D/J-D]=-2.3/-6.8(前值 -3.6/-10.8)
2026-07-21 09:35:00 - INFO - [上穿信号] 全部标的均未出现
2026-07-21 09:35:00 - INFO - [宽松反转] 数量=6
2026-07-21 09:35:00 - INFO -   159985.SZ 宽松反转数=3 买入评分=37 反转评分=0 RSI转强=True RSI变化=14.31 MACD转强=True DIF变化=0.0005 KDJ转强=True K值变化=-0.29 J值变化=10.05 RSI[6/12/24]=58.0/60.0/57.8 MACD[DIF/DEA/HIST]=0.0366/0.0297/0.0138 KDJ[K/D/J]=55.4/66.3/33.6 BOLL[U/M/L]=2.269/2.098/1.928 MA[5/10/20/60]=2.177/2.172/2.098/2.089 VOL[5/20]=274424118/206948889 ATR14=0.0682 DMI[+DI/-DI/ADX]=43.8/26.4/40.8 RSI_DIFF[6-12/6-24]=-2.0/0.2(前值 -8.7/-9.5) MACD_DIFF[DIF-DEA]=0.0069(前值 0.0081) KDJ_DIFF[K-D/J-D]=-10.9/-32.8(前值 -16.1/-48.3)
2026-07-21 09:35:00 - INFO -   159928.SZ 宽松反转数=3 买入评分=30 反转评分=0 RSI转强=True RSI变化=12.07 MACD转强=True DIF变化=0.0030 KDJ转强=True K值变化=7.16 J值变化=14.34 RSI[6/12/24]=74.7/65.2/54.6 MACD[DIF/DEA/HIST]=0.0014/-0.0062/0.0152 KDJ[K/D/J]=85.7/78.5/100.0 BOLL[U/M/L]=0.669/0.631/0.593 MA[5/10/20/60]=0.656/0.642/0.631/0.671 VOL[5/20]=718392718/557646258 ATR14=0.0168 DMI[+DI/-DI/ADX]=31.5/6.0/32.6 RSI_DIFF[6-12/6-24]=9.5/20.0(前值 5.9/13.9) MACD_DIFF[DIF-DEA]=0.0076(前值 0.0066) KDJ_DIFF[K-D/J-D]=7.1/21.4(前值 3.6/10.7)
2026-07-21 09:35:00 - INFO -   513050.SS 宽松反转数=3 买入评分=30 反转评分=0 RSI转强=True RSI变化=11.49 MACD转强=True DIF变化=0.0038 KDJ转强=True K值变化=2.13 J值变化=7.36 RSI[6/12/24]=67.4/62.7/54.3 MACD[DIF/DEA/HIST]=0.0125/-0.0034/0.0317 KDJ[K/D/J]=75.1/76.0/73.1 BOLL[U/M/L]=1.168/1.043/0.918 MA[5/10/20/60]=1.117/1.098/1.043/1.115 VOL[5/20]=3625040780/2936810294 ATR14=0.0409 DMI[+DI/-DI/ADX]=44.2/14.3/41.5 RSI_DIFF[6-12/6-24]=4.7/13.1(前值 0.0/5.8) MACD_DIFF[DIF-DEA]=0.0158(前值 0.0159) KDJ_DIFF[K-D/J-D]=-1.0/-2.9(前值 -3.6/-10.7)
2026-07-21 09:35:00 - INFO -   518880.SS 宽松反转数=3 买入评分=2 反转评分=0 RSI转强=True RSI变化=1.96 MACD转强=True DIF变化=0.0014 KDJ转强=True K值变化=-1.63 J值变化=3.58 RSI[6/12/24]=27.1/34.5/37.0 MACD[DIF/DEA/HIST]=-0.1599/-0.1718/0.0237 KDJ[K/D/J]=21.0/29.5/4.1 BOLL[U/M/L]=8.693/8.451/8.210 MA[5/10/20/60]=8.347/8.442/8.451/9.084 VOL[5/20]=225952664/322809632 ATR14=0.1124 DMI[+DI/-DI/ADX]=26.2/25.7/13.2 RSI_DIFF[6-12/6-24]=-7.4/-9.9(前值 -8.8/-11.7) MACD_DIFF[DIF-DEA]=0.0119(前值 0.0134) KDJ_DIFF[K-D/J-D]=-8.5/-25.4(前值 -11.1/-33.2)
2026-07-21 09:35:00 - INFO -   159915.SZ 宽松反转数=2 买入评分=5 反转评分=0 RSI转强=True RSI变化=1.69 MACD转强=False DIF变化=-0.0221 KDJ转强=True K值变化=0.21 J值变化=2.90 RSI[6/12/24]=22.9/31.7/39.9 MACD[DIF/DEA/HIST]=-0.1206/-0.0516/-0.1380 KDJ[K/D/J]=15.9/18.1/11.3 BOLL[U/M/L]=4.527/3.990/3.453 MA[5/10/20/60]=3.672/3.781/3.990/3.957 VOL[5/20]=3231868640/1990305196 ATR14=0.1806 DMI[+DI/-DI/ADX]=7.3/44.5/33.2 RSI_DIFF[6-12/6-24]=-8.8/-17.1(前值 -9.8/-18.4) MACD_DIFF[DIF-DEA]=-0.0690(前值 -0.0641) KDJ_DIFF[K-D/J-D]=-2.3/-6.8(前值 -3.6/-10.8)
2026-07-21 09:35:00 - INFO - [持仓] 513500.SS尚未满足最短持有期，已跳过信号卖出
2026-07-21 15:30:00 - INFO - [盘后委托核对] 未发现未完成委托
2026-07-21 15:30:00 - INFO - ============================================================
2026-07-21 15:30:00 - INFO - [cross-v0.3.2 收盘] 总资产=17797.76 可用资金=417.36 持仓数=3/3
2026-07-21 15:30:00 - INFO -   159985.SZ 成本价=2.155 当前价=2.197 持仓最高收盘价=2.231 收益率=1.9% 买入评分=37 卖出评分=11 止损价=2.119
2026-07-21 15:30:00 - INFO -   513050.SS 成本价=1.071 当前价=1.132 持仓最高收盘价=1.145 收益率=5.7% 买入评分=30 卖出评分=11 止损价=1.054
2026-07-21 15:30:00 - INFO -   513500.SS 成本价=2.561 当前价=2.526 持仓最高收盘价=2.577 收益率=-1.4% 买入评分=18 卖出评分=55 止损价=2.448
2026-07-21 15:30:00 - INFO - ============================================================

2026-07-22 09:10:01 - INFO - [PTrade框架g] 状态=未提供 代次=不适用 原因=未发现持久状态元数据
2026-07-22 09:10:01 - INFO - [连续状态恢复] 来源=状态台账 代次=11
2026-07-22 09:10:01 - INFO - [持仓风险恢复] 来源=状态台账
2026-07-22 09:10:01 - INFO - [持仓风险恢复] 代码=159985.SZ 数量=2000 成本=2.155300 买入日期=2026-07-07 ATR=0.029500 持仓最高收盘价=2.231000 状态=已验证 来源=状态台账
2026-07-22 09:10:01 - INFO - [持仓风险恢复] 代码=513050.SS 数量=2100 成本=1.071200 买入日期=2026-07-14 ATR=0.036429 持仓最高收盘价=1.145000 状态=已验证 来源=状态台账
2026-07-22 09:10:01 - INFO - [持仓风险恢复] 代码=513500.SS 数量=4200 成本=2.561100 买入日期=2026-07-16 ATR=0.025429 持仓最高收盘价=2.577000 状态=已验证 来源=状态台账
2026-07-22 09:35:00 - INFO - [cross-v0.3.2] 执行日期=2026-07-22 信号日期=2026-07-21 是否调仓=是
2026-07-22 09:35:00 - INFO - [候选排名]
2026-07-22 09:35:00 - INFO -   159985.SZ 买入评分=43 反转评分=12 位置评分=7 趋势评分=14 量能评分=10 卖出评分=0 收盘价=2.197 RSI[6/12/24]=61.5/62.0/59.1 MACD[DIF/DEA/HIST]=0.0380/0.0314/0.0131 KDJ[K/D/J]=58.1/63.6/47.1 BOLL[U/M/L]=2.277/2.108/1.940 MA[5/10/20/60]=2.176/2.177/2.108/2.089 VOL[5/20]=265634254/217382873 ATR14=0.0690 DMI[+DI/-DI/ADX]=44.1/23.0/41.9 RSI_DIFF[6-12/6-24]=-0.5/2.4(前值 -2.0/0.2) MACD_DIFF[DIF-DEA]=0.0066(前值 0.0069) KDJ_DIFF[K-D/J-D]=-5.5/-16.5(前值 -10.9/-32.8)
2026-07-22 09:35:00 - INFO -   518880.SS 买入评分=41 反转评分=35 位置评分=15 趋势评分=-15 量能评分=6 卖出评分=0 收盘价=8.468 RSI[6/12/24]=56.4/45.4/41.3 MACD[DIF/DEA/HIST]=-0.1450/-0.1664/0.0428 KDJ[K/D/J]=35.4/31.5/43.2 BOLL[U/M/L]=8.687/8.448/8.209 MA[5/10/20/60]=8.366/8.429/8.448/9.059 VOL[5/20]=242949568/317587972 ATR14=0.1149 DMI[+DI/-DI/ADX]=32.8/26.4/11.7 RSI_DIFF[6-12/6-24]=11.1/15.1(前值 -7.4/-9.9) MACD_DIFF[DIF-DEA]=0.0214(前值 0.0119) KDJ_DIFF[K-D/J-D]=3.9/11.7(前值 -8.5/-25.4)
2026-07-22 09:35:00 - INFO -   159915.SZ 买入评分=40 反转评分=35 位置评分=10 趋势评分=-15 量能评分=10 卖出评分=10 收盘价=3.709 RSI[6/12/24]=46.0/43.2/45.8 MACD[DIF/DEA/HIST]=-0.1181/-0.0649/-0.1063 KDJ[K/D/J]=26.6/21.0/37.9 BOLL[U/M/L]=4.506/3.965/3.425 MA[5/10/20/60]=3.640/3.759/3.965/3.956 VOL[5/20]=3624398960/2109314736 ATR14=0.1931 DMI[+DI/-DI/ADX]=12.9/43.6/34.0 RSI_DIFF[6-12/6-24]=2.8/0.2(前值 -8.8/-17.1) MACD_DIFF[DIF-DEA]=-0.0531(前值 -0.0690) KDJ_DIFF[K-D/J-D]=5.6/16.9(前值 -2.3/-6.8)
2026-07-22 09:35:00 - INFO -   513500.SS 买入评分=40 反转评分=0 位置评分=15 趋势评分=15 量能评分=10 卖出评分=55 收盘价=2.526 RSI[6/12/24]=50.7/50.9/52.4 MACD[DIF/DEA/HIST]=0.0036/0.0041/-0.0010 KDJ[K/D/J]=43.0/57.7/13.6 BOLL[U/M/L]=2.566/2.514/2.461 MA[5/10/20/60]=2.534/2.527/2.514/2.506 VOL[5/20]=167762530/154476073 ATR14=0.0286 DMI[+DI/-DI/ADX]=26.9/23.0/30.2 RSI_DIFF[6-12/6-24]=-0.2/-1.7(前值 -6.7/-11.5) MACD_DIFF[DIF-DEA]=-0.0005(前值 -0.0005) KDJ_DIFF[K-D/J-D]=-14.7/-44.1(前值 -20.5/-61.4)
2026-07-22 09:35:00 - INFO -   513050.SS 买入评分=24 反转评分=0 位置评分=0 趋势评分=20 量能评分=4 卖出评分=11 收盘价=1.132 RSI[6/12/24]=64.9/61.4/53.7 MACD[DIF/DEA/HIST]=0.0149/0.0003/0.0293 KDJ[K/D/J]=73.5/75.2/70.1 BOLL[U/M/L]=1.178/1.050/0.922 MA[5/10/20/60]=1.126/1.107/1.050/1.113 VOL[5/20]=3739640120/2985501549 ATR14=0.0423 DMI[+DI/-DI/ADX]=45.4/13.9/40.7 RSI_DIFF[6-12/6-24]=3.5/11.1(前值 4.7/13.1) MACD_DIFF[DIF-DEA]=0.0146(前值 0.0158) KDJ_DIFF[K-D/J-D]=-1.7/-5.1(前值 -1.0/-2.9)
2026-07-22 09:35:00 - INFO - [上穿信号] 数量=5
2026-07-22 09:35:00 - INFO -   518880.SS 反转评分=35 买入评分=41 卖出评分=0 RSI12上穿=是 RSI24上穿=是 MACD上穿=否 KDJ_K上穿=是 KDJ_J上穿=是 RSI12下穿=否 RSI24下穿=否 MACD下穿=否 KDJ_K下穿=否 KDJ_J下穿=否 RSI[6/12/24]=56.4/45.4/41.3 MACD[DIF/DEA/HIST]=-0.1450/-0.1664/0.0428 KDJ[K/D/J]=35.4/31.5/43.2 BOLL[U/M/L]=8.687/8.448/8.209 MA[5/10/20/60]=8.366/8.429/8.448/9.059 VOL[5/20]=242949568/317587972 ATR14=0.1149 DMI[+DI/-DI/ADX]=32.8/26.4/11.7 RSI_DIFF[6-12/6-24]=11.1/15.1(前值 -7.4/-9.9) MACD_DIFF[DIF-DEA]=0.0214(前值 0.0119) KDJ_DIFF[K-D/J-D]=3.9/11.7(前值 -8.5/-25.4)
2026-07-22 09:35:00 - INFO -   159915.SZ 反转评分=35 买入评分=40 卖出评分=10 RSI12上穿=是 RSI24上穿=是 MACD上穿=否 KDJ_K上穿=是 KDJ_J上穿=是 RSI12下穿=否 RSI24下穿=否 MACD下穿=否 KDJ_K下穿=否 KDJ_J下穿=否 RSI[6/12/24]=46.0/43.2/45.8 MACD[DIF/DEA/HIST]=-0.1181/-0.0649/-0.1063 KDJ[K/D/J]=26.6/21.0/37.9 BOLL[U/M/L]=4.506/3.965/3.425 MA[5/10/20/60]=3.640/3.759/3.965/3.956 VOL[5/20]=3624398960/2109314736 ATR14=0.1931 DMI[+DI/-DI/ADX]=12.9/43.6/34.0 RSI_DIFF[6-12/6-24]=2.8/0.2(前值 -8.8/-17.1) MACD_DIFF[DIF-DEA]=-0.0531(前值 -0.0690) KDJ_DIFF[K-D/J-D]=5.6/16.9(前值 -2.3/-6.8)
2026-07-22 09:35:00 - INFO -   159985.SZ 反转评分=12 买入评分=43 卖出评分=0 RSI12上穿=否 RSI24上穿=是 MACD上穿=否 KDJ_K上穿=否 KDJ_J上穿=否 RSI12下穿=否 RSI24下穿=否 MACD下穿=否 KDJ_K下穿=否 KDJ_J下穿=否 RSI[6/12/24]=61.5/62.0/59.1 MACD[DIF/DEA/HIST]=0.0380/0.0314/0.0131 KDJ[K/D/J]=58.1/63.6/47.1 BOLL[U/M/L]=2.277/2.108/1.940 MA[5/10/20/60]=2.176/2.177/2.108/2.089 VOL[5/20]=265634254/217382873 ATR14=0.0690 DMI[+DI/-DI/ADX]=44.1/23.0/41.9 RSI_DIFF[6-12/6-24]=-0.5/2.4(前值 -2.0/0.2) MACD_DIFF[DIF-DEA]=0.0066(前值 0.0069) KDJ_DIFF[K-D/J-D]=-5.5/-16.5(前值 -10.9/-32.8)
2026-07-22 09:35:00 - INFO -   512100.SS 反转评分=11 买入评分=16 卖出评分=10 RSI12上穿=否 RSI24上穿=否 MACD上穿=否 KDJ_K上穿=是 KDJ_J上穿=是 RSI12下穿=否 RSI24下穿=否 MACD下穿=否 KDJ_K下穿=否 KDJ_J下穿=否 RSI[6/12/24]=30.1/31.0/36.3 MACD[DIF/DEA/HIST]=-0.1330/-0.0751/-0.1159 KDJ[K/D/J]=17.0/14.8/21.3 BOLL[U/M/L]=3.786/3.313/2.840 MA[5/10/20/60]=2.984/3.124/3.313/3.395 VOL[5/20]=2473986494/1463818454 ATR14=0.1277 DMI[+DI/-DI/ADX]=4.8/69.5/47.3 RSI_DIFF[6-12/6-24]=-0.8/-6.2(前值 -9.5/-19.7) MACD_DIFF[DIF-DEA]=-0.0579(前值 -0.0631) KDJ_DIFF[K-D/J-D]=2.1/6.4(前值 -3.7/-11.2)
2026-07-22 09:35:00 - INFO -   513880.SS 反转评分=11 买入评分=16 卖出评分=10 RSI12上穿=否 RSI24上穿=否 MACD上穿=否 KDJ_K上穿=是 KDJ_J上穿=是 RSI12下穿=否 RSI24下穿=否 MACD下穿=否 KDJ_K下穿=否 KDJ_J下穿=否 RSI[6/12/24]=42.9/43.2/48.0 MACD[DIF/DEA/HIST]=-0.0314/-0.0008/-0.0611 KDJ[K/D/J]=21.0/17.6/27.7 BOLL[U/M/L]=2.441/2.221/2.001 MA[5/10/20/60]=2.087/2.135/2.221/2.113 VOL[5/20]=176933881/152281385 ATR14=0.0720 DMI[+DI/-DI/ADX]=15.2/37.1/29.6 RSI_DIFF[6-12/6-24]=-0.4/-5.2(前值 -12.8/-23.1) MACD_DIFF[DIF-DEA]=-0.0306(前值 -0.0362) KDJ_DIFF[K-D/J-D]=3.4/10.1(前值 -4.6/-13.7)
2026-07-22 09:35:00 - INFO - [宽松反转] 数量=9
2026-07-22 09:35:00 - INFO -   159985.SZ 宽松反转数=3 买入评分=43 反转评分=12 RSI转强=True RSI变化=3.50 MACD转强=True DIF变化=0.0013 KDJ转强=True K值变化=2.68 J值变化=13.54 RSI[6/12/24]=61.5/62.0/59.1 MACD[DIF/DEA/HIST]=0.0380/0.0314/0.0131 KDJ[K/D/J]=58.1/63.6/47.1 BOLL[U/M/L]=2.277/2.108/1.940 MA[5/10/20/60]=2.176/2.177/2.108/2.089 VOL[5/20]=265634254/217382873 ATR14=0.0690 DMI[+DI/-DI/ADX]=44.1/23.0/41.9 RSI_DIFF[6-12/6-24]=-0.5/2.4(前值 -2.0/0.2) MACD_DIFF[DIF-DEA]=0.0066(前值 0.0069) KDJ_DIFF[K-D/J-D]=-5.5/-16.5(前值 -10.9/-32.8)
2026-07-22 09:35:00 - INFO -   518880.SS 宽松反转数=3 买入评分=41 反转评分=35 RSI转强=True RSI变化=29.36 MACD转强=True DIF变化=0.0149 KDJ转强=True K值变化=14.34 J值变化=39.11 RSI[6/12/24]=56.4/45.4/41.3 MACD[DIF/DEA/HIST]=-0.1450/-0.1664/0.0428 KDJ[K/D/J]=35.4/31.5/43.2 BOLL[U/M/L]=8.687/8.448/8.209 MA[5/10/20/60]=8.366/8.429/8.448/9.059 VOL[5/20]=242949568/317587972 ATR14=0.1149 DMI[+DI/-DI/ADX]=32.8/26.4/11.7 RSI_DIFF[6-12/6-24]=11.1/15.1(前值 -7.4/-9.9) MACD_DIFF[DIF-DEA]=0.0214(前值 0.0119) KDJ_DIFF[K-D/J-D]=3.9/11.7(前值 -8.5/-25.4)
2026-07-22 09:35:00 - INFO -   159915.SZ 宽松反转数=3 买入评分=40 反转评分=35 RSI转强=True RSI变化=23.08 MACD转强=True DIF变化=0.0026 KDJ转强=True K值变化=10.74 J值变化=26.56 RSI[6/12/24]=46.0/43.2/45.8 MACD[DIF/DEA/HIST]=-0.1181/-0.0649/-0.1063 KDJ[K/D/J]=26.6/21.0/37.9 BOLL[U/M/L]=4.506/3.965/3.425 MA[5/10/20/60]=3.640/3.759/3.965/3.956 VOL[5/20]=3624398960/2109314736 ATR14=0.1931 DMI[+DI/-DI/ADX]=12.9/43.6/34.0 RSI_DIFF[6-12/6-24]=2.8/0.2(前值 -8.8/-17.1) MACD_DIFF[DIF-DEA]=-0.0531(前值 -0.0690) KDJ_DIFF[K-D/J-D]=5.6/16.9(前值 -2.3/-6.8)
2026-07-22 09:35:00 - INFO -   513500.SS 宽松反转数=2 买入评分=40 反转评分=0 RSI转强=True RSI变化=12.67 MACD转强=False DIF变化=-0.0001 KDJ转强=True K值变化=-1.61 J值变化=9.87 RSI[6/12/24]=50.7/50.9/52.4 MACD[DIF/DEA/HIST]=0.0036/0.0041/-0.0010 KDJ[K/D/J]=43.0/57.7/13.6 BOLL[U/M/L]=2.566/2.514/2.461 MA[5/10/20/60]=2.534/2.527/2.514/2.506 VOL[5/20]=167762530/154476073 ATR14=0.0286 DMI[+DI/-DI/ADX]=26.9/23.0/30.2 RSI_DIFF[6-12/6-24]=-0.2/-1.7(前值 -6.7/-11.5) MACD_DIFF[DIF-DEA]=-0.0005(前值 -0.0005) KDJ_DIFF[K-D/J-D]=-14.7/-44.1(前值 -20.5/-61.4)
2026-07-22 09:35:00 - INFO -   512100.SS 宽松反转数=2 买入评分=16 反转评分=11 RSI转强=True RSI变化=18.87 MACD转强=False DIF变化=-0.0093 KDJ转强=True K值变化=6.96 J值变化=18.72 RSI[6/12/24]=30.1/31.0/36.3 MACD[DIF/DEA/HIST]=-0.1330/-0.0751/-0.1159 KDJ[K/D/J]=17.0/14.8/21.3 BOLL[U/M/L]=3.786/3.313/2.840 MA[5/10/20/60]=2.984/3.124/3.313/3.395 VOL[5/20]=2473986494/1463818454 ATR14=0.1277 DMI[+DI/-DI/ADX]=4.8/69.5/47.3 RSI_DIFF[6-12/6-24]=-0.8/-6.2(前值 -9.5/-19.7) MACD_DIFF[DIF-DEA]=-0.0579(前值 -0.0631) KDJ_DIFF[K-D/J-D]=2.1/6.4(前值 -3.7/-11.2)
2026-07-22 09:35:00 - INFO - [持仓] 513500.SS尚未满足最短持有期，已跳过信号卖出
2026-07-22 15:30:00 - INFO - [盘后委托核对] 未发现未完成委托
2026-07-22 15:30:00 - INFO - ============================================================
2026-07-22 15:30:00 - INFO - [cross-v0.3.2 收盘] 总资产=17712.16 可用资金=417.36 持仓数=3/3
2026-07-22 15:30:00 - INFO -   159985.SZ 成本价=2.155 当前价=2.213 持仓最高收盘价=2.231 收益率=2.7% 买入评分=43 卖出评分=0 止损价=2.119
2026-07-22 15:30:00 - INFO -   513050.SS 成本价=1.071 当前价=1.082 持仓最高收盘价=1.145 收益率=1.0% 买入评分=24 卖出评分=11 止损价=1.054
2026-07-22 15:30:00 - INFO -   513500.SS 成本价=2.561 当前价=2.523 持仓最高收盘价=2.577 收益率=-1.5% 买入评分=40 卖出评分=55 止损价=2.448
2026-07-22 15:30:00 - INFO - ============================================================

2026-07-23 01:41:56 - INFO - [cross-v0.3.2] 初始化完成: 最大持仓=3 基础仓位比例=0.95 普通信号最短持有=5
2026-07-23 01:41:56 - INFO - [发布指纹] 构建=20260722.1 业务配置=1506a0e834fe 状态结构=3
2026-07-23 01:41:56 - INFO - [cross-v0.3.2] 位置差值上穿已启用 | 自检=通过 预期=通过 | 自检反转分=12
2026-07-23 01:41:56 - INFO - [指标参数] RSI(6,12,24) MACD(12,26,9) KDJ(9,3,3) BOLL(20,2.0) ATR(14) ADX(14) MA(5,10,20,60)
2026-07-23 01:41:57 - INFO - [状态台账] 已与当前券商持仓核验一致，直接恢复持仓风险状态
2026-07-23 01:41:57 - INFO - [PTrade框架g] 状态=未提供 代次=不适用 原因=未发现持久状态元数据
2026-07-23 01:41:57 - INFO - [连续状态恢复] 来源=状态台账 代次=14
2026-07-23 01:41:57 - INFO - [持仓风险恢复] 来源=状态台账
2026-07-23 01:41:57 - INFO - [持仓风险恢复] 代码=159985.SZ 数量=2000 成本=2.155300 买入日期=2026-07-07 ATR=0.029500 持仓最高收盘价=2.231000 状态=已验证 来源=状态台账
2026-07-23 01:41:57 - INFO - [持仓风险恢复] 代码=513050.SS 数量=2100 成本=1.071200 买入日期=2026-07-14 ATR=0.036429 持仓最高收盘价=1.145000 状态=已验证 来源=状态台账
2026-07-23 01:41:57 - INFO - [持仓风险恢复] 代码=513500.SS 数量=4200 成本=2.561100 买入日期=2026-07-16 ATR=0.025429 持仓最高收盘价=2.577000 状态=已验证 来源=状态台账

2026-07-23 09:35:00 - INFO - [cross-v0.3.2] 执行日期=2026-07-23 信号日期=2026-07-22 是否调仓=是
2026-07-23 09:35:00 - INFO - [候选排名]
2026-07-23 09:35:00 - INFO -   159985.SZ 买入评分=49 反转评分=24 位置评分=7 趋势评分=14 量能评分=4 卖出评分=0 收盘价=2.213 RSI[6/12/24]=64.8/63.8/60.2 MACD[DIF/DEA/HIST]=0.0398/0.0331/0.0135 KDJ[K/D/J]=62.6/63.2/61.3 BOLL[U/M/L]=2.286/2.119/1.953 MA[5/10/20/60]=2.172/2.180/2.119/2.090 VOL[5/20]=266982444/220812885 ATR14=0.0656 DMI[+DI/-DI/ADX]=34.0/21.6/42.6 RSI_DIFF[6-12/6-24]=1.0/4.6(前值 -0.5/2.4) MACD_DIFF[DIF-DEA]=0.0068(前值 0.0066) KDJ_DIFF[K-D/J-D]=-0.7/-2.0(前值 -5.5/-16.5)
2026-07-23 09:35:01 - INFO -   518880.SS 买入评分=41 反转评分=35 位置评分=15 趋势评分=-15 量能评分=6 卖出评分=0 收盘价=8.560 RSI[6/12/24]=66.4/50.8/43.7 MACD[DIF/DEA/HIST]=-0.1244/-0.1581/0.0674 KDJ[K/D/J]=51.9/38.3/79.1 BOLL[U/M/L]=8.692/8.450/8.208 MA[5/10/20/60]=8.404/8.427/8.450/9.036 VOL[5/20]=327168840/329909485 ATR14=0.1101 DMI[+DI/-DI/ADX]=31.3/27.1/11.9 RSI_DIFF[6-12/6-24]=15.6/22.7(前值 11.1/15.2) MACD_DIFF[DIF-DEA]=0.0337(前值 0.0214) KDJ_DIFF[K-D/J-D]=13.6/40.9(前值 3.9/11.7)
2026-07-23 09:35:02 - INFO -   159928.SZ 买入评分=30 反转评分=0 位置评分=0 趋势评分=20 量能评分=10 卖出评分=0 收盘价=0.673 RSI[6/12/24]=69.0/62.6/53.7 MACD[DIF/DEA/HIST]=0.0048/-0.0025/0.0147 KDJ[K/D/J]=82.8/80.9/86.6 BOLL[U/M/L]=0.680/0.637/0.594 MA[5/10/20/60]=0.667/0.650/0.637/0.669 VOL[5/20]=749900246/587827526 ATR14=0.0169 DMI[+DI/-DI/ADX]=28.9/8.5/39.1 RSI_DIFF[6-12/6-24]=6.4/15.3(前值 5.6/14.1) MACD_DIFF[DIF-DEA]=0.0073(前值 0.0075) KDJ_DIFF[K-D/J-D]=1.9/5.7(前值 2.9/8.7)
2026-07-23 09:35:02 - INFO -   513050.SS 买入评分=28 反转评分=0 位置评分=7 趋势评分=17 量能评分=4 卖出评分=34 收盘价=1.082 RSI[6/12/24]=44.7/50.2/48.3 MACD[DIF/DEA/HIST]=0.0127/0.0028/0.0199 KDJ[K/D/J]=55.9/68.8/30.2 BOLL[U/M/L]=1.181/1.054/0.927 MA[5/10/20/60]=1.119/1.106/1.054/1.111 VOL[5/20]=3466961880/2995510639 ATR14=0.0431 DMI[+DI/-DI/ADX]=36.7/21.9/40.2 RSI_DIFF[6-12/6-24]=-5.5/-3.6(前值 3.5/11.1) MACD_DIFF[DIF-DEA]=0.0099(前值 0.0146) KDJ_DIFF[K-D/J-D]=-12.8/-38.5(前值 -1.7/-5.1)
2026-07-23 09:35:02 - INFO -   513500.SS 买入评分=28 反转评分=0 位置评分=15 趋势评分=9 量能评分=4 卖出评分=10 收盘价=2.523 RSI[6/12/24]=49.4/50.2/52.1 MACD[DIF/DEA/HIST]=0.0033/0.0040/-0.0014 KDJ[K/D/J]=40.8/52.1/18.2 BOLL[U/M/L]=2.566/2.514/2.461 MA[5/10/20/60]=2.525/2.529/2.514/2.509 VOL[5/20]=164267986/153564392 ATR14=0.0297 DMI[+DI/-DI/ADX]=29.4/21.8/30.4 RSI_DIFF[6-12/6-24]=-0.8/-2.7(前值 -0.2/-1.7) MACD_DIFF[DIF-DEA]=-0.0007(前值 -0.0005) KDJ_DIFF[K-D/J-D]=-11.3/-33.9(前值 -14.7/-44.1)
2026-07-23 09:35:02 - INFO - [上穿信号] 数量=5
2026-07-23 09:35:02 - INFO -   518880.SS 反转评分=35 买入评分=41 卖出评分=0 RSI12上穿=是 RSI24上穿=是 MACD上穿=否 KDJ_K上穿=是 KDJ_J上穿=是 RSI12下穿=否 RSI24下穿=否 MACD下穿=否 KDJ_K下穿=否 KDJ_J下穿=否 RSI[6/12/24]=66.4/50.8/43.7 MACD[DIF/DEA/HIST]=-0.1244/-0.1581/0.0674 KDJ[K/D/J]=51.9/38.3/79.1 BOLL[U/M/L]=8.692/8.450/8.208 MA[5/10/20/60]=8.404/8.427/8.450/9.036 VOL[5/20]=327168840/329909485 ATR14=0.1101 DMI[+DI/-DI/ADX]=31.3/27.1/11.9 RSI_DIFF[6-12/6-24]=15.6/22.7(前值 11.1/15.2) MACD_DIFF[DIF-DEA]=0.0337(前值 0.0214) KDJ_DIFF[K-D/J-D]=13.6/40.9(前值 3.9/11.7)
2026-07-23 09:35:02 - INFO -   159985.SZ 反转评分=24 买入评分=49 卖出评分=0 RSI12上穿=是 RSI24上穿=是 MACD上穿=否 KDJ_K上穿=否 KDJ_J上穿=否 RSI12下穿=否 RSI24下穿=否 MACD下穿=否 KDJ_K下穿=否 KDJ_J下穿=否 RSI[6/12/24]=64.8/63.8/60.2 MACD[DIF/DEA/HIST]=0.0398/0.0331/0.0135 KDJ[K/D/J]=62.6/63.2/61.3 BOLL[U/M/L]=2.286/2.119/1.953 MA[5/10/20/60]=2.172/2.180/2.119/2.090 VOL[5/20]=266982444/220812885 ATR14=0.0656 DMI[+DI/-DI/ADX]=34.0/21.6/42.6 RSI_DIFF[6-12/6-24]=1.0/4.6(前值 -0.5/2.4) MACD_DIFF[DIF-DEA]=0.0068(前值 0.0066) KDJ_DIFF[K-D/J-D]=-0.7/-2.0(前值 -5.5/-16.5)
2026-07-23 09:35:02 - INFO -   159915.SZ 反转评分=11 买入评分=10 卖出评分=34 RSI12上穿=否 RSI24上穿=否 MACD上穿=否 KDJ_K上穿=是 KDJ_J上穿=是 RSI12下穿=是 RSI24下穿=是 MACD下穿=否 KDJ_K下穿=否 KDJ_J下穿=否 RSI[6/12/24]=38.6/39.4/43.4 MACD[DIF/DEA/HIST]=-0.1245/-0.0768/-0.0954 KDJ[K/D/J]=28.2/23.4/37.7 BOLL[U/M/L]=4.479/3.932/3.384 MA[5/10/20/60]=3.592/3.731/3.932/3.953 VOL[5/20]=3787159340/2155729756 ATR14=0.1848 DMI[+DI/-DI/ADX]=12.9/33.8/35.6 RSI_DIFF[6-12/6-24]=-0.8/-4.8(前值 2.8/0.2) MACD_DIFF[DIF-DEA]=-0.0477(前值 -0.0531) KDJ_DIFF[K-D/J-D]=4.8/14.4(前值 5.6/16.9)
2026-07-23 09:35:02 - INFO -   512100.SS 反转评分=11 买入评分=10 卖出评分=10 RSI12上穿=否 RSI24上穿=否 MACD上穿=否 KDJ_K上穿=是 KDJ_J上穿=是 RSI12下穿=否 RSI24下穿=否 MACD下穿=否 KDJ_K下穿=否 KDJ_J下穿=否 RSI[6/12/24]=27.5/29.4/35.3 MACD[DIF/DEA/HIST]=-0.1422/-0.0885/-0.1073 KDJ[K/D/J]=19.6/16.4/25.9 BOLL[U/M/L]=3.775/3.280/2.786 MA[5/10/20/60]=2.928/3.084/3.280/3.388 VOL[5/20]=2803552480/1559598960 ATR14=0.1255 DMI[+DI/-DI/ADX]=5.7/62.4/51.0 RSI_DIFF[6-12/6-24]=-1.9/-7.7(前值 -0.8/-6.2) MACD_DIFF[DIF-DEA]=-0.0537(前值 -0.0579) KDJ_DIFF[K-D/J-D]=3.2/9.5(前值 2.1/6.4)
2026-07-23 09:35:02 - INFO -   513880.SS 反转评分=11 买入评分=10 卖出评分=10 RSI12上穿=否 RSI24上穿=否 MACD上穿=否 KDJ_K上穿=是 KDJ_J上穿=是 RSI12下穿=否 RSI24下穿=否 MACD下穿=否 KDJ_K下穿=否 KDJ_J下穿=否 RSI[6/12/24]=39.1/41.3/46.9 MACD[DIF/DEA/HIST]=-0.0346/-0.0076/-0.0541 KDJ[K/D/J]=24.0/19.8/32.6 BOLL[U/M/L]=2.434/2.209/1.984 MA[5/10/20/60]=2.062/2.122/2.209/2.117 VOL[5/20]=182358257/149484374 ATR14=0.0706 DMI[+DI/-DI/ADX]=20.3/29.5/30.0 RSI_DIFF[6-12/6-24]=-2.2/-7.9(前值 -0.4/-5.2) MACD_DIFF[DIF-DEA]=-0.0271(前值 -0.0306) KDJ_DIFF[K-D/J-D]=4.3/12.8(前值 3.4/10.1)
2026-07-23 09:35:02 - INFO - [宽松反转] 数量=8
2026-07-23 09:35:02 - INFO -   159985.SZ 宽松反转数=3 买入评分=49 反转评分=24 RSI转强=True RSI变化=3.31 MACD转强=True DIF变化=0.0019 KDJ转强=True K值变化=4.50 J值变化=14.15 RSI[6/12/24]=64.8/63.8/60.2 MACD[DIF/DEA/HIST]=0.0398/0.0331/0.0135 KDJ[K/D/J]=62.6/63.2/61.3 BOLL[U/M/L]=2.286/2.119/1.953 MA[5/10/20/60]=2.172/2.180/2.119/2.090 VOL[5/20]=266982444/220812885 ATR14=0.0656 DMI[+DI/-DI/ADX]=34.0/21.6/42.6 RSI_DIFF[6-12/6-24]=1.0/4.6(前值 -0.5/2.4) MACD_DIFF[DIF-DEA]=0.0068(前值 0.0066) KDJ_DIFF[K-D/J-D]=-0.7/-2.0(前值 -5.5/-16.5)
2026-07-23 09:35:02 - INFO -   518880.SS 宽松反转数=3 买入评分=41 反转评分=35 RSI转强=True RSI变化=9.96 MACD转强=True DIF变化=0.0207 KDJ转强=True K值变化=16.52 J值变化=35.93 RSI[6/12/24]=66.4/50.8/43.7 MACD[DIF/DEA/HIST]=-0.1244/-0.1581/0.0674 KDJ[K/D/J]=51.9/38.3/79.1 BOLL[U/M/L]=8.692/8.450/8.208 MA[5/10/20/60]=8.404/8.427/8.450/9.036 VOL[5/20]=327168840/329909485 ATR14=0.1101 DMI[+DI/-DI/ADX]=31.3/27.1/11.9 RSI_DIFF[6-12/6-24]=15.6/22.7(前值 11.1/15.2) MACD_DIFF[DIF-DEA]=0.0337(前值 0.0214) KDJ_DIFF[K-D/J-D]=13.6/40.9(前值 3.9/11.7)
2026-07-23 09:35:02 - INFO -   159928.SZ 宽松反转数=2 买入评分=30 反转评分=0 RSI转强=True RSI变化=2.24 MACD转强=True DIF变化=0.0017 KDJ转强=False K值变化=-0.08 J值变化=-2.12 RSI[6/12/24]=69.0/62.6/53.7 MACD[DIF/DEA/HIST]=0.0048/-0.0025/0.0147 KDJ[K/D/J]=82.8/80.9/86.6 BOLL[U/M/L]=0.680/0.637/0.594 MA[5/10/20/60]=0.667/0.650/0.637/0.669 VOL[5/20]=749900246/587827526 ATR14=0.0169 DMI[+DI/-DI/ADX]=28.9/8.5/39.1 RSI_DIFF[6-12/6-24]=6.4/15.3(前值 5.6/14.1) MACD_DIFF[DIF-DEA]=0.0073(前值 0.0075) KDJ_DIFF[K-D/J-D]=1.9/5.7(前值 2.9/8.7)
2026-07-23 09:35:02 - INFO -   513100.SS 宽松反转数=2 买入评分=2 反转评分=0 RSI转强=True RSI变化=0.00 MACD转强=False DIF变化=-0.0007 KDJ转强=True K值变化=2.22 J值变化=8.70 RSI[6/12/24]=42.3/44.0/49.2 MACD[DIF/DEA/HIST]=-0.0130/-0.0054/-0.0151 KDJ[K/D/J]=32.3/34.3/28.2 BOLL[U/M/L]=2.223/2.163/2.103 MA[5/10/20/60]=2.126/2.150/2.163/2.151 VOL[5/20]=227561546/258330088 ATR14=0.0293 DMI[+DI/-DI/ADX]=15.4/26.9/29.1 RSI_DIFF[6-12/6-24]=-1.8/-6.9(前值 -1.8/-6.9) MACD_DIFF[DIF-DEA]=-0.0076(前值 -0.0088) KDJ_DIFF[K-D/J-D]=-2.0/-6.1(前值 -5.3/-15.8)
2026-07-23 09:35:02 - INFO -   513500.SS 宽松反转数=1 买入评分=28 反转评分=0 RSI转强=False RSI变化=-1.30 MACD转强=False DIF变化=-0.0004 KDJ转强=True K值变化=-2.21 J值变化=4.65 RSI[6/12/24]=49.4/50.2/52.1 MACD[DIF/DEA/HIST]=0.0033/0.0040/-0.0014 KDJ[K/D/J]=40.8/52.1/18.2 BOLL[U/M/L]=2.566/2.514/2.461 MA[5/10/20/60]=2.525/2.529/2.514/2.509 VOL[5/20]=164267986/153564392 ATR14=0.0297 DMI[+DI/-DI/ADX]=29.4/21.8/30.4 RSI_DIFF[6-12/6-24]=-0.8/-2.7(前值 -0.2/-1.7) MACD_DIFF[DIF-DEA]=-0.0007(前值 -0.0005) KDJ_DIFF[K-D/J-D]=-11.3/-33.9(前值 -14.7/-44.1)
2026-07-23 09:35:02 - INFO - [卖出] 513050.SS 原因=卖出分 34 数量=2100 限价=0.974
2026-07-23 09:35:02 - INFO - [卖出委托] 513050.SS 委托编号=d04b223c48c74fb9bff78c3158f1f767
2026-07-23 09:35:02 - INFO - [买入延后] 正在等待1笔卖出委托完成
2026-07-23 10:35:00 - INFO - [cross-v0.3.2] 没有达到阈值的买入候选
2026-07-23 15:30:00 - INFO - [盘后委托核对] 未发现未完成委托
2026-07-23 15:30:00 - INFO - ============================================================
2026-07-23 15:30:01 - INFO - [cross-v0.3.2 收盘] 总资产=17769.56 可用资金=2682.76 持仓数=2/3
2026-07-23 15:30:02 - INFO -   159985.SZ 成本价=2.155 当前价=2.243 持仓最高收盘价=2.243 收益率=4.1% 买入评分=49 卖出评分=0 止损价=2.131
2026-07-23 15:30:03 - INFO -   513500.SS 成本价=2.561 当前价=2.524 持仓最高收盘价=2.577 收益率=-1.4% 买入评分=28 卖出评分=10 止损价=2.448
2026-07-23 15:30:04 - INFO - ============================================================
2026-07-24 08:06:04 - INFO - [cross-v0.3.2] 初始化完成: 最大持仓=3 基础仓位比例=0.95 普通信号最短持有=5
2026-07-24 08:06:04 - INFO - [发布指纹] 构建=20260724.1 业务配置=1506a0e834fe 状态结构=3
2026-07-24 08:06:04 - INFO - [cross-v0.3.2] 位置差值上穿已启用 | 自检=通过 预期=通过 | 自检反转分=12
2026-07-24 08:06:04 - INFO - [指标参数] RSI(6,12,24) MACD(12,26,9) KDJ(9,3,3) BOLL(20,2.0) ATR(14) ADX(14) MA(5,10,20,60)
2026-07-24 08:06:05 - INFO - [状态台账] 已与当前券商持仓核验一致，直接恢复持仓风险状态
2026-07-24 08:06:05 - INFO - [PTrade框架g] 状态=未提供 代次=不适用 原因=未发现持久状态元数据
2026-07-24 08:06:05 - INFO - [连续状态恢复] 来源=状态台账 代次=18
2026-07-24 08:06:05 - INFO - [持仓风险恢复] 来源=状态台账
2026-07-24 08:06:05 - INFO - [持仓风险恢复] 代码=159985.SZ 数量=2000 成本=2.155300 买入日期=2026-07-07 ATR=0.029500 持仓最高收盘价=2.243000 状态=已验证 来源=状态台账
2026-07-24 08:06:05 - INFO - [持仓风险恢复] 代码=513500.SS 数量=4200 成本=2.561100 买入日期=2026-07-16 ATR=0.025429 持仓最高收盘价=2.577000 状态=已验证 来源=状态台账
2026-07-24 09:35:00 - INFO - [cross-v0.3.2] 执行日期=2026-07-24 信号日期=2026-07-23 是否调仓=是
2026-07-24 09:35:00 - INFO - [候选排名]
2026-07-24 09:35:00 - INFO -   159985.SZ 买入评分=47 反转评分=23 位置评分=0 趋势评分=20 量能评分=4 卖出评分=0 收盘价=2.243 RSI[6/12/24]=70.5/67.1/62.3 MACD[DIF/DEA/HIST]=0.0432/0.0351/0.0163 KDJ[K/D/J]=70.4/65.6/79.9 BOLL[U/M/L]=2.296/2.131/1.967 MA[5/10/20/60]=2.191/2.189/2.131/2.092 VOL[5/20]=260749566/224975731 ATR14=0.0666 DMI[+DI/-DI/ADX]=37.6/20.4/43.3 RSI_DIFF[6-12/6-24]=3.5/8.2(前值 1.0/4.6) MACD_DIFF[DIF-DEA]=0.0081(前值 0.0068) KDJ_DIFF[K-D/J-D]=4.7/14.2(前值 -0.7/-2.0)
2026-07-24 09:35:01 - INFO -   518880.SS 买入评分=45 反转评分=35 位置评分=15 趋势评分=-9 量能评分=4 卖出评分=0 收盘价=8.560 RSI[6/12/24]=66.4/50.8/43.7 MACD[DIF/DEA/HIST]=-0.1068/-0.1478/0.0821 KDJ[K/D/J]=62.9/46.5/95.7 BOLL[U/M/L]=8.698/8.464/8.230 MA[5/10/20/60]=8.443/8.428/8.464/9.015 VOL[5/20]=365417698/323023463 ATR14=0.0971 DMI[+DI/-DI/ADX]=19.3/28.4/13.1 RSI_DIFF[6-12/6-24]=15.6/22.7(前值 15.6/22.7) MACD_DIFF[DIF-DEA]=0.0410(前值 0.0337) KDJ_DIFF[K-D/J-D]=16.4/49.3(前值 13.6/40.9)
2026-07-24 09:35:02 - INFO -   159928.SZ 买入评分=31 反转评分=0 位置评分=7 趋势评分=20 量能评分=4 卖出评分=11 收盘价=0.670 RSI[6/12/24]=65.1/60.8/52.8 MACD[DIF/DEA/HIST]=0.0058/-0.0008/0.0133 KDJ[K/D/J]=80.1/80.6/78.9 BOLL[U/M/L]=0.683/0.640/0.597 MA[5/10/20/60]=0.668/0.656/0.640/0.668 VOL[5/20]=701357164/582115723 ATR14=0.0169 DMI[+DI/-DI/ADX]=28.9/8.5/41.2 RSI_DIFF[6-12/6-24]=4.3/12.2(前值 6.4/15.3) MACD_DIFF[DIF-DEA]=0.0067(前值 0.0073) KDJ_DIFF[K-D/J-D]=-0.6/-1.7(前值 1.9/5.7)
2026-07-24 09:35:05 - INFO -   513880.SS 买入评分=29 反转评分=23 位置评分=17 趋势评分=-15 量能评分=4 卖出评分=10 收盘价=2.091 RSI[6/12/24]=43.9/43.5/47.9 MACD[DIF/DEA/HIST]=-0.0351/-0.0131/-0.0441 KDJ[K/D/J]=31.5/23.7/47.2 BOLL[U/M/L]=2.401/2.192/1.984 MA[5/10/20/60]=2.054/2.111/2.192/2.120 VOL[5/20]=177273772/143944003 ATR14=0.0695 DMI[+DI/-DI/ADX]=20.7/29.9/31.2 RSI_DIFF[6-12/6-24]=0.4/-4.0(前值 -2.2/-7.8) MACD_DIFF[DIF-DEA]=-0.0220(前值 -0.0271) KDJ_DIFF[K-D/J-D]=7.8/23.5(前值 4.3/12.8)
2026-07-24 09:35:06 - INFO -   513050.SS 买入评分=28 反转评分=0 位置评分=7 趋势评分=17 量能评分=4 卖出评分=24 收盘价=1.095 RSI[6/12/24]=49.6/52.6/49.7 MACD[DIF/DEA/HIST]=0.0119/0.0046/0.0145 KDJ[K/D/J]=48.5/62.0/21.5 BOLL[U/M/L]=1.182/1.060/0.938 MA[5/10/20/60]=1.109/1.107/1.060/1.109 VOL[5/20]=3159327420/2986042364 ATR14=0.0434 DMI[+DI/-DI/ADX]=35.7/23.0/39.4 RSI_DIFF[6-12/6-24]=-3.0/-0.1(前值 -5.5/-3.6) MACD_DIFF[DIF-DEA]=0.0073(前值 0.0099) KDJ_DIFF[K-D/J-D]=-13.5/-40.5(前值 -12.8/-38.5)
2026-07-24 09:35:07 - INFO - [上穿信号] 数量=5
2026-07-24 09:35:07 - INFO -   518880.SS 反转评分=35 买入评分=45 卖出评分=0 RSI12上穿=是 RSI24上穿=是 MACD上穿=否 KDJ_K上穿=是 KDJ_J上穿=是 RSI12下穿=否 RSI24下穿=否 MACD下穿=否 KDJ_K下穿=否 KDJ_J下穿=否 RSI[6/12/24]=66.4/50.8/43.7 MACD[DIF/DEA/HIST]=-0.1068/-0.1478/0.0821 KDJ[K/D/J]=62.9/46.5/95.7 BOLL[U/M/L]=8.698/8.464/8.230 MA[5/10/20/60]=8.443/8.428/8.464/9.015 VOL[5/20]=365417698/323023463 ATR14=0.0971 DMI[+DI/-DI/ADX]=19.3/28.4/13.1 RSI_DIFF[6-12/6-24]=15.6/22.7(前值 15.6/22.7) MACD_DIFF[DIF-DEA]=0.0410(前值 0.0337) KDJ_DIFF[K-D/J-D]=16.4/49.3(前值 13.6/40.9)
2026-07-24 09:35:07 - INFO -   159985.SZ 反转评分=23 买入评分=47 卖出评分=0 RSI12上穿=是 RSI24上穿=否 MACD上穿=否 KDJ_K上穿=是 KDJ_J上穿=是 RSI12下穿=否 RSI24下穿=否 MACD下穿=否 KDJ_K下穿=否 KDJ_J下穿=否 RSI[6/12/24]=70.5/67.1/62.3 MACD[DIF/DEA/HIST]=0.0432/0.0351/0.0163 KDJ[K/D/J]=70.4/65.6/79.9 BOLL[U/M/L]=2.296/2.131/1.967 MA[5/10/20/60]=2.191/2.189/2.131/2.092 VOL[5/20]=260749566/224975731 ATR14=0.0666 DMI[+DI/-DI/ADX]=37.6/20.4/43.3 RSI_DIFF[6-12/6-24]=3.5/8.2(前值 1.0/4.6) MACD_DIFF[DIF-DEA]=0.0081(前值 0.0068) KDJ_DIFF[K-D/J-D]=4.7/14.2(前值 -0.7/-2.0)
2026-07-24 09:35:07 - INFO -   513880.SS 反转评分=23 买入评分=29 卖出评分=10 RSI12上穿=是 RSI24上穿=否 MACD上穿=否 KDJ_K上穿=是 KDJ_J上穿=是 RSI12下穿=否 RSI24下穿=否 MACD下穿=否 KDJ_K下穿=否 KDJ_J下穿=否 RSI[6/12/24]=43.9/43.5/47.9 MACD[DIF/DEA/HIST]=-0.0351/-0.0131/-0.0441 KDJ[K/D/J]=31.5/23.7/47.2 BOLL[U/M/L]=2.401/2.192/1.984 MA[5/10/20/60]=2.054/2.111/2.192/2.120 VOL[5/20]=177273772/143944003 ATR14=0.0695 DMI[+DI/-DI/ADX]=20.7/29.9/31.2 RSI_DIFF[6-12/6-24]=0.4/-4.0(前值 -2.2/-7.8) MACD_DIFF[DIF-DEA]=-0.0220(前值 -0.0271) KDJ_DIFF[K-D/J-D]=7.8/23.5(前值 4.3/12.8)
2026-07-24 09:35:07 - INFO -   159915.SZ 反转评分=11 买入评分=10 卖出评分=34 RSI12上穿=否 RSI24上穿=否 MACD上穿=否 KDJ_K上穿=是 KDJ_J上穿=是 RSI12下穿=是 RSI24下穿=是 MACD下穿=否 KDJ_K下穿=否 KDJ_J下穿=否 RSI[6/12/24]=39.6/39.9/43.7 MACD[DIF/DEA/HIST]=-0.1273/-0.0869/-0.0807 KDJ[K/D/J]=32.8/26.5/45.4 BOLL[U/M/L]=4.412/3.892/3.371 MA[5/10/20/60]=3.566/3.686/3.892/3.952 VOL[5/20]=3727043460/2175641006 ATR14=0.1816 DMI[+DI/-DI/ADX]=12.7/33.4/37.3 RSI_DIFF[6-12/6-24]=-0.2/-4.1(前值 -0.8/-4.8) MACD_DIFF[DIF-DEA]=-0.0404(前值 -0.0477) KDJ_DIFF[K-D/J-D]=6.3/18.9(前值 4.8/14.4)
2026-07-24 09:35:07 - INFO -   512100.SS 反转评分=11 买入评分=10 卖出评分=10 RSI12上穿=否 RSI24上穿=否 MACD上穿=否 KDJ_K上穿=是 KDJ_J上穿=是 RSI12下穿=否 RSI24下穿=否 MACD下穿=否 KDJ_K下穿=否 KDJ_J下穿=否 RSI[6/12/24]=31.4/31.4/36.3 MACD[DIF/DEA/HIST]=-0.1459/-0.1000/-0.0918 KDJ[K/D/J]=24.0/18.9/34.1 BOLL[U/M/L]=3.748/3.247/2.747 MA[5/10/20/60]=2.893/3.040/3.247/3.381 VOL[5/20]=2629829246/1585751559 ATR14=0.1248 DMI[+DI/-DI/ADX]=5.6/59.9/55.3 RSI_DIFF[6-12/6-24]=-0.0/-4.9(前值 -1.9/-7.7) MACD_DIFF[DIF-DEA]=-0.0459(前值 -0.0537) KDJ_DIFF[K-D/J-D]=5.0/15.1(前值 3.2/9.5)
2026-07-24 09:35:07 - INFO - [宽松反转] 数量=9
2026-07-24 09:35:07 - INFO -   159985.SZ 宽松反转数=3 买入评分=47 反转评分=23 RSI转强=True RSI变化=5.71 MACD转强=True DIF变化=0.0034 KDJ转强=True K值变化=7.78 J值变化=18.60 RSI[6/12/24]=70.5/67.1/62.3 MACD[DIF/DEA/HIST]=0.0432/0.0351/0.0163 KDJ[K/D/J]=70.4/65.6/79.9 BOLL[U/M/L]=2.296/2.131/1.967 MA[5/10/20/60]=2.191/2.189/2.131/2.092 VOL[5/20]=260749566/224975731 ATR14=0.0666 DMI[+DI/-DI/ADX]=37.6/20.4/43.3 RSI_DIFF[6-12/6-24]=3.5/8.2(前值 1.0/4.6) MACD_DIFF[DIF-DEA]=0.0081(前值 0.0068) KDJ_DIFF[K-D/J-D]=4.7/14.2(前值 -0.7/-2.0)
2026-07-24 09:35:07 - INFO -   518880.SS 宽松反转数=2 买入评分=45 反转评分=35 RSI转强=False RSI变化=0.00 MACD转强=True DIF变化=0.0176 KDJ转强=True K值变化=11.01 J值变化=16.61 RSI[6/12/24]=66.4/50.8/43.7 MACD[DIF/DEA/HIST]=-0.1068/-0.1478/0.0821 KDJ[K/D/J]=62.9/46.5/95.7 BOLL[U/M/L]=8.698/8.464/8.230 MA[5/10/20/60]=8.443/8.428/8.464/9.015 VOL[5/20]=365417698/323023463 ATR14=0.0971 DMI[+DI/-DI/ADX]=19.3/28.4/13.1 RSI_DIFF[6-12/6-24]=15.6/22.7(前值 15.6/22.7) MACD_DIFF[DIF-DEA]=0.0410(前值 0.0337) KDJ_DIFF[K-D/J-D]=16.4/49.3(前值 13.6/40.9)
2026-07-24 09:35:07 - INFO -   513880.SS 宽松反转数=2 买入评分=29 反转评分=23 RSI转强=True RSI变化=4.83 MACD转强=False DIF变化=-0.0005 KDJ转强=True K值变化=7.47 J值变化=14.59 RSI[6/12/24]=43.9/43.5/47.9 MACD[DIF/DEA/HIST]=-0.0351/-0.0131/-0.0441 KDJ[K/D/J]=31.5/23.7/47.2 BOLL[U/M/L]=2.401/2.192/1.984 MA[5/10/20/60]=2.054/2.111/2.192/2.120 VOL[5/20]=177273772/143944003 ATR14=0.0695 DMI[+DI/-DI/ADX]=20.7/29.9/31.2 RSI_DIFF[6-12/6-24]=0.4/-4.0(前值 -2.2/-7.8) MACD_DIFF[DIF-DEA]=-0.0220(前值 -0.0271) KDJ_DIFF[K-D/J-D]=7.8/23.5(前值 4.3/12.8)
2026-07-24 09:35:07 - INFO -   513500.SS 宽松反转数=2 买入评分=28 反转评分=0 RSI转强=True RSI变化=0.51 MACD转强=False DIF变化=-0.0002 KDJ转强=True K值变化=-1.10 J值变化=4.97 RSI[6/12/24]=49.9/50.5/52.1 MACD[DIF/DEA/HIST]=0.0030/0.0038/-0.0015 KDJ[K/D/J]=39.7/47.9/23.2 BOLL[U/M/L]=2.567/2.514/2.461 MA[5/10/20/60]=2.515/2.530/2.514/2.511 VOL[5/20]=163409326/153064567 ATR14=0.0291 DMI[+DI/-DI/ADX]=27.9/22.1/28.5 RSI_DIFF[6-12/6-24]=-0.6/-2.2(前值 -0.8/-2.6) MACD_DIFF[DIF-DEA]=-0.0008(前值 -0.0007) KDJ_DIFF[K-D/J-D]=-8.3/-24.8(前值 -11.3/-33.9)
2026-07-24 09:35:07 - INFO -   159915.SZ 宽松反转数=2 买入评分=10 反转评分=11 RSI转强=True RSI变化=1.04 MACD转强=False DIF变化=-0.0028 KDJ转强=True K值变化=4.67 J值变化=7.69 RSI[6/12/24]=39.6/39.9/43.7 MACD[DIF/DEA/HIST]=-0.1273/-0.0869/-0.0807 KDJ[K/D/J]=32.8/26.5/45.4 BOLL[U/M/L]=4.412/3.892/3.371 MA[5/10/20/60]=3.566/3.686/3.892/3.952 VOL[5/20]=3727043460/2175641006 ATR14=0.1816 DMI[+DI/-DI/ADX]=12.7/33.4/37.3 RSI_DIFF[6-12/6-24]=-0.2/-4.1(前值 -0.8/-4.8) MACD_DIFF[DIF-DEA]=-0.0404(前值 -0.0477) KDJ_DIFF[K-D/J-D]=6.3/18.9(前值 4.8/14.4)
2026-07-24 09:35:07 - INFO - [cross-v0.3.2] 没有达到阈值的买入候选
2026-07-24 10:35:00 - INFO - [cross-v0.3.2] 没有达到阈值的买入候选
2026-07-24 15:30:00 - INFO - [盘后委托核对] 未发现未完成委托
2026-07-24 15:30:00 - INFO - ============================================================
2026-07-24 15:30:01 - INFO - [cross-v0.3.2 收盘] 总资产=17787.96 可用资金=2682.76 持仓数=2/3
2026-07-24 15:30:01 - INFO -   159985.SZ 成本价=2.155 当前价=2.290 持仓最高收盘价=2.290 收益率=6.2% 买入评分=47 卖出评分=0 止损价=2.175
2026-07-24 15:30:02 - INFO -   513500.SS 成本价=2.561 当前价=2.506 持仓最高收盘价=2.577 收益率=-2.2% 买入评分=28 卖出评分=0 止损价=2.448
2026-07-24 15:30:03 - INFO - ============================================================
2026-07-27 03:23:26 - INFO - [cross-v0.3.2] 初始化完成: 最大持仓=3 基础仓位比例=0.95 普通信号最短持有=5
2026-07-27 03:23:26 - INFO - [发布指纹] 构建=20260727.5 业务配置=1506a0e834fe 状态结构=6
2026-07-27 03:23:26 - INFO - [cross-v0.3.2] 位置差值上穿已启用 | 自检=通过 预期=通过 | 自检反转分=12
2026-07-27 03:23:26 - INFO - [指标参数] RSI(6,12,24) MACD(12,26,9) KDJ(9,3,3) BOLL(20,2.0) ATR(14) ADX(14) MA(5,10,20,60)
2026-07-27 03:23:27 - INFO - [成交查询] 当前策略成交记录数=0
2026-07-27 03:23:27 - INFO - [状态恢复] 交割记录数=126 查询范围=20100101~20260724
2026-07-27 03:23:27 - INFO - [状态恢复] 159985.SZ已依据券商事实接管: 买入日期=2026-07-07 信号日期=2026-07-06 ATR=0.029500 持仓最高收盘价=2.290000 成本=2.155300
2026-07-27 03:23:27 - INFO - [状态恢复] 513500.SS已依据券商事实接管: 买入日期=2026-07-16 信号日期=2026-07-15 ATR=0.025429 持仓最高收盘价=2.577000 成本=2.561100
2026-07-27 03:23:27 - INFO - [盘前收盘确认] 159985.SZ 区间=2026-07-24~2026-07-24 交易日数=1 零成交量日数=0 确认前最高收盘价=2.290000 已确认最高收盘价=2.290000
2026-07-27 03:23:27 - INFO - [盘前收盘确认] 513500.SS 区间=2026-07-24~2026-07-24 交易日数=1 零成交量日数=0 确认前最高收盘价=2.577000 已确认最高收盘价=2.577000
2026-07-27 03:23:27 - INFO - [PTrade框架g] 状态=未提供 代次=不适用 原因=未发现持久状态元数据
2026-07-27 03:23:27 - INFO - [连续状态恢复] 来源=无 代次=不适用
2026-07-27 03:23:27 - INFO - [持仓风险恢复] 来源=账户接管:交割单
2026-07-27 03:23:27 - INFO - [持仓风险恢复] 代码=159985.SZ 数量=2000 成本=2.155300 买入日期=2026-07-07 ATR=0.029500 持仓最高收盘价=2.290000 状态=已验证 来源=账户接管:交割单
2026-07-27 03:23:27 - INFO - [持仓风险恢复] 代码=513500.SS 数量=4200 成本=2.561100 买入日期=2026-07-16 ATR=0.025429 持仓最高收盘价=2.577000 状态=已验证 来源=账户接管:交割单
2026-07-27 09:35:00 - INFO - [交易日开始] 执行日期=2026-07-27 信号日期=2026-07-24 策略=cross-v0.3.2 是否调仓=是
2026-07-27 09:35:00 - INFO - [阶段1/5][风险检查] 检查当前持仓ATR止损
2026-07-27 09:35:00 - INFO - [阶段2/5][全池评分] ETF总数=9 停牌跳过=0
2026-07-27 09:35:00 - INFO - [阶段3/5][信号摘要] 有效评分=9
2026-07-27 09:35:00 - INFO - [候选#1] 代码=159985.SZ 买入评分=53 反转评分=23 位置评分=0 趋势评分=20 量能评分=10 卖出评分=0 收盘价=2.290
2026-07-27 09:35:00 - DEBUG - [指标明细][候选#1][159985.SZ] RSI[6/12/24]=77.4/71.4/65.3 MACD[DIF/DEA/HIST]=0.0492/0.0379/0.0225 KDJ[K/D/J]=76.0/69.1/89.8 BOLL[U/M/L]=2.314/2.146/1.977 MA[5/10/20/60]=2.225/2.203/2.146/2.094 VOL[5/20]=255023104/238270835 ATR14=0.0681 DMI[+DI/-DI/ADX]=36.3/19.3/43.1 RSI_DIFF[6-12/6-24]=6.0/12.1(前值 3.5/8.2) MACD_DIFF[DIF-DEA]=0.0113(前值 0.0081) KDJ_DIFF[K-D/J-D]=6.9/20.7(前值 4.7/14.2)
2026-07-27 09:35:00 - INFO - [候选#2] 代码=159928.SZ 买入评分=28 反转评分=0 位置评分=7 趋势评分=17 量能评分=4 卖出评分=23 收盘价=0.656
2026-07-27 09:35:00 - DEBUG - [指标明细][候选#2][159928.SZ] RSI[6/12/24]=49.3/53.0/49.1 MACD[DIF/DEA/HIST]=0.0054/0.0004/0.0100 KDJ[K/D/J]=70.1/77.1/55.9 BOLL[U/M/L]=0.683/0.642/0.602 MA[5/10/20/60]=0.669/0.658/0.642/0.667 VOL[5/20]=664962982/583435291 ATR14=0.0168 DMI[+DI/-DI/ADX]=25.6/10.2/43.2 RSI_DIFF[6-12/6-24]=-3.7/0.2(前值 4.3/12.2) MACD_DIFF[DIF-DEA]=0.0050(前值 0.0067) KDJ_DIFF[K-D/J-D]=-7.1/-21.2(前值 -0.6/-1.7)
2026-07-27 09:35:01 - INFO - [候选#3] 代码=513050.SS 买入评分=28 反转评分=0 位置评分=17 趋势评分=11 量能评分=0 卖出评分=34 收盘价=1.063
2026-07-27 09:35:01 - DEBUG - [指标明细][候选#3][513050.SS] RSI[6/12/24]=39.3/46.5/46.4 MACD[DIF/DEA/HIST]=0.0085/0.0054/0.0062 KDJ[K/D/J]=33.0/52.3/-5.7 BOLL[U/M/L]=1.174/1.066/0.958 MA[5/10/20/60]=1.102/1.104/1.066/1.107 VOL[5/20]=2720601180/2975900709 ATR14=0.0426 DMI[+DI/-DI/ADX]=32.4/24.5/38.2 RSI_DIFF[6-12/6-24]=-7.1/-7.1(前值 -3.0/-0.0) MACD_DIFF[DIF-DEA]=0.0031(前值 0.0073) KDJ_DIFF[K-D/J-D]=-19.3/-58.0(前值 -13.5/-40.5)
2026-07-27 09:35:01 - INFO - [候选#4] 代码=518880.SS 买入评分=12 反转评分=0 位置评分=17 趋势评分=-9 量能评分=4 卖出评分=22 收盘价=8.385
2026-07-27 09:35:01 - DEBUG - [指标明细][候选#4][518880.SS] RSI[6/12/24]=40.8/41.4/40.2 MACD[DIF/DEA/HIST]=-0.1057/-0.1394/0.0674 KDJ[K/D/J]=53.9/49.0/63.9 BOLL[U/M/L]=8.698/8.464/8.229 MA[5/10/20/60]=8.458/8.413/8.464/8.990 VOL[5/20]=382449706/322264930 ATR14=0.1029 DMI[+DI/-DI/ADX]=19.8/38.4/14.1 RSI_DIFF[6-12/6-24]=-0.6/0.7(前值 15.6/22.7) MACD_DIFF[DIF-DEA]=0.0337(前值 0.0410) KDJ_DIFF[K-D/J-D]=5.0/14.9(前值 16.4/49.3)
2026-07-27 09:35:01 - INFO - [候选#5] 代码=513500.SS 买入评分=8 反转评分=0 位置评分=17 趋势评分=-9 量能评分=0 卖出评分=10 收盘价=2.506
2026-07-27 09:35:01 - DEBUG - [指标明细][候选#5][513500.SS] RSI[6/12/24]=40.9/46.2/50.1 MACD[DIF/DEA/HIST]=0.0013/0.0033/-0.0039 KDJ[K/D/J]=32.1/42.7/11.1 BOLL[U/M/L]=2.566/2.515/2.464 MA[5/10/20/60]=2.515/2.528/2.515/2.513 VOL[5/20]=145479596/150298803 ATR14=0.0300 DMI[+DI/-DI/ADX]=27.2/27.0/24.9 RSI_DIFF[6-12/6-24]=-5.3/-9.1(前值 -0.6/-2.3) MACD_DIFF[DIF-DEA]=-0.0019(前值 -0.0008) KDJ_DIFF[K-D/J-D]=-10.5/-31.6(前值 -8.3/-24.8)
2026-07-27 09:35:01 - INFO - [上穿信号] 数量=1
2026-07-27 09:35:01 - INFO - [上穿#1] 代码=159985.SZ 反转评分=23 买入评分=53 卖出评分=0 上穿=RSI12,KDJ_K,KDJ_J 下穿=无
2026-07-27 09:35:01 - DEBUG - [指标明细][上穿#1][159985.SZ] RSI12上穿=是 RSI24上穿=否 MACD上穿=否 KDJ_K上穿=是 KDJ_J上穿=是 RSI12下穿=否 RSI24下穿=否 MACD下穿=否 KDJ_K下穿=否 KDJ_J下穿=否 RSI[6/12/24]=77.4/71.4/65.3 MACD[DIF/DEA/HIST]=0.0492/0.0379/0.0225 KDJ[K/D/J]=76.0/69.1/89.8 BOLL[U/M/L]=2.314/2.146/1.977 MA[5/10/20/60]=2.225/2.203/2.146/2.094 VOL[5/20]=255023104/238270835 ATR14=0.0681 DMI[+DI/-DI/ADX]=36.3/19.3/43.1 RSI_DIFF[6-12/6-24]=6.0/12.1(前值 3.5/8.2) MACD_DIFF[DIF-DEA]=0.0113(前值 0.0081) KDJ_DIFF[K-D/J-D]=6.9/20.7(前值 4.7/14.2)
2026-07-27 09:35:01 - INFO - [宽松反转] 数量=2
2026-07-27 09:35:01 - INFO - [宽松反转#1] 代码=159985.SZ 转强数=3 买入评分=53 反转评分=23 转强=RSI,MACD,KDJ
2026-07-27 09:35:01 - DEBUG - [指标明细][宽松反转#1][159985.SZ] RSI转强=True RSI变化=6.89 MACD转强=True DIF变化=0.0059 KDJ转强=True K值变化=5.61 J值变化=9.93 RSI[6/12/24]=77.4/71.4/65.3 MACD[DIF/DEA/HIST]=0.0492/0.0379/0.0225 KDJ[K/D/J]=76.0/69.1/89.8 BOLL[U/M/L]=2.314/2.146/1.977 MA[5/10/20/60]=2.225/2.203/2.146/2.094 VOL[5/20]=255023104/238270835 ATR14=0.0681 DMI[+DI/-DI/ADX]=36.3/19.3/43.1 RSI_DIFF[6-12/6-24]=6.0/12.1(前值 3.5/8.2) MACD_DIFF[DIF-DEA]=0.0113(前值 0.0081) KDJ_DIFF[K-D/J-D]=6.9/20.7(前值 4.7/14.2)
2026-07-27 09:35:01 - INFO - [宽松反转#2] 代码=518880.SS 转强数=1 买入评分=12 反转评分=0 转强=MACD
2026-07-27 09:35:01 - DEBUG - [指标明细][宽松反转#2][518880.SS] RSI转强=False RSI变化=-25.56 MACD转强=True DIF变化=0.0011 KDJ转强=False K值变化=-8.95 J值变化=-31.84 RSI[6/12/24]=40.8/41.4/40.2 MACD[DIF/DEA/HIST]=-0.1057/-0.1394/0.0674 KDJ[K/D/J]=53.9/49.0/63.9 BOLL[U/M/L]=8.698/8.464/8.229 MA[5/10/20/60]=8.458/8.413/8.464/8.990 VOL[5/20]=382449706/322264930 ATR14=0.1029 DMI[+DI/-DI/ADX]=19.8/38.4/14.1 RSI_DIFF[6-12/6-24]=-0.6/0.7(前值 15.6/22.7) MACD_DIFF[DIF-DEA]=0.0337(前值 0.0410) KDJ_DIFF[K-D/J-D]=5.0/14.9(前值 16.4/49.3)
2026-07-27 09:35:01 - INFO - [阶段4/5][卖出评估] 当前持仓=2
2026-07-27 09:35:01 - INFO - [阶段5/5][买入评估] 使用冻结候选执行买入筛选
2026-07-27 09:35:01 - INFO - [cross-v0.3.2] 没有达到阈值的买入候选
2026-07-27 09:35:01 - INFO - [买入筛选汇总] 来源=09:35主流程 总数=9 通过=0 评分不足=9 已有持仓或待买=2 卖出风险过高=2 缺少新鲜低位=1 冲突组合=0 禁止买入=0 当日已卖出=0 当日买入失败=0
2026-07-27 09:35:01 - DEBUG - [买入筛选明细] 来源=09:35主流程 代码=159985.SZ 买入评分=53 卖出评分=0 原因=评分不足(53<60),缺少新鲜低位,已有持仓或待买
2026-07-27 09:35:01 - DEBUG - [买入筛选明细] 来源=09:35主流程 代码=159928.SZ 买入评分=28 卖出评分=23 原因=评分不足(28<60)
2026-07-27 09:35:01 - DEBUG - [买入筛选明细] 来源=09:35主流程 代码=513050.SS 买入评分=28 卖出评分=34 原因=评分不足(28<60),卖出风险过高(34>=30)
2026-07-27 09:35:01 - DEBUG - [买入筛选明细] 来源=09:35主流程 代码=518880.SS 买入评分=12 卖出评分=22 原因=评分不足(12<60)
2026-07-27 09:35:01 - DEBUG - [买入筛选明细] 来源=09:35主流程 代码=513500.SS 买入评分=8 卖出评分=10 原因=评分不足(8<60),已有持仓或待买
2026-07-27 09:35:01 - DEBUG - [买入筛选明细] 来源=09:35主流程 代码=513100.SS 买入评分=2 卖出评分=10 原因=评分不足(2<60)
2026-07-27 09:35:01 - DEBUG - [买入筛选明细] 来源=09:35主流程 代码=159915.SZ 买入评分=0 卖出评分=34 原因=评分不足(0<60),卖出风险过高(34>=30)
2026-07-27 09:35:01 - DEBUG - [买入筛选明细] 来源=09:35主流程 代码=512100.SS 买入评分=0 卖出评分=10 原因=评分不足(0<60)
2026-07-27 09:35:01 - DEBUG - [买入筛选明细] 来源=09:35主流程 代码=513880.SS 买入评分=0 卖出评分=22 原因=评分不足(0<60)
2026-07-27 09:35:01 - INFO - [交易日汇总] 有效评分=9 上穿标的=1 宽松反转标的=2 ATR止损触发=0 新提交卖单=0 新提交买单=0 待卖委托=0 待买委托=0 延后买入=否
2026-07-27 09:35:01 - INFO - [交易日结束] 执行日期=2026-07-27
2026-07-27 10:35:00 - INFO - [cross-v0.3.2] 没有达到阈值的买入候选
2026-07-27 10:35:00 - INFO - [买入筛选汇总] 来源=10:35复牌/卖单补偿 总数=9 通过=0 评分不足=9 已有持仓或待买=2 卖出风险过高=2 缺少新鲜低位=1 冲突组合=0 禁止买入=0 当日已卖出=0 当日买入失败=0
2026-07-27 10:35:00 - DEBUG - [买入筛选明细] 来源=10:35复牌/卖单补偿 代码=159985.SZ 买入评分=53 卖出评分=0 原因=评分不足(53<60),缺少新鲜低位,已有持仓或待买
2026-07-27 10:35:00 - DEBUG - [买入筛选明细] 来源=10:35复牌/卖单补偿 代码=159928.SZ 买入评分=28 卖出评分=23 原因=评分不足(28<60)
2026-07-27 10:35:00 - DEBUG - [买入筛选明细] 来源=10:35复牌/卖单补偿 代码=513050.SS 买入评分=28 卖出评分=34 原因=评分不足(28<60),卖出风险过高(34>=30)
2026-07-27 10:35:00 - DEBUG - [买入筛选明细] 来源=10:35复牌/卖单补偿 代码=518880.SS 买入评分=12 卖出评分=22 原因=评分不足(12<60)
2026-07-27 10:35:00 - DEBUG - [买入筛选明细] 来源=10:35复牌/卖单补偿 代码=513500.SS 买入评分=8 卖出评分=10 原因=评分不足(8<60),已有持仓或待买
2026-07-27 10:35:00 - DEBUG - [买入筛选明细] 来源=10:35复牌/卖单补偿 代码=513100.SS 买入评分=2 卖出评分=10 原因=评分不足(2<60)
2026-07-27 10:35:00 - DEBUG - [买入筛选明细] 来源=10:35复牌/卖单补偿 代码=159915.SZ 买入评分=0 卖出评分=34 原因=评分不足(0<60),卖出风险过高(34>=30)
2026-07-27 10:35:00 - DEBUG - [买入筛选明细] 来源=10:35复牌/卖单补偿 代码=512100.SS 买入评分=0 卖出评分=10 原因=评分不足(0<60)
2026-07-27 10:35:00 - DEBUG - [买入筛选明细] 来源=10:35复牌/卖单补偿 代码=513880.SS 买入评分=0 卖出评分=22 原因=评分不足(0<60)
2026-07-27 15:30:00 - INFO - [盘后委托核对] 未发现未完成委托
2026-07-27 15:30:00 - INFO - [订单生命周期汇总] 来源=盘后 待买委托=0 待卖委托=0 延后买入=否 委托状态未知=否
2026-07-27 15:30:00 - INFO - ============================================================
2026-07-27 15:30:01 - INFO - [cross-v0.3.2 收盘] 总资产=17774.76 可用资金=682.76 持仓数=2/3
2026-07-27 15:30:02 - INFO - [盘后观察] 159985.SZ 成本价=2.155 盘后观察价=2.254 临时最高收盘价=2.290 收益率=4.6% 买入评分=53 卖出评分=0 止损价=2.175；已写入临时风险状态，次日盘前确认并用最终T-1日线纠正
2026-07-27 15:30:02 - INFO - [盘后观察] 513500.SS 成本价=2.561 盘后观察价=2.520 临时最高收盘价=2.577 收益率=-1.6% 买入评分=8 卖出评分=10 止损价=2.448；已写入临时风险状态，次日盘前确认并用最终T-1日线纠正
2026-07-27 15:30:03 - INFO - ============================================================
2026-07-28 01:35:21 - INFO - [cross-v0.3.2] 初始化完成: 最大持仓=3 基础仓位比例=0.95 普通信号最短持有=5
2026-07-28 01:35:21 - INFO - [发布指纹] 构建=20260727.6 业务配置=1506a0e834fe 状态结构=6
2026-07-28 01:35:21 - INFO - [cross-v0.3.2] 位置差值上穿已启用 | 自检=通过 预期=通过 | 自检反转分=12
2026-07-28 01:35:21 - INFO - [指标参数] RSI(6,12,24) MACD(12,26,9) KDJ(9,3,3) BOLL(20,2.0) ATR(14) ADX(14) MA(5,10,20,60)
2026-07-28 01:35:22 - INFO - [状态台账] 已与当前券商持仓核验一致，直接恢复持仓风险状态
2026-07-28 01:35:22 - INFO - [盘前收盘确认] 159985.SZ 区间=2026-07-27~2026-07-27 交易日数=1 零成交量日数=0 确认前最高收盘价=2.290000 已确认最高收盘价=2.290000
2026-07-28 01:35:22 - INFO - [盘前收盘确认] 513500.SS 区间=2026-07-27~2026-07-27 交易日数=1 零成交量日数=0 确认前最高收盘价=2.577000 已确认最高收盘价=2.577000
2026-07-28 01:35:22 - INFO - [PTrade框架g] 状态=未提供 代次=不适用 原因=未发现持久状态元数据
2026-07-28 01:35:22 - INFO - [连续状态恢复] 来源=状态台账 代次=3
2026-07-28 01:35:22 - INFO - [持仓风险恢复] 来源=状态台账
2026-07-28 01:35:22 - INFO - [持仓风险恢复] 代码=159985.SZ 数量=2000 成本=2.155300 买入日期=2026-07-07 ATR=0.029500 持仓最高收盘价=2.290000 状态=已验证 来源=状态台账
2026-07-28 01:35:22 - INFO - [持仓风险恢复] 代码=513500.SS 数量=4200 成本=2.561100 买入日期=2026-07-16 ATR=0.025429 持仓最高收盘价=2.577000 状态=已验证 来源=状态台账
2026-07-28 09:35:00 - INFO - [交易日开始] 执行日期=2026-07-28 信号日期=2026-07-27 策略=cross-v0.3.2 是否调仓=是
2026-07-28 09:35:00 - INFO - [阶段1/5][风险检查] 检查当前持仓ATR止损
2026-07-28 09:35:01 - INFO - [阶段2/5][全池评分] ETF总数=9 停牌跳过=1
2026-07-28 09:35:02 - INFO - [评分跳过汇总] 停牌=1
2026-07-28 09:35:03 - INFO - [阶段3/5][信号摘要] 有效评分=8
2026-07-28 09:35:03 - INFO - [候选#1] 代码=518880.SS 买入评分=42 反转评分=12 位置评分=15 趋势评分=11 量能评分=4 卖出评分=0 收盘价=8.502
2026-07-28 09:35:03 - DEBUG - [指标明细][候选#1][518880.SS] RSI[6/12/24]=54.8/48.4/43.3 MACD[DIF/DEA/HIST]=-0.0944/-0.1305/0.0721 KDJ[K/D/J]=58.9/52.3/72.1 BOLL[U/M/L]=8.701/8.466/8.232 MA[5/10/20/60]=8.495/8.421/8.466/8.970 VOL[5/20]=393652254/318109862 ATR14=0.1083 DMI[+DI/-DI/ADX]=26.4/36.1/13.7 RSI_DIFF[6-12/6-24]=6.4/11.5(前值 -0.6/0.7) MACD_DIFF[DIF-DEA]=0.0361(前值 0.0337) KDJ_DIFF[K-D/J-D]=6.6/19.8(前值 5.0/14.9)
2026-07-28 09:35:03 - INFO - [候选#2] 代码=159985.SZ 买入评分=42 反转评分=11 位置评分=7 趋势评分=20 量能评分=4 卖出评分=12 收盘价=2.254
2026-07-28 09:35:03 - DEBUG - [指标明细][候选#2][159985.SZ] RSI[6/12/24]=63.7/64.3/61.4 MACD[DIF/DEA/HIST]=0.0504/0.0404/0.0200 KDJ[K/D/J]=74.9/71.0/82.7 BOLL[U/M/L]=2.320/2.158/1.996 MA[5/10/20/60]=2.239/2.208/2.158/2.096 VOL[5/20]=286852552/254993523 ATR14=0.0699 DMI[+DI/-DI/ADX]=29.2/20.2/41.2 RSI_DIFF[6-12/6-24]=-0.6/2.3(前值 6.0/12.1) MACD_DIFF[DIF-DEA]=0.0100(前值 0.0113) KDJ_DIFF[K-D/J-D]=3.9/11.7(前值 6.9/20.7)
2026-07-28 09:35:03 - INFO - [候选#3] 代码=513050.SS 买入评分=38 反转评分=12 位置评分=15 趋势评分=11 量能评分=0 卖出评分=0 收盘价=1.090
2026-07-28 09:35:03 - DEBUG - [指标明细][候选#3][513050.SS] RSI[6/12/24]=49.8/51.7/49.3 MACD[DIF/DEA/HIST]=0.0079/0.0059/0.0041 KDJ[K/D/J]=31.6/45.4/3.9 BOLL[U/M/L]=1.172/1.072/0.972 MA[5/10/20/60]=1.092/1.105/1.072/1.105 VOL[5/20]=2465148320/2937123089 ATR14=0.0414 DMI[+DI/-DI/ADX]=27.7/24.0/38.5 RSI_DIFF[6-12/6-24]=-1.8/0.5(前值 -7.1/-7.1) MACD_DIFF[DIF-DEA]=0.0020(前值 0.0031) KDJ_DIFF[K-D/J-D]=-13.8/-41.5(前值 -19.3/-58.0)
2026-07-28 09:35:03 - INFO - [候选#4] 代码=512100.SS 买入评分=29 反转评分=24 位置评分=10 趋势评分=-15 量能评分=10 卖出评分=10 收盘价=2.930
2026-07-28 09:35:03 - DEBUG - [指标明细][候选#4][512100.SS] RSI[6/12/24]=41.2/36.5/38.6 MACD[DIF/DEA/HIST]=-0.1502/-0.1186/-0.0631 KDJ[K/D/J]=29.4/23.4/41.4 BOLL[U/M/L]=3.708/3.188/2.667 MA[5/10/20/60]=2.900/2.969/3.188/3.366 VOL[5/20]=1948833748/1650435754 ATR14=0.1244 DMI[+DI/-DI/ADX]=7.0/52.6/64.9 RSI_DIFF[6-12/6-24]=4.6/2.6(前值 -2.7/-8.7) MACD_DIFF[DIF-DEA]=-0.0316(前值 -0.0429) KDJ_DIFF[K-D/J-D]=6.0/18.0(前值 3.0/8.9)
2026-07-28 09:35:03 - INFO - [候选#5] 代码=513500.SS 买入评分=29 反转评分=0 位置评分=15 趋势评分=14 量能评分=0 卖出评分=10 收盘价=2.520
2026-07-28 09:35:03 - DEBUG - [指标明细][候选#5][513500.SS] RSI[6/12/24]=49.4/49.8/51.7 MACD[DIF/DEA/HIST]=0.0012/0.0029/-0.0034 KDJ[K/D/J]=32.4/39.3/18.7 BOLL[U/M/L]=2.565/2.517/2.470 MA[5/10/20/60]=2.520/2.528/2.517/2.515 VOL[5/20]=141288932/144384166 ATR14=0.0299 DMI[+DI/-DI/ADX]=23.4/27.0/21.6 RSI_DIFF[6-12/6-24]=-0.4/-2.2(前值 -5.3/-9.2) MACD_DIFF[DIF-DEA]=-0.0017(前值 -0.0019) KDJ_DIFF[K-D/J-D]=-6.8/-20.5(前值 -10.5/-31.6)
2026-07-28 09:35:03 - INFO - [上穿信号] 数量=6
2026-07-28 09:35:03 - INFO - [上穿#1] 代码=512100.SS 反转评分=24 买入评分=29 卖出评分=10 上穿=RSI6上穿RSI12(近3日有效,当日新发生),RSI6上穿RSI24(近3日有效,当日新发生) 下穿=无
2026-07-28 09:35:03 - DEBUG - [指标明细][上穿#1][512100.SS] RSI6上穿RSI12=是 RSI6上穿RSI24=是 DIF上穿DEA=否 K上穿D=否 J上穿D=否 RSI6下穿RSI12=否 RSI6下穿RSI24=否 DIF下穿DEA=否 K下穿D=否 J下穿D=否 RSI[6/12/24]=41.2/36.5/38.6 MACD[DIF/DEA/HIST]=-0.1502/-0.1186/-0.0631 KDJ[K/D/J]=29.4/23.4/41.4 BOLL[U/M/L]=3.708/3.188/2.667 MA[5/10/20/60]=2.900/2.969/3.188/3.366 VOL[5/20]=1948833748/1650435754 ATR14=0.1244 DMI[+DI/-DI/ADX]=7.0/52.6/64.9 RSI_DIFF[6-12/6-24]=4.6/2.6(前值 -2.7/-8.7) MACD_DIFF[DIF-DEA]=-0.0316(前值 -0.0429) KDJ_DIFF[K-D/J-D]=6.0/18.0(前值 3.0/8.9)
2026-07-28 09:35:03 - INFO - [上穿#2] 代码=159915.SZ 反转评分=24 买入评分=23 卖出评分=10 上穿=RSI6上穿RSI12(近3日有效,当日新发生),RSI6上穿RSI24(近3日有效,当日新发生) 下穿=无
2026-07-28 09:35:03 - DEBUG - [指标明细][上穿#2][159915.SZ] RSI6上穿RSI12=是 RSI6上穿RSI24=是 DIF上穿DEA=否 K上穿D=否 J上穿D=否 RSI6下穿RSI12=否 RSI6下穿RSI24=否 DIF下穿DEA=否 K下穿D=否 J下穿D=否 RSI[6/12/24]=44.9/42.3/44.6 MACD[DIF/DEA/HIST]=-0.1314/-0.1035/-0.0557 KDJ[K/D/J]=35.4/30.4/45.4 BOLL[U/M/L]=4.328/3.825/3.322 MA[5/10/20/60]=3.602/3.637/3.825/3.950 VOL[5/20]=2471624880/2206917220 ATR14=0.1788 DMI[+DI/-DI/ADX]=12.5/31.1/42.4 RSI_DIFF[6-12/6-24]=2.7/0.3(前值 -3.0/-8.0) MACD_DIFF[DIF-DEA]=-0.0279(前值 -0.0385) KDJ_DIFF[K-D/J-D]=5.0/15.0(前值 2.8/8.4)
2026-07-28 09:35:03 - INFO - [上穿#3] 代码=518880.SS 反转评分=12 买入评分=42 卖出评分=0 上穿=RSI6上穿RSI12(近3日有效,当日新发生) 下穿=无
2026-07-28 09:35:03 - DEBUG - [指标明细][上穿#3][518880.SS] RSI6上穿RSI12=是 RSI6上穿RSI24=否 DIF上穿DEA=否 K上穿D=否 J上穿D=否 RSI6下穿RSI12=否 RSI6下穿RSI24=否 DIF下穿DEA=否 K下穿D=否 J下穿D=否 RSI[6/12/24]=54.8/48.4/43.3 MACD[DIF/DEA/HIST]=-0.0944/-0.1305/0.0721 KDJ[K/D/J]=58.9/52.3/72.1 BOLL[U/M/L]=8.701/8.466/8.232 MA[5/10/20/60]=8.495/8.421/8.466/8.970 VOL[5/20]=393652254/318109862 ATR14=0.1083 DMI[+DI/-DI/ADX]=26.4/36.1/13.7 RSI_DIFF[6-12/6-24]=6.4/11.5(前值 -0.6/0.7) MACD_DIFF[DIF-DEA]=0.0361(前值 0.0337) KDJ_DIFF[K-D/J-D]=6.6/19.8(前值 5.0/14.9)
2026-07-28 09:35:03 - INFO - [上穿#4] 代码=513050.SS 反转评分=12 买入评分=38 卖出评分=0 上穿=RSI6上穿RSI24(近3日有效,当日新发生) 下穿=无
2026-07-28 09:35:03 - DEBUG - [指标明细][上穿#4][513050.SS] RSI6上穿RSI12=否 RSI6上穿RSI24=是 DIF上穿DEA=否 K上穿D=否 J上穿D=否 RSI6下穿RSI12=否 RSI6下穿RSI24=否 DIF下穿DEA=否 K下穿D=否 J下穿D=否 RSI[6/12/24]=49.8/51.7/49.3 MACD[DIF/DEA/HIST]=0.0079/0.0059/0.0041 KDJ[K/D/J]=31.6/45.4/3.9 BOLL[U/M/L]=1.172/1.072/0.972 MA[5/10/20/60]=1.092/1.105/1.072/1.105 VOL[5/20]=2465148320/2937123089 ATR14=0.0414 DMI[+DI/-DI/ADX]=27.7/24.0/38.5 RSI_DIFF[6-12/6-24]=-1.8/0.5(前值 -7.1/-7.1) MACD_DIFF[DIF-DEA]=0.0020(前值 0.0031) KDJ_DIFF[K-D/J-D]=-13.8/-41.5(前值 -19.3/-58.0)
2026-07-28 09:35:03 - INFO - [上穿#5] 代码=513880.SS 反转评分=12 买入评分=18 卖出评分=10 上穿=RSI6上穿RSI12(近3日有效,当日新发生) 下穿=无
2026-07-28 09:35:03 - DEBUG - [指标明细][上穿#5][513880.SS] RSI6上穿RSI12=是 RSI6上穿RSI24=否 DIF上穿DEA=否 K上穿D=否 J上穿D=否 RSI6下穿RSI12=否 RSI6下穿RSI24=否 DIF下穿DEA=否 K下穿D=否 J下穿D=否 RSI[6/12/24]=44.8/43.7/47.6 MACD[DIF/DEA/HIST]=-0.0391/-0.0225/-0.0332 KDJ[K/D/J]=32.0/27.4/41.2 BOLL[U/M/L]=2.362/2.164/1.967 MA[5/10/20/60]=2.074/2.086/2.164/2.126 VOL[5/20]=142227904/137574029 ATR14=0.0652 DMI[+DI/-DI/ADX]=18.2/35.4/35.7 RSI_DIFF[6-12/6-24]=1.1/-2.7(前值 -4.0/-10.2) MACD_DIFF[DIF-DEA]=-0.0166(前值 -0.0210) KDJ_DIFF[K-D/J-D]=4.6/13.7(前值 3.0/8.9)
2026-07-28 09:35:03 - INFO - [宽松反转] 数量=8
2026-07-28 09:35:03 - INFO - [宽松反转#1] 代码=518880.SS 转强数=3 买入评分=42 反转评分=12 转强=RSI,MACD,KDJ
2026-07-28 09:35:03 - DEBUG - [指标明细][宽松反转#1][518880.SS] RSI转强=True RSI变化=13.96 MACD转强=True DIF变化=0.0114 KDJ转强=True K值变化=4.92 J值变化=8.17 RSI[6/12/24]=54.8/48.4/43.3 MACD[DIF/DEA/HIST]=-0.0944/-0.1305/0.0721 KDJ[K/D/J]=58.9/52.3/72.1 BOLL[U/M/L]=8.701/8.466/8.232 MA[5/10/20/60]=8.495/8.421/8.466/8.970 VOL[5/20]=393652254/318109862 ATR14=0.1083 DMI[+DI/-DI/ADX]=26.4/36.1/13.7 RSI_DIFF[6-12/6-24]=6.4/11.5(前值 -0.6/0.7) MACD_DIFF[DIF-DEA]=0.0361(前值 0.0337) KDJ_DIFF[K-D/J-D]=6.6/19.8(前值 5.0/14.9)
2026-07-28 09:35:03 - INFO - [宽松反转#2] 代码=512100.SS 转强数=3 买入评分=29 反转评分=24 转强=RSI,MACD,KDJ
2026-07-28 09:35:03 - DEBUG - [指标明细][宽松反转#2][512100.SS] RSI转强=True RSI变化=15.60 MACD转强=True DIF变化=0.0035 KDJ转强=True K值变化=6.05 J值变化=12.14 RSI[6/12/24]=41.2/36.5/38.6 MACD[DIF/DEA/HIST]=-0.1502/-0.1186/-0.0631 KDJ[K/D/J]=29.4/23.4/41.4 BOLL[U/M/L]=3.708/3.188/2.667 MA[5/10/20/60]=2.900/2.969/3.188/3.366 VOL[5/20]=1948833748/1650435754 ATR14=0.1244 DMI[+DI/-DI/ADX]=7.0/52.6/64.9 RSI_DIFF[6-12/6-24]=4.6/2.6(前值 -2.7/-8.7) MACD_DIFF[DIF-DEA]=-0.0316(前值 -0.0429) KDJ_DIFF[K-D/J-D]=6.0/18.0(前值 3.0/8.9)
2026-07-28 09:35:03 - INFO - [宽松反转#3] 代码=159915.SZ 转强数=3 买入评分=23 反转评分=24 转强=RSI,MACD,KDJ
2026-07-28 09:35:03 - DEBUG - [指标明细][宽松反转#3][159915.SZ] RSI转强=True RSI变化=10.87 MACD转强=True DIF变化=0.0037 KDJ转强=True K值变化=4.70 J值变化=9.11 RSI[6/12/24]=44.9/42.3/44.6 MACD[DIF/DEA/HIST]=-0.1314/-0.1035/-0.0557 KDJ[K/D/J]=35.4/30.4/45.4 BOLL[U/M/L]=4.328/3.825/3.322 MA[5/10/20/60]=3.602/3.637/3.825/3.950 VOL[5/20]=2471624880/2206917220 ATR14=0.1788 DMI[+DI/-DI/ADX]=12.5/31.1/42.4 RSI_DIFF[6-12/6-24]=2.7/0.3(前值 -3.0/-8.0) MACD_DIFF[DIF-DEA]=-0.0279(前值 -0.0385) KDJ_DIFF[K-D/J-D]=5.0/15.0(前值 2.8/8.4)
2026-07-28 09:35:03 - INFO - [宽松反转#4] 代码=513880.SS 转强数=3 买入评分=18 反转评分=12 转强=RSI,MACD,KDJ
2026-07-28 09:35:03 - DEBUG - [指标明细][宽松反转#4][513880.SS] RSI转强=True RSI变化=9.44 MACD转强=True DIF变化=0.0003 KDJ转强=True K值变化=3.90 J值变化=7.13 RSI[6/12/24]=44.8/43.7/47.6 MACD[DIF/DEA/HIST]=-0.0391/-0.0225/-0.0332 KDJ[K/D/J]=32.0/27.4/41.2 BOLL[U/M/L]=2.362/2.164/1.967 MA[5/10/20/60]=2.074/2.086/2.164/2.126 VOL[5/20]=142227904/137574029 ATR14=0.0652 DMI[+DI/-DI/ADX]=18.2/35.4/35.7 RSI_DIFF[6-12/6-24]=1.1/-2.7(前值 -4.0/-10.2) MACD_DIFF[DIF-DEA]=-0.0166(前值 -0.0210) KDJ_DIFF[K-D/J-D]=4.6/13.7(前值 3.0/8.9)
2026-07-28 09:35:03 - INFO - [宽松反转#5] 代码=513050.SS 转强数=2 买入评分=38 反转评分=12 转强=RSI,KDJ
2026-07-28 09:35:03 - DEBUG - [指标明细][宽松反转#5][513050.SS] RSI转强=True RSI变化=10.52 MACD转强=False DIF变化=-0.0006 KDJ转强=True K值变化=-1.43 J值变化=9.57 RSI[6/12/24]=49.8/51.7/49.3 MACD[DIF/DEA/HIST]=0.0079/0.0059/0.0041 KDJ[K/D/J]=31.6/45.4/3.9 BOLL[U/M/L]=1.172/1.072/0.972 MA[5/10/20/60]=1.092/1.105/1.072/1.105 VOL[5/20]=2465148320/2937123089 ATR14=0.0414 DMI[+DI/-DI/ADX]=27.7/24.0/38.5 RSI_DIFF[6-12/6-24]=-1.8/0.5(前值 -7.1/-7.1) MACD_DIFF[DIF-DEA]=0.0020(前值 0.0031) KDJ_DIFF[K-D/J-D]=-13.8/-41.5(前值 -19.3/-58.0)
2026-07-28 09:35:03 - INFO - [阶段4/5][卖出评估] 当前持仓=2
2026-07-28 09:35:03 - INFO - [阶段5/5][买入评估] 使用冻结候选执行买入筛选
2026-07-28 09:35:03 - INFO - [cross-v0.3.2] 没有达到阈值的买入候选
2026-07-28 09:35:03 - INFO - [买入筛选汇总] 来源=09:35主流程 总数=8 通过=0 评分不足=8 已有持仓或待买=2 卖出风险过高=0 缺少新鲜低位=0 冲突组合=0 禁止买入=0 当日已卖出=0 当日买入失败=0
2026-07-28 09:35:03 - DEBUG - [买入筛选明细] 来源=09:35主流程 代码=518880.SS 买入评分=42 卖出评分=0 原因=评分不足(42<60)
2026-07-28 09:35:03 - DEBUG - [买入筛选明细] 来源=09:35主流程 代码=159985.SZ 买入评分=42 卖出评分=12 原因=评分不足(42<60),已有持仓或待买
2026-07-28 09:35:03 - DEBUG - [买入筛选明细] 来源=09:35主流程 代码=513050.SS 买入评分=38 卖出评分=0 原因=评分不足(38<60)
2026-07-28 09:35:03 - DEBUG - [买入筛选明细] 来源=09:35主流程 代码=512100.SS 买入评分=29 卖出评分=10 原因=评分不足(29<60)
2026-07-28 09:35:03 - DEBUG - [买入筛选明细] 来源=09:35主流程 代码=513500.SS 买入评分=29 卖出评分=10 原因=评分不足(29<60),已有持仓或待买
2026-07-28 09:35:03 - DEBUG - [买入筛选明细] 来源=09:35主流程 代码=159928.SZ 买入评分=28 卖出评分=23 原因=评分不足(28<60)
2026-07-28 09:35:03 - DEBUG - [买入筛选明细] 来源=09:35主流程 代码=159915.SZ 买入评分=23 卖出评分=10 原因=评分不足(23<60)
2026-07-28 09:35:04 - DEBUG - [买入筛选明细] 来源=09:35主流程 代码=513880.SS 买入评分=18 卖出评分=10 原因=评分不足(18<60)
2026-07-28 09:35:04 - INFO - [交易日汇总] 有效评分=8 上穿标的=6 宽松反转标的=8 ATR止损触发=0 新提交卖单=0 新提交买单=0 待卖委托=0 待买委托=0 延后买入=否
2026-07-28 09:35:04 - INFO - [交易日结束] 执行日期=2026-07-28
2026-07-28 10:35:00 - INFO - [复牌补偿] 已复牌=513100.SS，已执行延后卖出与买入评估
2026-07-28 10:35:00 - INFO - [cross-v0.3.2] 没有达到阈值的买入候选
2026-07-28 10:35:00 - INFO - [买入筛选汇总] 来源=10:35复牌/卖单补偿 总数=9 通过=0 评分不足=9 已有持仓或待买=2 卖出风险过高=0 缺少新鲜低位=0 冲突组合=0 禁止买入=0 当日已卖出=0 当日买入失败=0
2026-07-28 10:35:00 - DEBUG - [买入筛选明细] 来源=10:35复牌/卖单补偿 代码=518880.SS 买入评分=42 卖出评分=0 原因=评分不足(42<60)
2026-07-28 10:35:00 - DEBUG - [买入筛选明细] 来源=10:35复牌/卖单补偿 代码=159985.SZ 买入评分=42 卖出评分=12 原因=评分不足(42<60),已有持仓或待买
2026-07-28 10:35:01 - DEBUG - [买入筛选明细] 来源=10:35复牌/卖单补偿 代码=513050.SS 买入评分=38 卖出评分=0 原因=评分不足(38<60)
2026-07-28 10:35:02 - DEBUG - [买入筛选明细] 来源=10:35复牌/卖单补偿 代码=512100.SS 买入评分=29 卖出评分=10 原因=评分不足(29<60)
2026-07-28 10:35:02 - DEBUG - [买入筛选明细] 来源=10:35复牌/卖单补偿 代码=513500.SS 买入评分=29 卖出评分=10 原因=评分不足(29<60),已有持仓或待买
2026-07-28 10:35:02 - DEBUG - [买入筛选明细] 来源=10:35复牌/卖单补偿 代码=159928.SZ 买入评分=28 卖出评分=23 原因=评分不足(28<60)
2026-07-28 10:35:02 - DEBUG - [买入筛选明细] 来源=10:35复牌/卖单补偿 代码=159915.SZ 买入评分=23 卖出评分=10 原因=评分不足(23<60)
2026-07-28 10:35:02 - DEBUG - [买入筛选明细] 来源=10:35复牌/卖单补偿 代码=513880.SS 买入评分=18 卖出评分=10 原因=评分不足(18<60)
2026-07-28 10:35:02 - DEBUG - [买入筛选明细] 来源=10:35复牌/卖单补偿 代码=513100.SS 买入评分=2 卖出评分=10 原因=评分不足(2<60)
2026-07-28 15:30:00 - INFO - [盘后委托核对] 未发现未完成委托
2026-07-28 15:30:00 - INFO - [订单生命周期汇总] 来源=盘后 待买委托=0 待卖委托=0 延后买入=否 委托状态未知=否
2026-07-28 15:30:01 - INFO - ============================================================
2026-07-28 15:30:02 - INFO - [cross-v0.3.2 收盘] 总资产=17357.64 可用资金=682.84 持仓数=2/3
2026-07-28 15:30:03 - INFO - [盘后观察] 159985.SZ 成本价=2.155 盘后观察价=2.121 临时最高收盘价=2.290 收益率=-1.6% 买入评分=42 卖出评分=12 止损价=2.175；已写入临时风险状态，次日盘前确认并用最终T-1日线纠正
2026-07-28 15:30:03 - INFO - [盘后观察] 513500.SS 成本价=2.561 盘后观察价=2.484 临时最高收盘价=2.577 收益率=-3.0% 买入评分=29 卖出评分=10 止损价=2.448；已写入临时风险状态，次日盘前确认并用最终T-1日线纠正
2026-07-28 15:30:03 - INFO - ============================================================
2026-07-29 09:10:01 - INFO - [盘前收盘确认] 159985.SZ 区间=2026-07-28~2026-07-28 交易日数=1 零成交量日数=0 确认前最高收盘价=2.290000 已确认最高收盘价=2.290000
2026-07-29 09:10:05 - INFO - [盘前收盘确认] 513500.SS 区间=2026-07-28~2026-07-28 交易日数=1 零成交量日数=0 确认前最高收盘价=2.577000 已确认最高收盘价=2.577000
2026-07-29 09:10:07 - INFO - [PTrade框架g] 状态=未提供 代次=不适用 原因=未发现持久状态元数据
2026-07-29 09:10:08 - INFO - [连续状态恢复] 来源=状态台账 代次=3
2026-07-29 09:10:10 - INFO - [持仓风险恢复] 来源=状态台账
2026-07-29 09:10:10 - INFO - [持仓风险恢复] 代码=159985.SZ 数量=2000 成本=2.155300 买入日期=2026-07-07 ATR=0.029500 持仓最高收盘价=2.290000 状态=已验证 来源=状态台账
2026-07-29 09:10:10 - INFO - [持仓风险恢复] 代码=513500.SS 数量=4200 成本=2.561100 买入日期=2026-07-16 ATR=0.025429 持仓最高收盘价=2.577000 状态=已验证 来源=状态台账
2026-07-29 09:35:00 - INFO - [交易日开始] 执行日期=2026-07-29 信号日期=2026-07-28 策略=cross-v0.3.2 是否调仓=是
2026-07-29 09:35:00 - INFO - [阶段1/5][风险检查] 检查当前持仓ATR止损
2026-07-29 09:35:00 - INFO - [卖出] 159985.SZ 原因=ATR止损 2.150<=2.175 数量=2000 限价=1.909
2026-07-29 09:35:00 - INFO - [卖出委托] 159985.SZ 委托编号=58a75ff7b0dc44e8a4a5de10e0fe008d
2026-07-29 09:35:00 - INFO - [订单生命周期] 事件=已提交 来源=策略下单 方向=卖出 代码=159985.SZ 委托编号=58a75ff7b0dc44e8a4a5de10e0fe008d 请求数量=2000 累计成交=0 剩余数量=2000 耗时=0.056秒 状态=进行中
2026-07-29 09:35:00 - INFO - [阶段2/5][全池评分] ETF总数=9 停牌跳过=0
2026-07-29 09:35:00 - INFO - [阶段3/5][信号摘要] 有效评分=9
2026-07-29 09:35:00 - INFO - [候选#1] 代码=518880.SS 买入评分=44 反转评分=12 位置评分=17 趋势评分=11 量能评分=4 卖出评分=0 收盘价=8.400
2026-07-29 09:35:01 - DEBUG - [指标明细][候选#1][518880.SS] RSI[6/12/24]=43.9/43.5/41.3 MACD[DIF/DEA/HIST]=-0.0926/-0.1229/0.0606 KDJ[K/D/J]=52.7/52.4/53.2 BOLL[U/M/L]=8.701/8.467/8.234 MA[5/10/20/60]=8.481/8.424/8.467/8.949 VOL[5/20]=372153926/307831248 ATR14=0.1122 DMI[+DI/-DI/ADX]=27.0/41.1/13.4 RSI_DIFF[6-12/6-24]=0.5/2.7(前值 6.4/11.5) MACD_DIFF[DIF-DEA]=0.0303(前值 0.0361) KDJ_DIFF[K-D/J-D]=0.3/0.8(前值 6.6/19.8)
2026-07-29 09:35:01 - INFO - [成交主推入口] 实盘标志=是 记录数=1
2026-07-29 09:35:01 - INFO - [候选#2] 代码=159985.SZ 买入评分=41 反转评分=0 位置评分=17 趋势评分=20 量能评分=4 卖出评分=55 收盘价=2.121
2026-07-29 09:35:01 - INFO - [成交主推明细] 序号=1 类型=dict 代码=159985.SZ 方向=2 成交数量=-2000 成交价格=2.15 成交额=-4300.0 order_id=58a75ff7b0dc44e8a4a5de10e0fe008d 委托号=635021587 成交编号=0104000006475217 委托状态=8 成交类型=0 成交状态=0 撤单原委托号=0 废单原因=  成交时间=2026-07-29 09:35:00
2026-07-29 09:35:01 - DEBUG - [指标明细][候选#2][159985.SZ] RSI[6/12/24]=35.7/45.8/49.9 MACD[DIF/DEA/HIST]=0.0402/0.0404/-0.0004 KDJ[K/D/J]=56.5/66.2/37.1 BOLL[U/M/L]=2.306/2.165/2.023 MA[5/10/20/60]=2.224/2.200/2.165/2.095 VOL[5/20]=315062844/272937596 ATR14=0.0765 DMI[+DI/-DI/ADX]=24.5/33.2/38.9 RSI_DIFF[6-12/6-24]=-10.1/-14.2(前值 -0.6/2.3) MACD_DIFF[DIF-DEA]=-0.0002(前值 0.0100) KDJ_DIFF[K-D/J-D]=-9.7/-29.1(前值 3.9/11.7)
2026-07-29 09:35:01 - INFO - [候选#3] 代码=159928.SZ 买入评分=39 反转评分=12 位置评分=7 趋势评分=20 量能评分=0 卖出评分=0 收盘价=0.673
2026-07-29 09:35:01 - DEBUG - [指标明细][候选#3][159928.SZ] RSI[6/12/24]=63.7/60.1/53.4 MACD[DIF/DEA/HIST]=0.0065/0.0025/0.0081 KDJ[K/D/J]=66.1/71.3/55.9 BOLL[U/M/L]=0.687/0.647/0.608 MA[5/10/20/60]=0.667/0.665/0.647/0.664 VOL[5/20]=492590014/568527830 ATR14=0.0166 DMI[+DI/-DI/ADX]=29.6/8.1/49.6 RSI_DIFF[6-12/6-24]=3.5/10.2(前值 -0.3/4.8) MACD_DIFF[DIF-DEA]=0.0040(前值 0.0042) KDJ_DIFF[K-D/J-D]=-5.1/-15.4(前值 -6.6/-19.7)
2026-07-29 09:35:01 - INFO - [候选#4] 代码=513050.SS 买入评分=38 反转评分=12 位置评分=15 趋势评分=11 量能评分=0 卖出评分=0 收盘价=1.098
2026-07-29 09:35:01 - DEBUG - [指标明细][候选#4][513050.SS] RSI[6/12/24]=52.8/53.1/50.1 MACD[DIF/DEA/HIST]=0.0080/0.0063/0.0034 KDJ[K/D/J]=33.3/41.4/17.0 BOLL[U/M/L]=1.168/1.078/0.987 MA[5/10/20/60]=1.086/1.106/1.078/1.104 VOL[5/20]=2287700780/2959449609 ATR14=0.0382 DMI[+DI/-DI/ADX]=25.0/23.9/37.7 RSI_DIFF[6-12/6-24]=-0.4/2.6(前值 -1.8/0.5) MACD_DIFF[DIF-DEA]=0.0017(前值 0.0020) KDJ_DIFF[K-D/J-D]=-8.1/-24.3(前值 -13.8/-41.5)
2026-07-29 09:35:01 - INFO - [候选#5] 代码=513500.SS 买入评分=28 反转评分=0 位置评分=17 趋势评分=11 量能评分=0 卖出评分=10 收盘价=2.484
2026-07-29 09:35:01 - DEBUG - [指标明细][候选#5][513500.SS] RSI[6/12/24]=34.2/42.0/47.6 MACD[DIF/DEA/HIST]=-0.0019/0.0019/-0.0076 KDJ[K/D/J]=22.3/33.6/-0.3 BOLL[U/M/L]=2.565/2.517/2.470 MA[5/10/20/60]=2.511/2.522/2.517/2.516 VOL[5/20]=128089532/139234926 ATR14=0.0308 DMI[+DI/-DI/ADX]=23.5/30.3/18.6 RSI_DIFF[6-12/6-24]=-7.7/-13.4(前值 -0.4/-2.2) MACD_DIFF[DIF-DEA]=-0.0038(前值 -0.0017) KDJ_DIFF[K-D/J-D]=-11.3/-33.9(前值 -6.8/-20.5)
2026-07-29 09:35:01 - INFO - [上穿信号] 数量=3
2026-07-29 09:35:01 - INFO - [上穿#1] 代码=518880.SS 反转评分=12 买入评分=44 卖出评分=0 上穿=RSI6上穿RSI12(近3日有效,距发生1个交易日) 下穿=无
2026-07-29 09:35:01 - DEBUG - [指标明细][上穿#1][518880.SS] RSI6上穿RSI12=是 RSI6上穿RSI24=否 DIF上穿DEA=否 K上穿D=否 J上穿D=否 RSI6下穿RSI12=否 RSI6下穿RSI24=否 DIF下穿DEA=否 K下穿D=否 J下穿D=否 RSI[6/12/24]=43.9/43.5/41.3 MACD[DIF/DEA/HIST]=-0.0926/-0.1229/0.0606 KDJ[K/D/J]=52.7/52.4/53.2 BOLL[U/M/L]=8.701/8.467/8.234 MA[5/10/20/60]=8.481/8.424/8.467/8.949 VOL[5/20]=372153926/307831248 ATR14=0.1122 DMI[+DI/-DI/ADX]=27.0/41.1/13.4 RSI_DIFF[6-12/6-24]=0.5/2.7(前值 6.4/11.5) MACD_DIFF[DIF-DEA]=0.0303(前值 0.0361) KDJ_DIFF[K-D/J-D]=0.3/0.8(前值 6.6/19.8)
2026-07-29 09:35:01 - INFO - [上穿#2] 代码=159928.SZ 反转评分=12 买入评分=39 卖出评分=0 上穿=RSI6上穿RSI12(近3日有效,当日新发生) 下穿=无
2026-07-29 09:35:01 - DEBUG - [指标明细][上穿#2][159928.SZ] RSI6上穿RSI12=是 RSI6上穿RSI24=否 DIF上穿DEA=否 K上穿D=否 J上穿D=否 RSI6下穿RSI12=否 RSI6下穿RSI24=否 DIF下穿DEA=否 K下穿D=否 J下穿D=否 RSI[6/12/24]=63.7/60.1/53.4 MACD[DIF/DEA/HIST]=0.0065/0.0025/0.0081 KDJ[K/D/J]=66.1/71.3/55.9 BOLL[U/M/L]=0.687/0.647/0.608 MA[5/10/20/60]=0.667/0.665/0.647/0.664 VOL[5/20]=492590014/568527830 ATR14=0.0166 DMI[+DI/-DI/ADX]=29.6/8.1/49.6 RSI_DIFF[6-12/6-24]=3.5/10.2(前值 -0.3/4.8) MACD_DIFF[DIF-DEA]=0.0040(前值 0.0042) KDJ_DIFF[K-D/J-D]=-5.1/-15.4(前值 -6.6/-19.7)
2026-07-29 09:35:01 - INFO - [上穿#3] 代码=513050.SS 反转评分=12 买入评分=38 卖出评分=0 上穿=RSI6上穿RSI24(近3日有效,距发生1个交易日) 下穿=无
2026-07-29 09:35:01 - DEBUG - [指标明细][上穿#3][513050.SS] RSI6上穿RSI12=否 RSI6上穿RSI24=是 DIF上穿DEA=否 K上穿D=否 J上穿D=否 RSI6下穿RSI12=否 RSI6下穿RSI24=否 DIF下穿DEA=否 K下穿D=否 J下穿D=否 RSI[6/12/24]=52.8/53.1/50.1 MACD[DIF/DEA/HIST]=0.0080/0.0063/0.0034 KDJ[K/D/J]=33.3/41.4/17.0 BOLL[U/M/L]=1.168/1.078/0.987 MA[5/10/20/60]=1.086/1.106/1.078/1.104 VOL[5/20]=2287700780/2959449609 ATR14=0.0382 DMI[+DI/-DI/ADX]=25.0/23.9/37.7 RSI_DIFF[6-12/6-24]=-0.4/2.6(前值 -1.8/0.5) MACD_DIFF[DIF-DEA]=0.0017(前值 0.0020) KDJ_DIFF[K-D/J-D]=-8.1/-24.3(前值 -13.8/-41.5)
2026-07-29 09:35:01 - INFO - [宽松反转] 数量=3
2026-07-29 09:35:01 - INFO - [宽松反转#1] 代码=159928.SZ 转强数=3 买入评分=39 反转评分=12 转强=RSI,MACD,KDJ
2026-07-29 09:35:01 - DEBUG - [指标明细][宽松反转#1][159928.SZ] RSI转强=True RSI变化=7.92 MACD转强=True DIF变化=0.0009 KDJ转强=True K值变化=-1.12 J值变化=1.76 RSI[6/12/24]=63.7/60.1/53.4 MACD[DIF/DEA/HIST]=0.0065/0.0025/0.0081 KDJ[K/D/J]=66.1/71.3/55.9 BOLL[U/M/L]=0.687/0.647/0.608 MA[5/10/20/60]=0.667/0.665/0.647/0.664 VOL[5/20]=492590014/568527830 ATR14=0.0166 DMI[+DI/-DI/ADX]=29.6/8.1/49.6 RSI_DIFF[6-12/6-24]=3.5/10.2(前值 -0.3/4.8) MACD_DIFF[DIF-DEA]=0.0040(前值 0.0042) KDJ_DIFF[K-D/J-D]=-5.1/-15.4(前值 -6.6/-19.7)
2026-07-29 09:35:01 - INFO - [宽松反转#2] 代码=513050.SS 转强数=3 买入评分=38 反转评分=12 转强=RSI,MACD,KDJ
2026-07-29 09:35:01 - DEBUG - [指标明细][宽松反转#2][513050.SS] RSI转强=True RSI变化=2.91 MACD转强=True DIF变化=0.0001 KDJ转强=True K值变化=1.69 J值变化=13.17 RSI[6/12/24]=52.8/53.1/50.1 MACD[DIF/DEA/HIST]=0.0080/0.0063/0.0034 KDJ[K/D/J]=33.3/41.4/17.0 BOLL[U/M/L]=1.168/1.078/0.987 MA[5/10/20/60]=1.086/1.106/1.078/1.104 VOL[5/20]=2287700780/2959449609 ATR14=0.0382 DMI[+DI/-DI/ADX]=25.0/23.9/37.7 RSI_DIFF[6-12/6-24]=-0.4/2.6(前值 -1.8/0.5) MACD_DIFF[DIF-DEA]=0.0017(前值 0.0020) KDJ_DIFF[K-D/J-D]=-8.1/-24.3(前值 -13.8/-41.5)
2026-07-29 09:35:01 - INFO - [宽松反转#3] 代码=518880.SS 转强数=1 买入评分=44 反转评分=12 转强=MACD
2026-07-29 09:35:01 - DEBUG - [指标明细][宽松反转#3][518880.SS] RSI转强=False RSI变化=-10.85 MACD转强=True DIF变化=0.0018 KDJ转强=False K值变化=-6.21 J值变化=-18.90 RSI[6/12/24]=43.9/43.5/41.3 MACD[DIF/DEA/HIST]=-0.0926/-0.1229/0.0606 KDJ[K/D/J]=52.7/52.4/53.2 BOLL[U/M/L]=8.701/8.467/8.234 MA[5/10/20/60]=8.481/8.424/8.467/8.949 VOL[5/20]=372153926/307831248 ATR14=0.1122 DMI[+DI/-DI/ADX]=27.0/41.1/13.4 RSI_DIFF[6-12/6-24]=0.5/2.7(前值 6.4/11.5) MACD_DIFF[DIF-DEA]=0.0303(前值 0.0361) KDJ_DIFF[K-D/J-D]=0.3/0.8(前值 6.6/19.8)
2026-07-29 09:35:01 - INFO - [阶段4/5][卖出评估] 当前持仓=2
2026-07-29 09:35:01 - INFO - [阶段5/5][买入评估] 使用冻结候选执行买入筛选
2026-07-29 09:35:01 - INFO - [买入延后] 正在等待1笔卖出委托完成
2026-07-29 09:35:01 - INFO - [交易日汇总] 有效评分=9 上穿标的=3 宽松反转标的=3 ATR止损触发=1 新提交卖单=1 新提交买单=0 待卖委托=1 待买委托=0 延后买入=是
2026-07-29 09:35:01 - INFO - [交易日结束] 执行日期=2026-07-29
2026-07-29 09:36:00 - INFO - [成交查询] 当前策略成交记录数=1
2026-07-29 09:36:00 - INFO - [订单生命周期] 事件=成交完成 来源=09:36主动核对 方向=卖出 代码=159985.SZ 委托编号=58a75ff7b0dc44e8a4a5de10e0fe008d 请求数量=2000 累计成交=2000 剩余数量=0 耗时=59.973秒 状态=已完成
2026-07-29 09:36:00 - INFO - [成交核对] 卖出 159985.SZ 查询累计=2000 生效累计=2000
2026-07-29 09:36:00 - INFO - [委托终态核对] 来源=09:36主动核对 已处理终态=0
2026-07-29 09:36:01 - INFO - [成交兜底] 09:36主动核对待买委托=0 待卖委托=1 匹配成交=1
2026-07-29 09:36:01 - INFO - [订单核对汇总] 来源=09:36主动核对 待核对买单=0 待核对卖单=1 匹配成交=1 买入匹配=0 卖出匹配=1 核对后未完成=0 买入未完成=0 卖出未完成=0
2026-07-29 09:36:01 - INFO - [成交兜底] 卖出已确认完成，立即恢复延后买入评估 当前现金=6982.42 确认卖出释放=4300.00 可用现金=6982.92
2026-07-29 09:36:01 - INFO - [cross-v0.3.2] 没有达到阈值的买入候选
2026-07-29 09:36:01 - INFO - [买入筛选汇总] 来源=成交兜底 总数=9 通过=0 评分不足=9 已有持仓或待买=1 卖出风险过高=3 缺少新鲜低位=0 冲突组合=0 禁止买入=0 当日已卖出=1 当日买入失败=0
2026-07-29 09:36:01 - DEBUG - [买入筛选明细] 来源=成交兜底 代码=518880.SS 买入评分=44 卖出评分=0 原因=评分不足(44<60)
2026-07-29 09:36:01 - DEBUG - [买入筛选明细] 来源=成交兜底 代码=159985.SZ 买入评分=41 卖出评分=55 原因=评分不足(41<60),卖出风险过高(55>=30),当日已卖出
2026-07-29 09:36:01 - DEBUG - [买入筛选明细] 来源=成交兜底 代码=159928.SZ 买入评分=39 卖出评分=0 原因=评分不足(39<60)
2026-07-29 09:36:01 - DEBUG - [买入筛选明细] 来源=成交兜底 代码=513050.SS 买入评分=38 卖出评分=0 原因=评分不足(38<60)
2026-07-29 09:36:01 - DEBUG - [买入筛选明细] 来源=成交兜底 代码=513500.SS 买入评分=28 卖出评分=10 原因=评分不足(28<60),已有持仓或待买
2026-07-29 09:36:01 - DEBUG - [买入筛选明细] 来源=成交兜底 代码=159915.SZ 买入评分=0 卖出评分=45 原因=评分不足(0<60),卖出风险过高(45>=30)
2026-07-29 09:36:01 - DEBUG - [买入筛选明细] 来源=成交兜底 代码=512100.SS 买入评分=0 卖出评分=10 原因=评分不足(0<60)
2026-07-29 09:36:01 - DEBUG - [买入筛选明细] 来源=成交兜底 代码=513100.SS 买入评分=0 卖出评分=10 原因=评分不足(0<60)
2026-07-29 09:36:01 - DEBUG - [买入筛选明细] 来源=成交兜底 代码=513880.SS 买入评分=0 卖出评分=33 原因=评分不足(0<60),卖出风险过高(33>=30)
2026-07-29 10:35:00 - INFO - [cross-v0.3.2] 没有达到阈值的买入候选
2026-07-29 10:35:00 - INFO - [买入筛选汇总] 来源=10:35复牌/卖单补偿 总数=9 通过=0 评分不足=9 已有持仓或待买=1 卖出风险过高=3 缺少新鲜低位=0 冲突组合=0 禁止买入=0 当日已卖出=1 当日买入失败=0
2026-07-29 10:35:00 - DEBUG - [买入筛选明细] 来源=10:35复牌/卖单补偿 代码=518880.SS 买入评分=44 卖出评分=0 原因=评分不足(44<60)
2026-07-29 10:35:00 - DEBUG - [买入筛选明细] 来源=10:35复牌/卖单补偿 代码=159985.SZ 买入评分=41 卖出评分=55 原因=评分不足(41<60),卖出风险过高(55>=30),当日已卖出
2026-07-29 10:35:00 - DEBUG - [买入筛选明细] 来源=10:35复牌/卖单补偿 代码=159928.SZ 买入评分=39 卖出评分=0 原因=评分不足(39<60)
2026-07-29 10:35:01 - DEBUG - [买入筛选明细] 来源=10:35复牌/卖单补偿 代码=513050.SS 买入评分=38 卖出评分=0 原因=评分不足(38<60)
2026-07-29 10:35:01 - DEBUG - [买入筛选明细] 来源=10:35复牌/卖单补偿 代码=513500.SS 买入评分=28 卖出评分=10 原因=评分不足(28<60),已有持仓或待买
2026-07-29 10:35:01 - DEBUG - [买入筛选明细] 来源=10:35复牌/卖单补偿 代码=159915.SZ 买入评分=0 卖出评分=45 原因=评分不足(0<60),卖出风险过高(45>=30)
2026-07-29 10:35:01 - DEBUG - [买入筛选明细] 来源=10:35复牌/卖单补偿 代码=512100.SS 买入评分=0 卖出评分=10 原因=评分不足(0<60)
2026-07-29 10:35:01 - DEBUG - [买入筛选明细] 来源=10:35复牌/卖单补偿 代码=513100.SS 买入评分=0 卖出评分=10 原因=评分不足(0<60)
2026-07-29 10:35:02 - DEBUG - [买入筛选明细] 来源=10:35复牌/卖单补偿 代码=513880.SS 买入评分=0 卖出评分=33 原因=评分不足(0<60),卖出风险过高(33>=30)
2026-07-29 15:30:00 - INFO - [盘后委托核对] 未发现未完成委托
2026-07-29 15:30:00 - INFO - [订单生命周期汇总] 来源=盘后 待买委托=0 待卖委托=0 延后买入=否 委托状态未知=否
2026-07-29 15:30:01 - INFO - ============================================================
2026-07-29 15:30:02 - INFO - [cross-v0.3.2 收盘] 总资产=17528.61 可用资金=982.41 持仓数=1/3
2026-07-29 15:30:02 - INFO - [盘后观察] 513500.SS 成本价=2.561 盘后观察价=2.511 临时最高收盘价=2.577 收益率=-2.0% 买入评分=28 卖出评分=10 止损价=2.448；已写入临时风险状态，次日盘前确认并用最终T-1日线纠正
2026-07-29 15:30:02 - INFO - ============================================================
2026-07-30 01:21:27 - INFO - [cross-v0.3.2] 初始化完成: 最大持仓=3 基础仓位比例=0.95 普通信号最短持有=5
2026-07-30 01:21:27 - INFO - [发布指纹] 构建=20260730.1 业务配置=1506a0e834fe 状态结构=6
2026-07-30 01:21:27 - INFO - [cross-v0.3.2] 位置差值上穿已启用 | 自检=通过 预期=通过 | 自检反转分=12
2026-07-30 01:21:27 - INFO - [指标参数] RSI(6,12,24) MACD(12,26,9) KDJ(9,3,3) BOLL(20,2.0) ATR(14) ADX(14) MA(5,10,20,60)
2026-07-30 01:21:28 - INFO - [状态台账] 已与当前券商持仓核验一致，直接恢复持仓风险状态
2026-07-30 01:21:28 - INFO - [盘前收盘确认] 513500.SS 区间=2026-07-29~2026-07-29 交易日数=1 零成交量日数=0 确认前最高收盘价=2.577000 已确认最高收盘价=2.577000
2026-07-30 01:21:28 - INFO - [PTrade框架g] 状态=未提供 代次=不适用 原因=未发现持久状态元数据
2026-07-30 01:21:28 - INFO - [连续状态恢复] 来源=状态台账 代次=13
2026-07-30 01:21:28 - INFO - [持仓风险恢复] 来源=状态台账
2026-07-30 01:21:28 - INFO - [持仓风险恢复] 代码=513500.SS 数量=4200 成本=2.561100 买入日期=2026-07-16 ATR=0.025429 持仓最高收盘价=2.577000 状态=已验证 来源=状态台账
2026-07-30 09:35:00 - INFO - [交易日开始] 执行日期=2026-07-30 信号日期=2026-07-29 策略=cross-v0.3.2 是否调仓=是
2026-07-30 09:35:00 - INFO - [阶段1/5][风险检查] 检查当前持仓ATR止损
2026-07-30 09:35:00 - INFO - [阶段2/5][全池评分] ETF总数=9 停牌跳过=1
2026-07-30 09:35:00 - INFO - [评分跳过汇总] 停牌=1
2026-07-30 09:35:00 - INFO - [阶段3/5][信号摘要] 有效评分=8
2026-07-30 09:35:00 - INFO - [候选#1] 代码=513050.SS 买入评分=64 反转评分=35 位置评分=15 趋势评分=14 量能评分=0 卖出评分=0 收盘价=1.133
2026-07-30 09:35:01 - DEBUG - [指标明细][候选#1][513050.SS] RSI[6/12/24]=63.8/59.1/53.6 MACD[DIF/DEA/HIST]=0.0108/0.0072/0.0072 KDJ[K/D/J]=47.7/43.5/56.2 BOLL[U/M/L]=1.167/1.085/1.003 MA[5/10/20/60]=1.096/1.107/1.085/1.103 VOL[5/20]=2208147680/3060145680 ATR14=0.0382 DMI[+DI/-DI/ADX]=26.7/23.8/36.0 RSI_DIFF[6-12/6-24]=4.7/10.2(前值 -0.4/2.6) MACD_DIFF[DIF-DEA]=0.0036(前值 0.0017) KDJ_DIFF[K-D/J-D]=4.2/12.7(前值 -8.1/-24.3)
2026-07-30 09:35:02 - INFO - [候选#2] 代码=159985.SZ 买入评分=47 反转评分=0 位置评分=17 趋势评分=20 量能评分=10 卖出评分=55 收盘价=2.130
2026-07-30 09:35:03 - DEBUG - [指标明细][候选#2][159985.SZ] RSI[6/12/24]=37.9/46.9/50.6 MACD[DIF/DEA/HIST]=0.0324/0.0388/-0.0127 KDJ[K/D/J]=45.4/59.2/17.7 BOLL[U/M/L]=2.290/2.171/2.052 MA[5/10/20/60]=2.208/2.190/2.171/2.095 VOL[5/20]=349232572/285329116 ATR14=0.0742 DMI[+DI/-DI/ADX]=23.5/29.0/36.3 RSI_DIFF[6-12/6-24]=-9.0/-12.7(前值 -10.1/-14.2) MACD_DIFF[DIF-DEA]=-0.0064(前值 -0.0002) KDJ_DIFF[K-D/J-D]=-13.9/-41.6(前值 -9.7/-29.1)
2026-07-30 09:35:03 - INFO - [候选#3] 代码=159928.SZ 买入评分=45 反转评分=12 位置评分=7 趋势评分=20 量能评分=6 卖出评分=0 收盘价=0.679
2026-07-30 09:35:03 - DEBUG - [指标明细][候选#3][159928.SZ] RSI[6/12/24]=67.8/62.4/54.9 MACD[DIF/DEA/HIST]=0.0076/0.0035/0.0082 KDJ[K/D/J]=69.5/70.7/67.2 BOLL[U/M/L]=0.691/0.650/0.609 MA[5/10/20/60]=0.668/0.668/0.650/0.663 VOL[5/20]=494395812/574292908 ATR14=0.0171 DMI[+DI/-DI/ADX]=36.0/6.0/54.4 RSI_DIFF[6-12/6-24]=5.4/12.9(前值 3.5/10.2) MACD_DIFF[DIF-DEA]=0.0041(前值 0.0040) KDJ_DIFF[K-D/J-D]=-1.2/-3.5(前值 -5.1/-15.4)
2026-07-30 09:35:03 - INFO - [候选#4] 代码=518880.SS 买入评分=40 反转评分=12 位置评分=17 趋势评分=11 量能评分=0 卖出评分=11 收盘价=8.392
2026-07-30 09:35:03 - DEBUG - [指标明细][候选#4][518880.SS] RSI[6/12/24]=43.1/43.1/41.1 MACD[DIF/DEA/HIST]=-0.0907/-0.1165/0.0515 KDJ[K/D/J]=47.8/50.9/41.6 BOLL[U/M/L]=8.691/8.473/8.256 MA[5/10/20/60]=8.448/8.426/8.473/8.927 VOL[5/20]=296579740/306144574 ATR14=0.1063 DMI[+DI/-DI/ADX]=27.9/39.2/12.7 RSI_DIFF[6-12/6-24]=0.0/2.1(前值 0.5/2.7) MACD_DIFF[DIF-DEA]=0.0258(前值 0.0303) KDJ_DIFF[K-D/J-D]=-3.1/-9.3(前值 0.3/0.8)
2026-07-30 09:35:03 - INFO - [候选#5] 代码=512100.SS 买入评分=25 反转评分=24 位置评分=10 趋势评分=-15 量能评分=6 卖出评分=10 收盘价=2.878
2026-07-30 09:35:03 - DEBUG - [指标明细][候选#5][512100.SS] RSI[6/12/24]=38.7/35.5/37.8 MACD[DIF/DEA/HIST]=-0.1498/-0.1302/-0.0391 KDJ[K/D/J]=33.7/28.1/44.9 BOLL[U/M/L]=3.593/3.116/2.638 MA[5/10/20/60]=2.880/2.904/3.116/3.350 VOL[5/20]=1712108768/1824927340 ATR14=0.1229 DMI[+DI/-DI/ADX]=6.8/45.7/70.0 RSI_DIFF[6-12/6-24]=3.2/0.9(前值 0.9/-2.5) MACD_DIFF[DIF-DEA]=-0.0196(前值 -0.0269) KDJ_DIFF[K-D/J-D]=5.6/16.8(前值 3.7/11.1)
2026-07-30 09:35:03 - INFO - [上穿信号] 数量=4
2026-07-30 09:35:03 - INFO - [上穿#1] 代码=513050.SS 反转评分=35 买入评分=64 卖出评分=0 上穿=RSI6上穿RSI12(近3日有效,当日新发生),RSI6上穿RSI24(近3日有效,距发生2个交易日),K上穿D(近3日有效,当日新发生),J上穿D(近3日有效,当日新发生) 下穿=无
2026-07-30 09:35:03 - DEBUG - [指标明细][上穿#1][513050.SS] RSI6上穿RSI12=是 RSI6上穿RSI24=是 DIF上穿DEA=否 K上穿D=是 J上穿D=是 RSI6下穿RSI12=否 RSI6下穿RSI24=否 DIF下穿DEA=否 K下穿D=否 J下穿D=否 RSI[6/12/24]=63.8/59.1/53.6 MACD[DIF/DEA/HIST]=0.0108/0.0072/0.0072 KDJ[K/D/J]=47.7/43.5/56.2 BOLL[U/M/L]=1.167/1.085/1.003 MA[5/10/20/60]=1.096/1.107/1.085/1.103 VOL[5/20]=2208147680/3060145680 ATR14=0.0382 DMI[+DI/-DI/ADX]=26.7/23.8/36.0 RSI_DIFF[6-12/6-24]=4.7/10.2(前值 -0.4/2.6) MACD_DIFF[DIF-DEA]=0.0036(前值 0.0017) KDJ_DIFF[K-D/J-D]=4.2/12.7(前值 -8.1/-24.3)
2026-07-30 09:35:03 - INFO - [上穿#2] 代码=512100.SS 反转评分=24 买入评分=25 卖出评分=10 上穿=RSI6上穿RSI12(近3日有效,距发生2个交易日),RSI6上穿RSI24(近3日有效,当日新发生) 下穿=无
2026-07-30 09:35:03 - DEBUG - [指标明细][上穿#2][512100.SS] RSI6上穿RSI12=是 RSI6上穿RSI24=是 DIF上穿DEA=否 K上穿D=否 J上穿D=否 RSI6下穿RSI12=否 RSI6下穿RSI24=否 DIF下穿DEA=否 K下穿D=否 J下穿D=否 RSI[6/12/24]=38.7/35.5/37.8 MACD[DIF/DEA/HIST]=-0.1498/-0.1302/-0.0391 KDJ[K/D/J]=33.7/28.1/44.9 BOLL[U/M/L]=3.593/3.116/2.638 MA[5/10/20/60]=2.880/2.904/3.116/3.350 VOL[5/20]=1712108768/1824927340 ATR14=0.1229 DMI[+DI/-DI/ADX]=6.8/45.7/70.0 RSI_DIFF[6-12/6-24]=3.2/0.9(前值 0.9/-2.5) MACD_DIFF[DIF-DEA]=-0.0196(前值 -0.0269) KDJ_DIFF[K-D/J-D]=5.6/16.8(前值 3.7/11.1)
2026-07-30 09:35:03 - INFO - [上穿#3] 代码=159928.SZ 反转评分=12 买入评分=45 卖出评分=0 上穿=RSI6上穿RSI12(近3日有效,距发生1个交易日) 下穿=无
2026-07-30 09:35:03 - DEBUG - [指标明细][上穿#3][159928.SZ] RSI6上穿RSI12=是 RSI6上穿RSI24=否 DIF上穿DEA=否 K上穿D=否 J上穿D=否 RSI6下穿RSI12=否 RSI6下穿RSI24=否 DIF下穿DEA=否 K下穿D=否 J下穿D=否 RSI[6/12/24]=67.8/62.4/54.9 MACD[DIF/DEA/HIST]=0.0076/0.0035/0.0082 KDJ[K/D/J]=69.5/70.7/67.2 BOLL[U/M/L]=0.691/0.650/0.609 MA[5/10/20/60]=0.668/0.668/0.650/0.663 VOL[5/20]=494395812/574292908 ATR14=0.0171 DMI[+DI/-DI/ADX]=36.0/6.0/54.4 RSI_DIFF[6-12/6-24]=5.4/12.9(前值 3.5/10.2) MACD_DIFF[DIF-DEA]=0.0041(前值 0.0040) KDJ_DIFF[K-D/J-D]=-1.2/-3.5(前值 -5.1/-15.4)
2026-07-30 09:35:03 - INFO - [上穿#4] 代码=518880.SS 反转评分=12 买入评分=40 卖出评分=11 上穿=RSI6上穿RSI12(近3日有效,距发生2个交易日) 下穿=K下穿D(近3日有效,当日新发生),J下穿D(近3日有效,当日新发生)
2026-07-30 09:35:03 - DEBUG - [指标明细][上穿#4][518880.SS] RSI6上穿RSI12=是 RSI6上穿RSI24=否 DIF上穿DEA=否 K上穿D=否 J上穿D=否 RSI6下穿RSI12=否 RSI6下穿RSI24=否 DIF下穿DEA=否 K下穿D=是 J下穿D=是 RSI[6/12/24]=43.1/43.1/41.1 MACD[DIF/DEA/HIST]=-0.0907/-0.1165/0.0515 KDJ[K/D/J]=47.8/50.9/41.6 BOLL[U/M/L]=8.691/8.473/8.256 MA[5/10/20/60]=8.448/8.426/8.473/8.927 VOL[5/20]=296579740/306144574 ATR14=0.1063 DMI[+DI/-DI/ADX]=27.9/39.2/12.7 RSI_DIFF[6-12/6-24]=0.0/2.1(前值 0.5/2.7) MACD_DIFF[DIF-DEA]=0.0258(前值 0.0303) KDJ_DIFF[K-D/J-D]=-3.1/-9.3(前值 0.3/0.8)
2026-07-30 09:35:03 - INFO - [宽松反转] 数量=7
2026-07-30 09:35:03 - INFO - [宽松反转#1] 代码=513050.SS 转强数=3 买入评分=64 反转评分=35 转强=RSI,MACD,KDJ
2026-07-30 09:35:03 - DEBUG - [指标明细][宽松反转#1][513050.SS] RSI转强=True RSI变化=11.04 MACD转强=True DIF变化=0.0028 KDJ转强=True K值变化=14.45 J值变化=39.11 RSI[6/12/24]=63.8/59.1/53.6 MACD[DIF/DEA/HIST]=0.0108/0.0072/0.0072 KDJ[K/D/J]=47.7/43.5/56.2 BOLL[U/M/L]=1.167/1.085/1.003 MA[5/10/20/60]=1.096/1.107/1.085/1.103 VOL[5/20]=2208147680/3060145680 ATR14=0.0382 DMI[+DI/-DI/ADX]=26.7/23.8/36.0 RSI_DIFF[6-12/6-24]=4.7/10.2(前值 -0.4/2.6) MACD_DIFF[DIF-DEA]=0.0036(前值 0.0017) KDJ_DIFF[K-D/J-D]=4.2/12.7(前值 -8.1/-24.3)
2026-07-30 09:35:03 - INFO - [宽松反转#2] 代码=159928.SZ 转强数=3 买入评分=45 反转评分=12 转强=RSI,MACD,KDJ
2026-07-30 09:35:03 - DEBUG - [指标明细][宽松反转#2][159928.SZ] RSI转强=True RSI变化=4.15 MACD转强=True DIF变化=0.0011 KDJ转强=True K值变化=3.39 J值变化=11.34 RSI[6/12/24]=67.8/62.4/54.9 MACD[DIF/DEA/HIST]=0.0076/0.0035/0.0082 KDJ[K/D/J]=69.5/70.7/67.2 BOLL[U/M/L]=0.691/0.650/0.609 MA[5/10/20/60]=0.668/0.668/0.650/0.663 VOL[5/20]=494395812/574292908 ATR14=0.0171 DMI[+DI/-DI/ADX]=36.0/6.0/54.4 RSI_DIFF[6-12/6-24]=5.4/12.9(前值 3.5/10.2) MACD_DIFF[DIF-DEA]=0.0041(前值 0.0040) KDJ_DIFF[K-D/J-D]=-1.2/-3.5(前值 -5.1/-15.4)
2026-07-30 09:35:03 - INFO - [宽松反转#3] 代码=512100.SS 转强数=3 买入评分=25 反转评分=24 转强=RSI,MACD,KDJ
2026-07-30 09:35:03 - DEBUG - [指标明细][宽松反转#3][512100.SS] RSI转强=True RSI变化=4.68 MACD转强=True DIF变化=0.0025 KDJ转强=True K值变化=4.70 J值变化=8.49 RSI[6/12/24]=38.7/35.5/37.8 MACD[DIF/DEA/HIST]=-0.1498/-0.1302/-0.0391 KDJ[K/D/J]=33.7/28.1/44.9 BOLL[U/M/L]=3.593/3.116/2.638 MA[5/10/20/60]=2.880/2.904/3.116/3.350 VOL[5/20]=1712108768/1824927340 ATR14=0.1229 DMI[+DI/-DI/ADX]=6.8/45.7/70.0 RSI_DIFF[6-12/6-24]=3.2/0.9(前值 0.9/-2.5) MACD_DIFF[DIF-DEA]=-0.0196(前值 -0.0269) KDJ_DIFF[K-D/J-D]=5.6/16.8(前值 3.7/11.1)
2026-07-30 09:35:03 - INFO - [宽松反转#4] 代码=513500.SS 转强数=2 买入评分=22 反转评分=0 转强=RSI,KDJ
2026-07-30 09:35:03 - DEBUG - [指标明细][宽松反转#4][513500.SS] RSI转强=True RSI变化=14.24 MACD转强=False DIF变化=-0.0002 KDJ转强=True K值变化=5.99 J值变化=21.52 RSI[6/12/24]=48.5/48.6/50.6 MACD[DIF/DEA/HIST]=-0.0021/0.0011/-0.0064 KDJ[K/D/J]=28.3/31.8/21.2 BOLL[U/M/L]=2.565/2.518/2.472 MA[5/10/20/60]=2.509/2.517/2.518/2.518 VOL[5/20]=118852036/137689302 ATR14=0.0314 DMI[+DI/-DI/ADX]=25.5/29.0/15.3 RSI_DIFF[6-12/6-24]=-0.1/-2.2(前值 -7.7/-13.4) MACD_DIFF[DIF-DEA]=-0.0032(前值 -0.0038) KDJ_DIFF[K-D/J-D]=-3.5/-10.6(前值 -11.3/-33.9)
2026-07-30 09:35:03 - INFO - [宽松反转#5] 代码=159915.SZ 转强数=2 买入评分=5 反转评分=0 转强=RSI,KDJ
2026-07-30 09:35:03 - DEBUG - [指标明细][宽松反转#5][159915.SZ] RSI转强=True RSI变化=4.69 MACD转强=False DIF变化=-0.0072 KDJ转强=True K值变化=1.38 J值变化=5.63 RSI[6/12/24]=34.9/36.9/41.2 MACD[DIF/DEA/HIST]=-0.1547/-0.1208/-0.0678 KDJ[K/D/J]=26.4/27.9/23.4 BOLL[U/M/L]=4.174/3.731/3.288 MA[5/10/20/60]=3.495/3.543/3.731/3.940 VOL[5/20]=2586222160/2460101690 ATR14=0.1848 DMI[+DI/-DI/ADX]=9.5/37.2/47.2 RSI_DIFF[6-12/6-24]=-2.0/-6.3(前值 -4.4/-9.8) MACD_DIFF[DIF-DEA]=-0.0339(前值 -0.0352) KDJ_DIFF[K-D/J-D]=-1.5/-4.5(前值 -3.6/-10.8)
2026-07-30 09:35:03 - INFO - [阶段4/5][卖出评估] 当前持仓=1
2026-07-30 09:35:03 - INFO - [阶段5/5][买入评估] 使用冻结候选执行买入筛选
2026-07-30 09:35:03 - INFO - [买入名单] 当日原定候选=513050.SS
2026-07-30 09:35:03 - INFO - [IOPV观察] 事件=买入 时间=2026-07-30 09:35:03.495223 代码=513050.SS 有效=False 市价=1.135 IOPV=None 溢价率百分比=None 行情时间戳=20260730093501000 行情延迟秒数=2.49519
2026-07-30 09:35:03 - INFO - [买入] 513050.SS 买入评分=64 反转评分=35 位置评分=15 趋势评分=14 量能评分=0 目标金额=5523 股数=4800 最新价=1.135 卖五限价=1.139
2026-07-30 09:35:03 - INFO - [买入委托] 513050.SS 委托编号=e957ab8f74174b8b88b3463ffa3124fe
2026-07-30 09:35:03 - INFO - [订单生命周期] 事件=已提交 来源=策略下单 方向=买入 代码=513050.SS 委托编号=e957ab8f74174b8b88b3463ffa3124fe 请求数量=4800 累计成交=0 剩余数量=4800 耗时=0.001秒 状态=进行中
2026-07-30 09:35:03 - INFO - [交易日汇总] 有效评分=8 上穿标的=4 宽松反转标的=7 ATR止损触发=0 新提交卖单=0 新提交买单=1 待卖委托=0 待买委托=1 延后买入=否
2026-07-30 09:35:03 - INFO - [交易日结束] 执行日期=2026-07-30
2026-07-30 09:35:03 - INFO - [成交主推入口] 实盘标志=是 记录数=1
2026-07-30 09:35:03 - INFO - [成交主推明细] 序号=1 类型=dict 代码=513050.SS 方向=1 成交数量=4800 成交价格=1.135 成交额=5448.0 order_id=e957ab8f74174b8b88b3463ffa3124fe 委托号=635020826 成交编号=5845866 委托状态=8 成交类型=0 成交状态=0 撤单原委托号=0 废单原因=  成交时间=2026-07-30 09:35:03
2026-07-30 09:35:03 - INFO - [订单生命周期] 事件=成交完成 来源=成交主推 方向=买入 代码=513050.SS 委托编号=e957ab8f74174b8b88b3463ffa3124fe 请求数量=4800 累计成交=4800 剩余数量=0 耗时=0.114秒 状态=已完成
2026-07-30 09:35:03 - INFO - [成交回报] 买入 513050.SS 数量=4800 价格=1.135 累计成交=4800
2026-07-30 10:35:00 - INFO - [复牌补偿] 已复牌=513100.SS，已执行延后卖出与买入评估
2026-07-30 10:35:00 - INFO - [cross-v0.3.2] 没有达到阈值的买入候选
2026-07-30 10:35:00 - INFO - [买入筛选汇总] 来源=10:35复牌/卖单补偿 总数=9 通过=0 评分不足=8 已有持仓或待买=2 卖出风险过高=3 缺少新鲜低位=0 冲突组合=0 禁止买入=0 当日已卖出=0 当日买入失败=0
2026-07-30 10:35:00 - DEBUG - [买入筛选明细] 来源=10:35复牌/卖单补偿 代码=513050.SS 买入评分=64 卖出评分=0 原因=已有持仓或待买
2026-07-30 10:35:00 - DEBUG - [买入筛选明细] 来源=10:35复牌/卖单补偿 代码=159985.SZ 买入评分=47 卖出评分=55 原因=评分不足(47<60),卖出风险过高(55>=30)
2026-07-30 10:35:01 - DEBUG - [买入筛选明细] 来源=10:35复牌/卖单补偿 代码=159928.SZ 买入评分=45 卖出评分=0 原因=评分不足(45<60)
2026-07-30 10:35:01 - DEBUG - [买入筛选明细] 来源=10:35复牌/卖单补偿 代码=518880.SS 买入评分=40 卖出评分=11 原因=评分不足(40<60)
2026-07-30 10:35:01 - DEBUG - [买入筛选明细] 来源=10:35复牌/卖单补偿 代码=512100.SS 买入评分=25 卖出评分=10 原因=评分不足(25<60)
2026-07-30 10:35:02 - DEBUG - [买入筛选明细] 来源=10:35复牌/卖单补偿 代码=513500.SS 买入评分=22 卖出评分=10 原因=评分不足(22<60),已有持仓或待买
2026-07-30 10:35:02 - DEBUG - [买入筛选明细] 来源=10:35复牌/卖单补偿 代码=159915.SZ 买入评分=5 卖出评分=45 原因=评分不足(5<60),卖出风险过高(45>=30)
2026-07-30 10:35:02 - DEBUG - [买入筛选明细] 来源=10:35复牌/卖单补偿 代码=513100.SS 买入评分=2 卖出评分=10 原因=评分不足(2<60)
2026-07-30 10:35:02 - DEBUG - [买入筛选明细] 来源=10:35复牌/卖单补偿 代码=513880.SS 买入评分=0 卖出评分=33 原因=评分不足(0<60),卖出风险过高(33>=30)
2026-07-30 15:30:00 - INFO - [盘后委托核对] 未发现未完成委托
2026-07-30 15:30:01 - INFO - [订单生命周期汇总] 来源=盘后 待买委托=0 待卖委托=0 延后买入=否 委托状态未知=否
2026-07-30 15:30:02 - INFO - ============================================================
2026-07-30 15:30:03 - INFO - [cross-v0.3.2 收盘] 总资产=17413.13 可用资金=534.13 持仓数=2/3
2026-07-30 15:30:03 - INFO - [盘后观察] 513050.SS 成本价=1.135 盘后观察价=1.139 临时最高收盘价=1.139 收益率=0.3% 买入评分=64 卖出评分=0 止损价=1.043；已写入临时风险状态，次日盘前确认并用最终T-1日线纠正
2026-07-30 15:30:04 - INFO - [盘后观察] 513500.SS 成本价=2.561 盘后观察价=2.479 临时最高收盘价=2.577 收益率=-3.2% 买入评分=22 卖出评分=10 止损价=2.448；已写入临时风险状态，次日盘前确认并用最终T-1日线纠正
2026-07-30 15:30:05 - INFO - ============================================================
2026-07-31 09:10:00 - INFO - [盘前收盘确认] 513050.SS 区间=2026-07-30~2026-07-30 交易日数=1 零成交量日数=0 确认前最高收盘价=1.135000 已确认最高收盘价=1.139000
2026-07-31 09:10:03 - INFO - [盘前收盘确认] 513500.SS 区间=2026-07-30~2026-07-30 交易日数=1 零成交量日数=0 确认前最高收盘价=2.577000 已确认最高收盘价=2.577000
2026-07-31 09:10:05 - INFO - [PTrade框架g] 状态=未提供 代次=不适用 原因=未发现持久状态元数据
2026-07-31 09:10:06 - INFO - [连续状态恢复] 来源=状态台账 代次=13
2026-07-31 09:10:07 - INFO - [持仓风险恢复] 来源=混合恢复
2026-07-31 09:10:07 - INFO - [持仓风险恢复] 代码=513050.SS 数量=4800 成本=1.135100 买入日期=2026-07-30 ATR=0.038214 持仓最高收盘价=1.139000 状态=已验证 来源=当前策略成交
2026-07-31 09:10:08 - INFO - [持仓风险恢复] 代码=513500.SS 数量=4200 成本=2.561100 买入日期=2026-07-16 ATR=0.025429 持仓最高收盘价=2.577000 状态=已验证 来源=状态台账
2026-07-31 09:35:00 - INFO - [交易日开始] 执行日期=2026-07-31 信号日期=2026-07-30 策略=cross-v0.3.2 是否调仓=是
2026-07-31 09:35:00 - INFO - [阶段1/5][风险检查] 检查当前持仓ATR止损
2026-07-31 09:35:00 - INFO - [阶段2/5][全池评分] ETF总数=9 停牌跳过=1
2026-07-31 09:35:00 - INFO - [评分跳过汇总] 停牌=1
2026-07-31 09:35:00 - INFO - [阶段3/5][信号摘要] 有效评分=8
2026-07-31 09:35:01 - INFO - [候选#1] 代码=159928.SZ 买入评分=49 反转评分=23 位置评分=0 趋势评分=20 量能评分=6 卖出评分=0 收盘价=0.699
2026-07-31 09:35:02 - DEBUG - [指标明细][候选#1][159928.SZ] RSI[6/12/24]=77.9/68.9/59.2 MACD[DIF/DEA/HIST]=0.0100/0.0048/0.0104 KDJ[K/D/J]=78.4/73.2/88.6 BOLL[U/M/L]=0.698/0.653/0.608 MA[5/10/20/60]=0.674/0.671/0.653/0.662 VOL[5/20]=572378838/593880017 ATR14=0.0171 DMI[+DI/-DI/ADX]=37.7/6.0/57.5 RSI_DIFF[6-12/6-24]=9.0/18.7(前值 5.4/13.0) MACD_DIFF[DIF-DEA]=0.0052(前值 0.0041) KDJ_DIFF[K-D/J-D]=5.1/15.3(前值 -1.2/-3.5)
2026-07-31 09:35:02 - INFO - [候选#2] 代码=513050.SS 买入评分=44 反转评分=23 位置评分=7 趋势评分=14 量能评分=0 卖出评分=0 收盘价=1.139
2026-07-31 09:35:02 - DEBUG - [指标明细][候选#2][513050.SS] RSI[6/12/24]=65.5/60.0/54.2 MACD[DIF/DEA/HIST]=0.0133/0.0084/0.0098 KDJ[K/D/J]=60.4/49.1/82.9 BOLL[U/M/L]=1.167/1.092/1.018 MA[5/10/20/60]=1.105/1.107/1.092/1.102 VOL[5/20]=2317721860/3049469640 ATR14=0.0381 DMI[+DI/-DI/ADX]=27.9/23.6/33.9 RSI_DIFF[6-12/6-24]=5.4/11.3(前值 4.7/10.2) MACD_DIFF[DIF-DEA]=0.0049(前值 0.0036) KDJ_DIFF[K-D/J-D]=11.3/33.8(前值 4.2/12.7)
2026-07-31 09:35:02 - INFO - [候选#3] 代码=159985.SZ 买入评分=32 反转评分=0 位置评分=17 趋势评分=11 量能评分=4 卖出评分=43 收盘价=2.088
2026-07-31 09:35:02 - DEBUG - [指标明细][候选#3][159985.SZ] RSI[6/12/24]=31.8/42.4/47.6 MACD[DIF/DEA/HIST]=0.0226/0.0355/-0.0259 KDJ[K/D/J]=30.8/49.8/-7.1 BOLL[U/M/L]=2.288/2.172/2.057 MA[5/10/20/60]=2.177/2.184/2.172/2.093 VOL[5/20]=342175922/279835713 ATR14=0.0740 DMI[+DI/-DI/ADX]=22.6/32.7/33.5 RSI_DIFF[6-12/6-24]=-10.6/-15.8(前值 -9.0/-12.6) MACD_DIFF[DIF-DEA]=-0.0129(前值 -0.0064) KDJ_DIFF[K-D/J-D]=-19.0/-56.9(前值 -13.9/-41.6)
2026-07-31 09:35:02 - INFO - [候选#4] 代码=518880.SS 买入评分=26 反转评分=0 位置评分=17 趋势评分=5 量能评分=4 卖出评分=45 收盘价=8.360
2026-07-31 09:35:02 - DEBUG - [指标明细][候选#4][518880.SS] RSI[6/12/24]=39.7/41.6/40.3 MACD[DIF/DEA/HIST]=-0.0908/-0.1114/0.0412 KDJ[K/D/J]=38.2/46.6/21.4 BOLL[U/M/L]=8.691/8.468/8.244 MA[5/10/20/60]=8.408/8.426/8.468/8.904 VOL[5/20]=302992792/300562198 ATR14=0.1124 DMI[+DI/-DI/ADX]=31.4/40.0/12.8 RSI_DIFF[6-12/6-24]=-1.9/-0.7(前值 0.0/2.2) MACD_DIFF[DIF-DEA]=0.0206(前值 0.0258) KDJ_DIFF[K-D/J-D]=-8.4/-25.3(前值 -3.1/-9.3)
2026-07-31 09:35:02 - INFO - [候选#5] 代码=513500.SS 买入评分=22 反转评分=0 位置评分=17 趋势评分=5 量能评分=0 卖出评分=10 收盘价=2.479
2026-07-31 09:35:02 - DEBUG - [指标明细][候选#5][513500.SS] RSI[6/12/24]=37.1/42.3/47.3 MACD[DIF/DEA/HIST]=-0.0048/-0.0001/-0.0094 KDJ[K/D/J]=21.4/28.4/7.5 BOLL[U/M/L]=2.565/2.518/2.471 MA[5/10/20/60]=2.500/2.507/2.518/2.518 VOL[5/20]=117562776/136615101 ATR14=0.0331 DMI[+DI/-DI/ADX]=21.5/32.1/13.3 RSI_DIFF[6-12/6-24]=-5.3/-10.2(前值 -0.1/-2.2) MACD_DIFF[DIF-DEA]=-0.0047(前值 -0.0032) KDJ_DIFF[K-D/J-D]=-6.9/-20.8(前值 -3.5/-10.6)
2026-07-31 09:35:02 - INFO - [上穿信号] 数量=2
2026-07-31 09:35:02 - INFO - [上穿#1] 代码=159928.SZ 反转评分=23 买入评分=49 卖出评分=0 上穿=RSI6上穿RSI12(近3日有效,距发生2个交易日),K上穿D(近3日有效,当日新发生),J上穿D(近3日有效,当日新发生) 下穿=无
2026-07-31 09:35:02 - DEBUG - [指标明细][上穿#1][159928.SZ] RSI6上穿RSI12=是 RSI6上穿RSI24=否 DIF上穿DEA=否 K上穿D=是 J上穿D=是 RSI6下穿RSI12=否 RSI6下穿RSI24=否 DIF下穿DEA=否 K下穿D=否 J下穿D=否 RSI[6/12/24]=77.9/68.9/59.2 MACD[DIF/DEA/HIST]=0.0100/0.0048/0.0104 KDJ[K/D/J]=78.4/73.2/88.6 BOLL[U/M/L]=0.698/0.653/0.608 MA[5/10/20/60]=0.674/0.671/0.653/0.662 VOL[5/20]=572378838/593880017 ATR14=0.0171 DMI[+DI/-DI/ADX]=37.7/6.0/57.5 RSI_DIFF[6-12/6-24]=9.0/18.7(前值 5.4/13.0) MACD_DIFF[DIF-DEA]=0.0052(前值 0.0041) KDJ_DIFF[K-D/J-D]=5.1/15.3(前值 -1.2/-3.5)
2026-07-31 09:35:02 - INFO - [上穿#2] 代码=513050.SS 反转评分=23 买入评分=44 卖出评分=0 上穿=RSI6上穿RSI12(近3日有效,距发生1个交易日),K上穿D(近3日有效,距发生1个交易日),J上穿D(近3日有效,距发生1个交易日) 下穿=无
2026-07-31 09:35:02 - DEBUG - [指标明细][上穿#2][513050.SS] RSI6上穿RSI12=是 RSI6上穿RSI24=否 DIF上穿DEA=否 K上穿D=是 J上穿D=是 RSI6下穿RSI12=否 RSI6下穿RSI24=否 DIF下穿DEA=否 K下穿D=否 J下穿D=否 RSI[6/12/24]=65.5/60.0/54.2 MACD[DIF/DEA/HIST]=0.0133/0.0084/0.0098 KDJ[K/D/J]=60.4/49.1/82.9 BOLL[U/M/L]=1.167/1.092/1.018 MA[5/10/20/60]=1.105/1.107/1.092/1.102 VOL[5/20]=2317721860/3049469640 ATR14=0.0381 DMI[+DI/-DI/ADX]=27.9/23.6/33.9 RSI_DIFF[6-12/6-24]=5.4/11.3(前值 4.7/10.2) MACD_DIFF[DIF-DEA]=0.0049(前值 0.0036) KDJ_DIFF[K-D/J-D]=11.3/33.8(前值 4.2/12.7)
2026-07-31 09:35:02 - INFO - [宽松反转] 数量=2
2026-07-31 09:35:02 - INFO - [宽松反转#1] 代码=159928.SZ 转强数=3 买入评分=49 反转评分=23 转强=RSI,MACD,KDJ
2026-07-31 09:35:02 - DEBUG - [指标明细][宽松反转#1][159928.SZ] RSI转强=True RSI变化=10.09 MACD转强=True DIF变化=0.0024 KDJ转强=True K值变化=8.82 J值变化=21.36 RSI[6/12/24]=77.9/68.9/59.2 MACD[DIF/DEA/HIST]=0.0100/0.0048/0.0104 KDJ[K/D/J]=78.4/73.2/88.6 BOLL[U/M/L]=0.698/0.653/0.608 MA[5/10/20/60]=0.674/0.671/0.653/0.662 VOL[5/20]=572378838/593880017 ATR14=0.0171 DMI[+DI/-DI/ADX]=37.7/6.0/57.5 RSI_DIFF[6-12/6-24]=9.0/18.7(前值 5.4/13.0) MACD_DIFF[DIF-DEA]=0.0052(前值 0.0041) KDJ_DIFF[K-D/J-D]=5.1/15.3(前值 -1.2/-3.5)
2026-07-31 09:35:02 - INFO - [宽松反转#2] 代码=513050.SS 转强数=3 买入评分=44 反转评分=23 转强=RSI,MACD,KDJ
2026-07-31 09:35:02 - DEBUG - [指标明细][宽松反转#2][513050.SS] RSI转强=True RSI变化=1.66 MACD转强=True DIF变化=0.0025 KDJ转强=True K值变化=12.67 J值变化=26.75 RSI[6/12/24]=65.5/60.0/54.2 MACD[DIF/DEA/HIST]=0.0133/0.0084/0.0098 KDJ[K/D/J]=60.4/49.1/82.9 BOLL[U/M/L]=1.167/1.092/1.018 MA[5/10/20/60]=1.105/1.107/1.092/1.102 VOL[5/20]=2317721860/3049469640 ATR14=0.0381 DMI[+DI/-DI/ADX]=27.9/23.6/33.9 RSI_DIFF[6-12/6-24]=5.4/11.3(前值 4.7/10.2) MACD_DIFF[DIF-DEA]=0.0049(前值 0.0036) KDJ_DIFF[K-D/J-D]=11.3/33.8(前值 4.2/12.7)
2026-07-31 09:35:02 - INFO - [阶段4/5][卖出评估] 当前持仓=2
2026-07-31 09:35:02 - INFO - [持仓] 513050.SS尚未满足最短持有期，已跳过信号卖出
2026-07-31 09:35:02 - INFO - [阶段5/5][买入评估] 使用冻结候选执行买入筛选
2026-07-31 09:35:02 - INFO - [cross-v0.3.2] 没有达到阈值的买入候选
2026-07-31 09:35:02 - INFO - [买入筛选汇总] 来源=09:35主流程 总数=8 通过=0 评分不足=8 已有持仓或待买=2 卖出风险过高=5 缺少新鲜低位=1 冲突组合=0 禁止买入=0 当日已卖出=0 当日买入失败=0
2026-07-31 09:35:02 - DEBUG - [买入筛选明细] 来源=09:35主流程 代码=159928.SZ 买入评分=49 卖出评分=0 原因=评分不足(49<60),缺少新鲜低位
2026-07-31 09:35:02 - DEBUG - [买入筛选明细] 来源=09:35主流程 代码=513050.SS 买入评分=44 卖出评分=0 原因=评分不足(44<60),已有持仓或待买
2026-07-31 09:35:02 - DEBUG - [买入筛选明细] 来源=09:35主流程 代码=159985.SZ 买入评分=32 卖出评分=43 原因=评分不足(32<60),卖出风险过高(43>=30)
2026-07-31 09:35:02 - DEBUG - [买入筛选明细] 来源=09:35主流程 代码=518880.SS 买入评分=26 卖出评分=45 原因=评分不足(26<60),卖出风险过高(45>=30)
2026-07-31 09:35:02 - DEBUG - [买入筛选明细] 来源=09:35主流程 代码=513500.SS 买入评分=22 卖出评分=10 原因=评分不足(22<60),已有持仓或待买
2026-07-31 09:35:02 - DEBUG - [买入筛选明细] 来源=09:35主流程 代码=159915.SZ 买入评分=0 卖出评分=45 原因=评分不足(0<60),卖出风险过高(45>=30)
2026-07-31 09:35:02 - DEBUG - [买入筛选明细] 来源=09:35主流程 代码=512100.SS 买入评分=0 卖出评分=34 原因=评分不足(0<60),卖出风险过高(34>=30)
2026-07-31 09:35:02 - DEBUG - [买入筛选明细] 来源=09:35主流程 代码=513880.SS 买入评分=0 卖出评分=33 原因=评分不足(0<60),卖出风险过高(33>=30)
2026-07-31 09:35:02 - INFO - [交易日汇总] 有效评分=8 上穿标的=2 宽松反转标的=2 ATR止损触发=0 新提交卖单=0 新提交买单=0 待卖委托=0 待买委托=0 延后买入=否
2026-07-31 09:35:02 - INFO - [交易日结束] 执行日期=2026-07-31
2026-07-31 10:35:00 - INFO - [复牌补偿] 已复牌=513100.SS，已执行延后卖出与买入评估
2026-07-31 10:35:00 - INFO - [cross-v0.3.2] 没有达到阈值的买入候选
2026-07-31 10:35:00 - INFO - [买入筛选汇总] 来源=10:35复牌/卖单补偿 总数=9 通过=0 评分不足=9 已有持仓或待买=2 卖出风险过高=5 缺少新鲜低位=1 冲突组合=0 禁止买入=0 当日已卖出=0 当日买入失败=0
2026-07-31 10:35:01 - DEBUG - [买入筛选明细] 来源=10:35复牌/卖单补偿 代码=159928.SZ 买入评分=49 卖出评分=0 原因=评分不足(49<60),缺少新鲜低位
2026-07-31 10:35:02 - DEBUG - [买入筛选明细] 来源=10:35复牌/卖单补偿 代码=513050.SS 买入评分=44 卖出评分=0 原因=评分不足(44<60),已有持仓或待买
2026-07-31 10:35:02 - DEBUG - [买入筛选明细] 来源=10:35复牌/卖单补偿 代码=159985.SZ 买入评分=32 卖出评分=43 原因=评分不足(32<60),卖出风险过高(43>=30)
2026-07-31 10:35:03 - DEBUG - [买入筛选明细] 来源=10:35复牌/卖单补偿 代码=518880.SS 买入评分=26 卖出评分=45 原因=评分不足(26<60),卖出风险过高(45>=30)
2026-07-31 10:35:03 - DEBUG - [买入筛选明细] 来源=10:35复牌/卖单补偿 代码=513500.SS 买入评分=22 卖出评分=10 原因=评分不足(22<60),已有持仓或待买
2026-07-31 10:35:03 - DEBUG - [买入筛选明细] 来源=10:35复牌/卖单补偿 代码=159915.SZ 买入评分=0 卖出评分=45 原因=评分不足(0<60),卖出风险过高(45>=30)
2026-07-31 10:35:03 - DEBUG - [买入筛选明细] 来源=10:35复牌/卖单补偿 代码=512100.SS 买入评分=0 卖出评分=34 原因=评分不足(0<60),卖出风险过高(34>=30)
2026-07-31 10:35:03 - DEBUG - [买入筛选明细] 来源=10:35复牌/卖单补偿 代码=513100.SS 买入评分=0 卖出评分=10 原因=评分不足(0<60)
2026-07-31 10:35:03 - DEBUG - [买入筛选明细] 来源=10:35复牌/卖单补偿 代码=513880.SS 买入评分=0 卖出评分=33 原因=评分不足(0<60),卖出风险过高(33>=30)
2026-07-31 15:30:00 - INFO - [盘后委托核对] 未发现未完成委托
2026-07-31 15:30:00 - INFO - [订单生命周期汇总] 来源=盘后 待买委托=0 待卖委托=0 延后买入=否 委托状态未知=否
2026-07-31 15:30:01 - INFO - ============================================================
2026-07-31 15:30:01 - INFO - [cross-v0.3.2 收盘] 总资产=17268.02 可用资金=234.22 持仓数=2/3
2026-07-31 15:30:02 - INFO - [盘后观察] 513050.SS 成本价=1.135 盘后观察价=1.145 临时最高收盘价=1.145 收益率=0.9% 买入评分=44 卖出评分=0 止损价=1.049；已写入临时风险状态，次日盘前确认并用最终T-1日线纠正
2026-07-31 15:30:02 - INFO - [盘后观察] 513500.SS 成本价=2.561 盘后观察价=2.509 临时最高收盘价=2.577 收益率=-2.0% 买入评分=22 卖出评分=10 止损价=2.448；已写入临时风险状态，次日盘前确认并用最终T-1日线纠正
2026-07-31 15:30:02 - INFO - ============================================================
2026-08-01 09:10:00 - INFO - [盘前收盘确认] 513050.SS 区间=2026-07-31~2026-07-31 交易日数=1 零成交量日数=0 确认前最高收盘价=1.139000 已确认最高收盘价=1.145000
2026-08-01 09:10:00 - INFO - [盘前收盘确认] 513500.SS 区间=2026-07-31~2026-07-31 交易日数=1 零成交量日数=0 确认前最高收盘价=2.577000 已确认最高收盘价=2.577000
2026-08-01 09:10:00 - INFO - [PTrade框架g] 状态=未提供 代次=不适用 原因=未发现持久状态元数据
2026-08-01 09:10:01 - INFO - [连续状态恢复] 来源=状态台账 代次=13
2026-08-01 09:10:04 - INFO - [持仓风险恢复] 来源=混合恢复
2026-08-01 09:10:06 - INFO - [持仓风险恢复] 代码=513050.SS 数量=4800 成本=1.135100 买入日期=2026-07-30 ATR=0.038214 持仓最高收盘价=1.145000 状态=已验证 来源=当前策略成交
2026-08-01 09:10:06 - INFO - [持仓风险恢复] 代码=513500.SS 数量=4200 成本=2.561100 买入日期=2026-07-16 ATR=0.025429 持仓最高收盘价=2.577000 状态=已验证 来源=状态台账
2026-08-03 09:10:04 - INFO - [cross-v0.3.2] 初始化完成: 最大持仓=3 基础仓位比例=0.95 普通信号最短持有=5
2026-08-03 09:10:04 - INFO - [发布指纹] 构建=20260730.1 业务配置=1506a0e834fe 状态结构=6
2026-08-03 09:10:04 - INFO - [cross-v0.3.2] 位置差值上穿已启用 | 自检=通过 预期=通过 | 自检反转分=12
2026-08-03 09:10:05 - INFO - [指标参数] RSI(6,12,24) MACD(12,26,9) KDJ(9,3,3) BOLL(20,2.0) ATR(14) ADX(14) MA(5,10,20,60)
2026-08-03 09:10:10 - INFO - [状态台账] 已与当前券商持仓核验一致，直接恢复持仓风险状态
2026-08-03 09:10:12 - INFO - [盘前收盘确认] 513050.SS 区间=2026-07-31~2026-07-31 交易日数=1 零成交量日数=0 确认前最高收盘价=1.145000 已确认最高收盘价=1.145000
2026-08-03 09:10:13 - INFO - [盘前收盘确认] 513500.SS 区间=2026-07-31~2026-07-31 交易日数=1 零成交量日数=0 确认前最高收盘价=2.577000 已确认最高收盘价=2.577000
2026-08-03 09:10:13 - INFO - [PTrade框架g] 状态=未提供 代次=不适用 原因=未发现持久状态元数据
2026-08-03 09:10:14 - INFO - [连续状态恢复] 来源=状态台账 代次=23
2026-08-03 09:10:14 - INFO - [持仓风险恢复] 来源=状态台账
2026-08-03 09:10:15 - INFO - [持仓风险恢复] 代码=513050.SS 数量=4800 成本=1.135100 买入日期=2026-07-30 ATR=0.038214 持仓最高收盘价=1.145000 状态=已验证 来源=状态台账
2026-08-03 09:10:15 - INFO - [持仓风险恢复] 代码=513500.SS 数量=4200 成本=2.561100 买入日期=2026-07-16 ATR=0.025429 持仓最高收盘价=2.577000 状态=已验证 来源=状态台账
2026-08-03 09:35:00 - INFO - [交易日开始] 执行日期=2026-08-03 信号日期=2026-07-31 策略=cross-v0.3.2 是否调仓=是
2026-08-03 09:35:00 - INFO - [阶段1/5][风险检查] 检查当前持仓ATR止损
2026-08-03 09:35:00 - INFO - [阶段2/5][全池评分] ETF总数=9 停牌跳过=1
2026-08-03 09:35:00 - INFO - [评分跳过汇总] 停牌=1
2026-08-03 09:35:00 - INFO - [阶段3/5][信号摘要] 有效评分=8
2026-08-03 09:35:00 - INFO - [候选#1] 代码=513050.SS 买入评分=56 反转评分=23 位置评分=7 趋势评分=20 量能评分=6 卖出评分=0 收盘价=1.145
2026-08-03 09:35:00 - DEBUG - [指标明细][候选#1][513050.SS] RSI[6/12/24]=67.3/61.0/54.8 MACD[DIF/DEA/HIST]=0.0157/0.0099/0.0115 KDJ[K/D/J]=68.8/55.7/95.1 BOLL[U/M/L]=1.166/1.099/1.032 MA[5/10/20/60]=1.121/1.111/1.099/1.100 VOL[5/20]=2579065360/3124898375 ATR14=0.0386 DMI[+DI/-DI/ADX]=28.9/23.5/30.8 RSI_DIFF[6-12/6-24]=6.2/12.5(前值 5.4/11.3) MACD_DIFF[DIF-DEA]=0.0058(前值 0.0049) KDJ_DIFF[K-D/J-D]=13.1/39.4(前值 11.3/33.8)
2026-08-03 09:35:00 - INFO - [候选#2] 代码=513500.SS 买入评分=51 反转评分=23 位置评分=17 趋势评分=5 量能评分=6 卖出评分=0 收盘价=2.509
2026-08-03 09:35:00 - DEBUG - [指标明细][候选#2][513500.SS] RSI[6/12/24]=50.2/49.0/50.5 MACD[DIF/DEA/HIST]=-0.0045/-0.0010/-0.0070 KDJ[K/D/J]=29.7/28.8/31.4 BOLL[U/M/L]=2.565/2.519/2.472 MA[5/10/20/60]=2.501/2.508/2.519/2.519 VOL[5/20]=127726536/136757245 ATR14=0.0349 DMI[+DI/-DI/ADX]=28.4/29.7/11.4 RSI_DIFF[6-12/6-24]=1.2/-0.2(前值 -5.3/-10.2) MACD_DIFF[DIF-DEA]=-0.0035(前值 -0.0047) KDJ_DIFF[K-D/J-D]=0.9/2.6(前值 -6.9/-20.8)
2026-08-03 09:35:00 - INFO - [候选#3] 代码=513880.SS 买入评分=47 反转评分=35 位置评分=17 趋势评分=-15 量能评分=10 卖出评分=0 收盘价=2.024
2026-08-03 09:35:01 - DEBUG - [指标明细][候选#3][513880.SS] RSI[6/12/24]=47.4/43.5/46.3 MACD[DIF/DEA/HIST]=-0.0567/-0.0418/-0.0298 KDJ[K/D/J]=26.4/23.3/32.6 BOLL[U/M/L]=2.311/2.104/1.897 MA[5/10/20/60]=1.994/2.027/2.104/2.129 VOL[5/20]=196577882/155832272 ATR14=0.0737 DMI[+DI/-DI/ADX]=27.6/35.4/36.7 RSI_DIFF[6-12/6-24]=3.9/1.1(前值 -6.9/-14.6) MACD_DIFF[DIF-DEA]=-0.0149(前值 -0.0213) KDJ_DIFF[K-D/J-D]=3.1/9.3(前值 -4.6/-13.8)
2026-08-03 09:35:01 - INFO - [候选#4] 代码=159928.SZ 买入评分=35 反转评分=11 位置评分=0 趋势评分=20 量能评分=4 卖出评分=6 收盘价=0.697
2026-08-03 09:35:01 - DEBUG - [指标明细][候选#4][159928.SZ] RSI[6/12/24]=75.1/67.6/58.6 MACD[DIF/DEA/HIST]=0.0116/0.0061/0.0108 KDJ[K/D/J]=82.7/76.4/95.2 BOLL[U/M/L]=0.704/0.657/0.610 MA[5/10/20/60]=0.682/0.676/0.657/0.662 VOL[5/20]=644391602/615262057 ATR14=0.0175 DMI[+DI/-DI/ADX]=37.1/6.0/61.0 RSI_DIFF[6-12/6-24]=7.5/16.4(前值 9.0/18.6) MACD_DIFF[DIF-DEA]=0.0054(前值 0.0052) KDJ_DIFF[K-D/J-D]=6.3/18.9(前值 5.1/15.3)
2026-08-03 09:35:01 - INFO - [候选#5] 代码=518880.SS 买入评分=32 反转评分=24 位置评分=17 趋势评分=-15 量能评分=6 卖出评分=11 收盘价=8.433
2026-08-03 09:35:01 - DEBUG - [指标明细][候选#5][518880.SS] RSI[6/12/24]=50.6/46.4/42.6 MACD[DIF/DEA/HIST]=-0.0839/-0.1058/0.0438 KDJ[K/D/J]=36.8/43.4/23.7 BOLL[U/M/L]=8.658/8.456/8.254 MA[5/10/20/60]=8.417/8.438/8.456/8.879 VOL[5/20]=288743316/292098250 ATR14=0.1106 DMI[+DI/-DI/ADX]=31.9/32.9/12.1 RSI_DIFF[6-12/6-24]=4.2/8.0(前值 -1.9/-0.8) MACD_DIFF[DIF-DEA]=0.0219(前值 0.0205) KDJ_DIFF[K-D/J-D]=-6.6/-19.7(前值 -8.4/-25.3)
2026-08-03 09:35:01 - INFO - [上穿信号] 数量=7
2026-08-03 09:35:01 - INFO - [上穿#1] 代码=513880.SS 反转评分=35 买入评分=47 卖出评分=0 上穿=RSI6上穿RSI12(近3日有效,当日新发生),RSI6上穿RSI24(近3日有效,当日新发生),K上穿D(近3日有效,当日新发生),J上穿D(近3日有效,当日新发生) 下穿=无
2026-08-03 09:35:01 - DEBUG - [指标明细][上穿#1][513880.SS] RSI6上穿RSI12=是 RSI6上穿RSI24=是 DIF上穿DEA=否 K上穿D=是 J上穿D=是 RSI6下穿RSI12=否 RSI6下穿RSI24=否 DIF下穿DEA=否 K下穿D=否 J下穿D=否 RSI[6/12/24]=47.4/43.5/46.3 MACD[DIF/DEA/HIST]=-0.0567/-0.0418/-0.0298 KDJ[K/D/J]=26.4/23.3/32.6 BOLL[U/M/L]=2.311/2.104/1.897 MA[5/10/20/60]=1.994/2.027/2.104/2.129 VOL[5/20]=196577882/155832272 ATR14=0.0737 DMI[+DI/-DI/ADX]=27.6/35.4/36.7 RSI_DIFF[6-12/6-24]=3.9/1.1(前值 -6.9/-14.6) MACD_DIFF[DIF-DEA]=-0.0149(前值 -0.0213) KDJ_DIFF[K-D/J-D]=3.1/9.3(前值 -4.6/-13.8)
2026-08-03 09:35:01 - INFO - [上穿#2] 代码=518880.SS 反转评分=24 买入评分=32 卖出评分=11 上穿=RSI6上穿RSI12(近3日有效,当日新发生),RSI6上穿RSI24(近3日有效,当日新发生) 下穿=K下穿D(近3日有效,距发生2个交易日),J下穿D(近3日有效,距发生2个交易日)
2026-08-03 09:35:01 - DEBUG - [指标明细][上穿#2][518880.SS] RSI6上穿RSI12=是 RSI6上穿RSI24=是 DIF上穿DEA=否 K上穿D=否 J上穿D=否 RSI6下穿RSI12=否 RSI6下穿RSI24=否 DIF下穿DEA=否 K下穿D=是 J下穿D=是 RSI[6/12/24]=50.6/46.4/42.6 MACD[DIF/DEA/HIST]=-0.0839/-0.1058/0.0438 KDJ[K/D/J]=36.8/43.4/23.7 BOLL[U/M/L]=8.658/8.456/8.254 MA[5/10/20/60]=8.417/8.438/8.456/8.879 VOL[5/20]=288743316/292098250 ATR14=0.1106 DMI[+DI/-DI/ADX]=31.9/32.9/12.1 RSI_DIFF[6-12/6-24]=4.2/8.0(前值 -1.9/-0.8) MACD_DIFF[DIF-DEA]=0.0219(前值 0.0205) KDJ_DIFF[K-D/J-D]=-6.6/-19.7(前值 -8.4/-25.3)
2026-08-03 09:35:01 - INFO - [上穿#3] 代码=512100.SS 反转评分=24 买入评分=29 卖出评分=10 上穿=RSI6上穿RSI12(近3日有效,当日新发生),RSI6上穿RSI24(近3日有效,当日新发生) 下穿=无
2026-08-03 09:35:01 - DEBUG - [指标明细][上穿#3][512100.SS] RSI6上穿RSI12=是 RSI6上穿RSI24=是 DIF上穿DEA=否 K上穿D=否 J上穿D=否 RSI6下穿RSI12=否 RSI6下穿RSI24=否 DIF下穿DEA=否 K下穿D=否 J下穿D=否 RSI[6/12/24]=42.1/37.5/38.6 MACD[DIF/DEA/HIST]=-0.1477/-0.1373/-0.0208 KDJ[K/D/J]=42.2/33.8/59.2 BOLL[U/M/L]=3.481/3.050/2.619 MA[5/10/20/60]=2.864/2.871/3.050/3.329 VOL[5/20]=2274339000/1998877968 ATR14=0.1224 DMI[+DI/-DI/ADX]=6.2/35.8/74.1 RSI_DIFF[6-12/6-24]=4.6/3.5(前值 -0.6/-4.2) MACD_DIFF[DIF-DEA]=-0.0104(前值 -0.0178) KDJ_DIFF[K-D/J-D]=8.5/25.4(前值 2.9/8.8)
2026-08-03 09:35:01 - INFO - [上穿#4] 代码=513050.SS 反转评分=23 买入评分=56 卖出评分=0 上穿=RSI6上穿RSI12(近3日有效,距发生2个交易日),K上穿D(近3日有效,距发生2个交易日),J上穿D(近3日有效,距发生2个交易日) 下穿=无
2026-08-03 09:35:01 - DEBUG - [指标明细][上穿#4][513050.SS] RSI6上穿RSI12=是 RSI6上穿RSI24=否 DIF上穿DEA=否 K上穿D=是 J上穿D=是 RSI6下穿RSI12=否 RSI6下穿RSI24=否 DIF下穿DEA=否 K下穿D=否 J下穿D=否 RSI[6/12/24]=67.3/61.0/54.8 MACD[DIF/DEA/HIST]=0.0157/0.0099/0.0115 KDJ[K/D/J]=68.8/55.7/95.1 BOLL[U/M/L]=1.166/1.099/1.032 MA[5/10/20/60]=1.121/1.111/1.099/1.100 VOL[5/20]=2579065360/3124898375 ATR14=0.0386 DMI[+DI/-DI/ADX]=28.9/23.5/30.8 RSI_DIFF[6-12/6-24]=6.2/12.5(前值 5.4/11.3) MACD_DIFF[DIF-DEA]=0.0058(前值 0.0049) KDJ_DIFF[K-D/J-D]=13.1/39.4(前值 11.3/33.8)
2026-08-03 09:35:01 - INFO - [上穿#5] 代码=513500.SS 反转评分=23 买入评分=51 卖出评分=0 上穿=RSI6上穿RSI12(近3日有效,当日新发生),K上穿D(近3日有效,当日新发生),J上穿D(近3日有效,当日新发生) 下穿=无
2026-08-03 09:35:01 - DEBUG - [指标明细][上穿#5][513500.SS] RSI6上穿RSI12=是 RSI6上穿RSI24=否 DIF上穿DEA=否 K上穿D=是 J上穿D=是 RSI6下穿RSI12=否 RSI6下穿RSI24=否 DIF下穿DEA=否 K下穿D=否 J下穿D=否 RSI[6/12/24]=50.2/49.0/50.5 MACD[DIF/DEA/HIST]=-0.0045/-0.0010/-0.0070 KDJ[K/D/J]=29.7/28.8/31.4 BOLL[U/M/L]=2.565/2.519/2.472 MA[5/10/20/60]=2.501/2.508/2.519/2.519 VOL[5/20]=127726536/136757245 ATR14=0.0349 DMI[+DI/-DI/ADX]=28.4/29.7/11.4 RSI_DIFF[6-12/6-24]=1.2/-0.2(前值 -5.3/-10.2) MACD_DIFF[DIF-DEA]=-0.0035(前值 -0.0047) KDJ_DIFF[K-D/J-D]=0.9/2.6(前值 -6.9/-20.8)
2026-08-03 09:35:01 - INFO - [宽松反转] 数量=7
2026-08-03 09:35:01 - INFO - [宽松反转#1] 代码=513050.SS 转强数=3 买入评分=56 反转评分=23 转强=RSI,MACD,KDJ
2026-08-03 09:35:01 - DEBUG - [指标明细][宽松反转#1][513050.SS] RSI转强=True RSI变化=1.80 MACD转强=True DIF变化=0.0023 KDJ转强=True K值变化=8.45 J值变化=12.20 RSI[6/12/24]=67.3/61.0/54.8 MACD[DIF/DEA/HIST]=0.0157/0.0099/0.0115 KDJ[K/D/J]=68.8/55.7/95.1 BOLL[U/M/L]=1.166/1.099/1.032 MA[5/10/20/60]=1.121/1.111/1.099/1.100 VOL[5/20]=2579065360/3124898375 ATR14=0.0386 DMI[+DI/-DI/ADX]=28.9/23.5/30.8 RSI_DIFF[6-12/6-24]=6.2/12.5(前值 5.4/11.3) MACD_DIFF[DIF-DEA]=0.0058(前值 0.0049) KDJ_DIFF[K-D/J-D]=13.1/39.4(前值 11.3/33.8)
2026-08-03 09:35:01 - INFO - [宽松反转#2] 代码=513500.SS 转强数=3 买入评分=51 反转评分=23 转强=RSI,MACD,KDJ
2026-08-03 09:35:01 - DEBUG - [指标明细][宽松反转#2][513500.SS] RSI转强=True RSI变化=13.18 MACD转强=True DIF变化=0.0003 KDJ转强=True K值变化=8.24 J值变化=23.86 RSI[6/12/24]=50.2/49.0/50.5 MACD[DIF/DEA/HIST]=-0.0045/-0.0010/-0.0070 KDJ[K/D/J]=29.7/28.8/31.4 BOLL[U/M/L]=2.565/2.519/2.472 MA[5/10/20/60]=2.501/2.508/2.519/2.519 VOL[5/20]=127726536/136757245 ATR14=0.0349 DMI[+DI/-DI/ADX]=28.4/29.7/11.4 RSI_DIFF[6-12/6-24]=1.2/-0.2(前值 -5.3/-10.2) MACD_DIFF[DIF-DEA]=-0.0035(前值 -0.0047) KDJ_DIFF[K-D/J-D]=0.9/2.6(前值 -6.9/-20.8)
2026-08-03 09:35:01 - INFO - [宽松反转#3] 代码=513880.SS 转强数=3 买入评分=47 反转评分=35 转强=RSI,MACD,KDJ
2026-08-03 09:35:01 - DEBUG - [指标明细][宽松反转#3][513880.SS] RSI转强=True RSI变化=19.84 MACD转强=True DIF变化=0.0026 KDJ转强=True K值变化=9.27 J值变化=24.70 RSI[6/12/24]=47.4/43.5/46.3 MACD[DIF/DEA/HIST]=-0.0567/-0.0418/-0.0298 KDJ[K/D/J]=26.4/23.3/32.6 BOLL[U/M/L]=2.311/2.104/1.897 MA[5/10/20/60]=1.994/2.027/2.104/2.129 VOL[5/20]=196577882/155832272 ATR14=0.0737 DMI[+DI/-DI/ADX]=27.6/35.4/36.7 RSI_DIFF[6-12/6-24]=3.9/1.1(前值 -6.9/-14.6) MACD_DIFF[DIF-DEA]=-0.0149(前值 -0.0213) KDJ_DIFF[K-D/J-D]=3.1/9.3(前值 -4.6/-13.8)
2026-08-03 09:35:01 - INFO - [宽松反转#4] 代码=518880.SS 转强数=3 买入评分=32 反转评分=24 转强=RSI,MACD,KDJ
2026-08-03 09:35:01 - DEBUG - [指标明细][宽松反转#4][518880.SS] RSI转强=True RSI变化=10.92 MACD转强=True DIF变化=0.0068 KDJ转强=True K值变化=-1.42 J值变化=2.30 RSI[6/12/24]=50.6/46.4/42.6 MACD[DIF/DEA/HIST]=-0.0839/-0.1058/0.0438 KDJ[K/D/J]=36.8/43.4/23.7 BOLL[U/M/L]=8.658/8.456/8.254 MA[5/10/20/60]=8.417/8.438/8.456/8.879 VOL[5/20]=288743316/292098250 ATR14=0.1106 DMI[+DI/-DI/ADX]=31.9/32.9/12.1 RSI_DIFF[6-12/6-24]=4.2/8.0(前值 -1.9/-0.8) MACD_DIFF[DIF-DEA]=0.0219(前值 0.0205) KDJ_DIFF[K-D/J-D]=-6.6/-19.7(前值 -8.4/-25.3)
2026-08-03 09:35:01 - INFO - [宽松反转#5] 代码=512100.SS 转强数=3 买入评分=29 反转评分=24 转强=RSI,MACD,KDJ
2026-08-03 09:35:01 - DEBUG - [指标明细][宽松反转#5][512100.SS] RSI转强=True RSI变化=10.60 MACD转强=True DIF变化=0.0049 KDJ转强=True K值变化=9.79 J值变化=20.89 RSI[6/12/24]=42.1/37.5/38.6 MACD[DIF/DEA/HIST]=-0.1477/-0.1373/-0.0208 KDJ[K/D/J]=42.2/33.8/59.2 BOLL[U/M/L]=3.481/3.050/2.619 MA[5/10/20/60]=2.864/2.871/3.050/3.329 VOL[5/20]=2274339000/1998877968 ATR14=0.1224 DMI[+DI/-DI/ADX]=6.2/35.8/74.1 RSI_DIFF[6-12/6-24]=4.6/3.5(前值 -0.6/-4.2) MACD_DIFF[DIF-DEA]=-0.0104(前值 -0.0178) KDJ_DIFF[K-D/J-D]=8.5/25.4(前值 2.9/8.8)
2026-08-03 09:35:01 - INFO - [阶段4/5][卖出评估] 当前持仓=2
2026-08-03 09:35:01 - INFO - [持仓] 513050.SS尚未满足最短持有期，已跳过信号卖出
2026-08-03 09:35:01 - INFO - [阶段5/5][买入评估] 使用冻结候选执行买入筛选
2026-08-03 09:35:01 - INFO - [cross-v0.3.2] 没有达到阈值的买入候选
2026-08-03 09:35:01 - INFO - [买入筛选汇总] 来源=09:35主流程 总数=8 通过=0 评分不足=8 已有持仓或待买=2 卖出风险过高=0 缺少新鲜低位=1 冲突组合=0 禁止买入=0 当日已卖出=0 当日买入失败=0
2026-08-03 09:35:01 - DEBUG - [买入筛选明细] 来源=09:35主流程 代码=513050.SS 买入评分=56 卖出评分=0 原因=评分不足(56<60),已有持仓或待买
2026-08-03 09:35:01 - DEBUG - [买入筛选明细] 来源=09:35主流程 代码=513500.SS 买入评分=51 卖出评分=0 原因=评分不足(51<60),已有持仓或待买
2026-08-03 09:35:01 - DEBUG - [买入筛选明细] 来源=09:35主流程 代码=513880.SS 买入评分=47 卖出评分=0 原因=评分不足(47<60)
2026-08-03 09:35:01 - DEBUG - [买入筛选明细] 来源=09:35主流程 代码=159928.SZ 买入评分=35 卖出评分=6 原因=评分不足(35<60),缺少新鲜低位
2026-08-03 09:35:01 - DEBUG - [买入筛选明细] 来源=09:35主流程 代码=518880.SS 买入评分=32 卖出评分=11 原因=评分不足(32<60)
2026-08-03 09:35:01 - DEBUG - [买入筛选明细] 来源=09:35主流程 代码=159985.SZ 买入评分=32 卖出评分=10 原因=评分不足(32<60)
2026-08-03 09:35:01 - DEBUG - [买入筛选明细] 来源=09:35主流程 代码=512100.SS 买入评分=29 卖出评分=10 原因=评分不足(29<60)
2026-08-03 09:35:01 - DEBUG - [买入筛选明细] 来源=09:35主流程 代码=159915.SZ 买入评分=28 卖出评分=10 原因=评分不足(28<60)
2026-08-03 09:35:01 - INFO - [交易日汇总] 有效评分=8 上穿标的=7 宽松反转标的=7 ATR止损触发=0 新提交卖单=0 新提交买单=0 待卖委托=0 待买委托=0 延后买入=否
2026-08-03 09:35:01 - INFO - [交易日结束] 执行日期=2026-08-03
2026-08-03 10:35:00 - INFO - [复牌补偿] 已复牌=513100.SS，已执行延后卖出与买入评估
2026-08-03 10:35:00 - INFO - [cross-v0.3.2] 没有达到阈值的买入候选
2026-08-03 10:35:00 - INFO - [买入筛选汇总] 来源=10:35复牌/卖单补偿 总数=9 通过=0 评分不足=9 已有持仓或待买=2 卖出风险过高=0 缺少新鲜低位=1 冲突组合=0 禁止买入=0 当日已卖出=0 当日买入失败=0
2026-08-03 10:35:00 - DEBUG - [买入筛选明细] 来源=10:35复牌/卖单补偿 代码=513050.SS 买入评分=56 卖出评分=0 原因=评分不足(56<60),已有持仓或待买
2026-08-03 10:35:00 - DEBUG - [买入筛选明细] 来源=10:35复牌/卖单补偿 代码=513500.SS 买入评分=51 卖出评分=0 原因=评分不足(51<60),已有持仓或待买
2026-08-03 10:35:00 - DEBUG - [买入筛选明细] 来源=10:35复牌/卖单补偿 代码=513880.SS 买入评分=47 卖出评分=0 原因=评分不足(47<60)
2026-08-03 10:35:00 - DEBUG - [买入筛选明细] 来源=10:35复牌/卖单补偿 代码=513100.SS 买入评分=37 卖出评分=0 原因=评分不足(37<60)
2026-08-03 10:35:00 - DEBUG - [买入筛选明细] 来源=10:35复牌/卖单补偿 代码=159928.SZ 买入评分=35 卖出评分=6 原因=评分不足(35<60),缺少新鲜低位
2026-08-03 10:35:00 - DEBUG - [买入筛选明细] 来源=10:35复牌/卖单补偿 代码=518880.SS 买入评分=32 卖出评分=11 原因=评分不足(32<60)
2026-08-03 10:35:00 - DEBUG - [买入筛选明细] 来源=10:35复牌/卖单补偿 代码=159985.SZ 买入评分=32 卖出评分=10 原因=评分不足(32<60)
2026-08-03 10:35:00 - DEBUG - [买入筛选明细] 来源=10:35复牌/卖单补偿 代码=512100.SS 买入评分=29 卖出评分=10 原因=评分不足(29<60)
2026-08-03 10:35:00 - DEBUG - [买入筛选明细] 来源=10:35复牌/卖单补偿 代码=159915.SZ 买入评分=28 卖出评分=10 原因=评分不足(28<60)
2026-08-03 15:30:00 - INFO - [盘后委托核对] 未发现未完成委托
2026-08-03 15:30:00 - INFO - [订单生命周期汇总] 来源=盘后 待买委托=0 待卖委托=0 延后买入=否 委托状态未知=否
2026-08-03 15:30:00 - INFO - ============================================================
2026-08-03 15:30:00 - INFO - [cross-v0.3.2 收盘] 总资产=17336.85 可用资金=34.25 持仓数=2/3
2026-08-03 15:30:01 - INFO - [盘后观察] 513050.SS 成本价=1.135 盘后观察价=1.180 临时最高收盘价=1.180 收益率=4.0% 买入评分=56 卖出评分=0 止损价=1.084；已写入临时风险状态，次日盘前确认并用最终T-1日线纠正
2026-08-03 15:30:01 - INFO - [盘后观察] 513500.SS 成本价=2.561 盘后观察价=2.533 临时最高收盘价=2.577 收益率=-1.1% 买入评分=51 卖出评分=0 止损价=2.448；已写入临时风险状态，次日盘前确认并用最终T-1日线纠正
2026-08-03 15:30:01 - INFO - ============================================================
2026-08-04 09:10:00 - INFO - [盘前收盘确认] 513050.SS 区间=2026-08-03~2026-08-03 交易日数=1 零成交量日数=0 确认前最高收盘价=1.145000 已确认最高收盘价=1.180000
2026-08-04 09:10:02 - INFO - [盘前收盘确认] 513500.SS 区间=2026-08-03~2026-08-03 交易日数=1 零成交量日数=0 确认前最高收盘价=2.577000 已确认最高收盘价=2.577000
2026-08-04 09:10:06 - INFO - [PTrade框架g] 状态=未提供 代次=不适用 原因=未发现持久状态元数据
2026-08-04 09:10:08 - INFO - [连续状态恢复] 来源=状态台账 代次=23
2026-08-04 09:10:08 - INFO - [持仓风险恢复] 来源=状态台账
2026-08-04 09:10:08 - INFO - [持仓风险恢复] 代码=513050.SS 数量=4800 成本=1.135100 买入日期=2026-07-30 ATR=0.038214 持仓最高收盘价=1.180000 状态=已验证 来源=状态台账
2026-08-04 09:10:08 - INFO - [持仓风险恢复] 代码=513500.SS 数量=4200 成本=2.561100 买入日期=2026-07-16 ATR=0.025429 持仓最高收盘价=2.577000 状态=已验证 来源=状态台账
2026-08-04 09:35:00 - INFO - [交易日开始] 执行日期=2026-08-04 信号日期=2026-08-03 策略=cross-v0.3.2 是否调仓=是
2026-08-04 09:35:00 - INFO - [阶段1/5][风险检查] 检查当前持仓ATR止损
2026-08-04 09:35:00 - INFO - [阶段2/5][全池评分] ETF总数=9 停牌跳过=1
2026-08-04 09:35:00 - INFO - [评分跳过汇总] 停牌=1
2026-08-04 09:35:00 - INFO - [阶段3/5][信号摘要] 有效评分=8
2026-08-04 09:35:00 - INFO - [候选#1] 代码=513500.SS 买入评分=64 反转评分=35 位置评分=15 趋势评分=8 量能评分=6 卖出评分=0 收盘价=2.533
2026-08-04 09:35:00 - DEBUG - [指标明细][候选#1][513500.SS] RSI[6/12/24]=58.6/53.7/52.9 MACD[DIF/DEA/HIST]=-0.0022/-0.0012/-0.0020 KDJ[K/D/J]=45.4/34.3/67.6 BOLL[U/M/L]=2.566/2.520/2.473 MA[5/10/20/60]=2.503/2.511/2.520/2.520 VOL[5/20]=136792004/139192561 ATR14=0.0339 DMI[+DI/-DI/ADX]=28.1/29.1/10.6 RSI_DIFF[6-12/6-24]=4.8/5.6(前值 1.2/-0.3) MACD_DIFF[DIF-DEA]=-0.0010(前值 -0.0035) KDJ_DIFF[K-D/J-D]=11.1/33.2(前值 0.9/2.6)
2026-08-04 09:35:00 - INFO - [候选#2] 代码=513880.SS 买入评分=47 反转评分=35 位置评分=17 趋势评分=-15 量能评分=10 卖出评分=0 收盘价=2.053
2026-08-04 09:35:01 - DEBUG - [指标明细][候选#2][513880.SS] RSI[6/12/24]=53.1/46.5/47.7 MACD[DIF/DEA/HIST]=-0.0517/-0.0438/-0.0158 KDJ[K/D/J]=36.8/27.8/54.9 BOLL[U/M/L]=2.277/2.091/1.906 MA[5/10/20/60]=1.989/2.032/2.091/2.129 VOL[5/20]=205659902/156228090 ATR14=0.0730 DMI[+DI/-DI/ADX]=27.7/31.5/34.7 RSI_DIFF[6-12/6-24]=6.6/5.4(前值 3.9/1.1) MACD_DIFF[DIF-DEA]=-0.0079(前值 -0.0149) KDJ_DIFF[K-D/J-D]=9.0/27.1(前值 3.1/9.3)
2026-08-04 09:35:01 - INFO - [候选#3] 代码=159928.SZ 买入评分=42 反转评分=11 位置评分=7 趋势评分=20 量能评分=4 卖出评分=0 收盘价=0.690
2026-08-04 09:35:01 - DEBUG - [指标明细][候选#3][159928.SZ] RSI[6/12/24]=65.2/63.2/56.6 MACD[DIF/DEA/HIST]=0.0121/0.0073/0.0095 KDJ[K/D/J]=80.5/77.7/85.9 BOLL[U/M/L]=0.708/0.659/0.611 MA[5/10/20/60]=0.688/0.677/0.659/0.661 VOL[5/20]=677952182/612883172 ATR14=0.0176 DMI[+DI/-DI/ADX]=38.1/5.9/63.4 RSI_DIFF[6-12/6-24]=2.0/8.6(前值 7.5/16.4) MACD_DIFF[DIF-DEA]=0.0048(前值 0.0054) KDJ_DIFF[K-D/J-D]=2.7/8.2(前值 6.3/18.9)
2026-08-04 09:35:01 - INFO - [候选#4] 代码=518880.SS 买入评分=36 反转评分=24 位置评分=17 趋势评分=-9 量能评分=4 卖出评分=0 收盘价=8.417
2026-08-04 09:35:01 - DEBUG - [指标明细][候选#4][518880.SS] RSI[6/12/24]=48.3/45.5/42.4 MACD[DIF/DEA/HIST]=-0.0788/-0.1003/0.0429 KDJ[K/D/J]=33.9/40.2/21.3 BOLL[U/M/L]=8.630/8.445/8.260 MA[5/10/20/60]=8.400/8.448/8.445/8.855 VOL[5/20]=301859490/292400430 ATR14=0.1059 DMI[+DI/-DI/ADX]=32.6/28.8/11.8 RSI_DIFF[6-12/6-24]=2.8/5.9(前值 4.2/7.9) MACD_DIFF[DIF-DEA]=0.0215(前值 0.0218) KDJ_DIFF[K-D/J-D]=-6.3/-18.9(前值 -6.6/-19.7)
2026-08-04 09:35:01 - INFO - [候选#5] 代码=159985.SZ 买入评分=25 反转评分=0 位置评分=17 趋势评分=8 量能评分=0 卖出评分=10 收盘价=2.094
2026-08-04 09:35:01 - DEBUG - [指标明细][候选#5][159985.SZ] RSI[6/12/24]=34.2/43.4/48.1 MACD[DIF/DEA/HIST]=0.0087/0.0268/-0.0362 KDJ[K/D/J]=17.7/32.7/-12.4 BOLL[U/M/L]=2.287/2.172/2.057 MA[5/10/20/60]=2.104/2.172/2.172/2.092 VOL[5/20]=267825902/283700533 ATR14=0.0669 DMI[+DI/-DI/ADX]=15.3/33.1/29.3 RSI_DIFF[6-12/6-24]=-9.2/-13.9(前值 -10.7/-15.9) MACD_DIFF[DIF-DEA]=-0.0181(前值 -0.0168) KDJ_DIFF[K-D/J-D]=-15.0/-45.1(前值 -19.0/-57.1)
2026-08-04 09:35:01 - INFO - [上穿信号] 数量=6
2026-08-04 09:35:01 - INFO - [上穿#1] 代码=513500.SS 反转评分=35 买入评分=64 卖出评分=0 上穿=RSI6上穿RSI12(近3日有效,距发生1个交易日),RSI6上穿RSI24(近3日有效,当日新发生),K上穿D(近3日有效,距发生1个交易日),J上穿D(近3日有效,距发生1个交易日) 下穿=无
2026-08-04 09:35:01 - DEBUG - [指标明细][上穿#1][513500.SS] RSI6上穿RSI12=是 RSI6上穿RSI24=是 DIF上穿DEA=否 K上穿D=是 J上穿D=是 RSI6下穿RSI12=否 RSI6下穿RSI24=否 DIF下穿DEA=否 K下穿D=否 J下穿D=否 RSI[6/12/24]=58.6/53.7/52.9 MACD[DIF/DEA/HIST]=-0.0022/-0.0012/-0.0020 KDJ[K/D/J]=45.4/34.3/67.6 BOLL[U/M/L]=2.566/2.520/2.473 MA[5/10/20/60]=2.503/2.511/2.520/2.520 VOL[5/20]=136792004/139192561 ATR14=0.0339 DMI[+DI/-DI/ADX]=28.1/29.1/10.6 RSI_DIFF[6-12/6-24]=4.8/5.6(前值 1.2/-0.3) MACD_DIFF[DIF-DEA]=-0.0010(前值 -0.0035) KDJ_DIFF[K-D/J-D]=11.1/33.2(前值 0.9/2.6)
2026-08-04 09:35:01 - INFO - [上穿#2] 代码=513880.SS 反转评分=35 买入评分=47 卖出评分=0 上穿=RSI6上穿RSI12(近3日有效,距发生1个交易日),RSI6上穿RSI24(近3日有效,距发生1个交易日),K上穿D(近3日有效,距发生1个交易日),J上穿D(近3日有效,距发生1个交易日) 下穿=无
2026-08-04 09:35:01 - DEBUG - [指标明细][上穿#2][513880.SS] RSI6上穿RSI12=是 RSI6上穿RSI24=是 DIF上穿DEA=否 K上穿D=是 J上穿D=是 RSI6下穿RSI12=否 RSI6下穿RSI24=否 DIF下穿DEA=否 K下穿D=否 J下穿D=否 RSI[6/12/24]=53.1/46.5/47.7 MACD[DIF/DEA/HIST]=-0.0517/-0.0438/-0.0158 KDJ[K/D/J]=36.8/27.8/54.9 BOLL[U/M/L]=2.277/2.091/1.906 MA[5/10/20/60]=1.989/2.032/2.091/2.129 VOL[5/20]=205659902/156228090 ATR14=0.0730 DMI[+DI/-DI/ADX]=27.7/31.5/34.7 RSI_DIFF[6-12/6-24]=6.6/5.4(前值 3.9/1.1) MACD_DIFF[DIF-DEA]=-0.0079(前值 -0.0149) KDJ_DIFF[K-D/J-D]=9.0/27.1(前值 3.1/9.3)
2026-08-04 09:35:01 - INFO - [上穿#3] 代码=518880.SS 反转评分=24 买入评分=36 卖出评分=0 上穿=RSI6上穿RSI12(近3日有效,距发生1个交易日),RSI6上穿RSI24(近3日有效,距发生1个交易日) 下穿=无
2026-08-04 09:35:01 - DEBUG - [指标明细][上穿#3][518880.SS] RSI6上穿RSI12=是 RSI6上穿RSI24=是 DIF上穿DEA=否 K上穿D=否 J上穿D=否 RSI6下穿RSI12=否 RSI6下穿RSI24=否 DIF下穿DEA=否 K下穿D=否 J下穿D=否 RSI[6/12/24]=48.3/45.5/42.4 MACD[DIF/DEA/HIST]=-0.0788/-0.1003/0.0429 KDJ[K/D/J]=33.9/40.2/21.3 BOLL[U/M/L]=8.630/8.445/8.260 MA[5/10/20/60]=8.400/8.448/8.445/8.855 VOL[5/20]=301859490/292400430 ATR14=0.1059 DMI[+DI/-DI/ADX]=32.6/28.8/11.8 RSI_DIFF[6-12/6-24]=2.8/5.9(前值 4.2/7.9) MACD_DIFF[DIF-DEA]=0.0215(前值 0.0218) KDJ_DIFF[K-D/J-D]=-6.3/-18.9(前值 -6.6/-19.7)
2026-08-04 09:35:01 - INFO - [上穿#4] 代码=512100.SS 反转评分=24 买入评分=23 卖出评分=0 上穿=RSI6上穿RSI12(近3日有效,距发生1个交易日),RSI6上穿RSI24(近3日有效,距发生1个交易日) 下穿=无
2026-08-04 09:35:01 - DEBUG - [指标明细][上穿#4][512100.SS] RSI6上穿RSI12=是 RSI6上穿RSI24=是 DIF上穿DEA=否 K上穿D=否 J上穿D=否 RSI6下穿RSI12=否 RSI6下穿RSI24=否 DIF下穿DEA=否 K下穿D=否 J下穿D=否 RSI[6/12/24]=42.6/37.7/38.8 MACD[DIF/DEA/HIST]=-0.1419/-0.1382/-0.0075 KDJ[K/D/J]=46.0/37.8/62.3 BOLL[U/M/L]=3.419/3.022/2.624 MA[5/10/20/60]=2.851/2.875/3.022/3.318 VOL[5/20]=2178594136/2004430410 ATR14=0.1178 DMI[+DI/-DI/ADX]=6.2/33.5/74.9 RSI_DIFF[6-12/6-24]=4.9/3.9(前值 4.6/3.5) MACD_DIFF[DIF-DEA]=-0.0037(前值 -0.0104) KDJ_DIFF[K-D/J-D]=8.2/24.5(前值 8.5/25.4)
2026-08-04 09:35:01 - INFO - [上穿#5] 代码=159928.SZ 反转评分=11 买入评分=42 卖出评分=0 上穿=K上穿D(近3日有效,距发生2个交易日),J上穿D(近3日有效,距发生2个交易日) 下穿=无
2026-08-04 09:35:01 - DEBUG - [指标明细][上穿#5][159928.SZ] RSI6上穿RSI12=否 RSI6上穿RSI24=否 DIF上穿DEA=否 K上穿D=是 J上穿D=是 RSI6下穿RSI12=否 RSI6下穿RSI24=否 DIF下穿DEA=否 K下穿D=否 J下穿D=否 RSI[6/12/24]=65.2/63.2/56.6 MACD[DIF/DEA/HIST]=0.0121/0.0073/0.0095 KDJ[K/D/J]=80.5/77.7/85.9 BOLL[U/M/L]=0.708/0.659/0.611 MA[5/10/20/60]=0.688/0.677/0.659/0.661 VOL[5/20]=677952182/612883172 ATR14=0.0176 DMI[+DI/-DI/ADX]=38.1/5.9/63.4 RSI_DIFF[6-12/6-24]=2.0/8.6(前值 7.5/16.4) MACD_DIFF[DIF-DEA]=0.0048(前值 0.0054) KDJ_DIFF[K-D/J-D]=2.7/8.2(前值 6.3/18.9)
2026-08-04 09:35:01 - INFO - [宽松反转] 数量=7
2026-08-04 09:35:01 - INFO - [宽松反转#1] 代码=513500.SS 转强数=3 买入评分=64 反转评分=35 转强=RSI,MACD,KDJ
2026-08-04 09:35:01 - DEBUG - [指标明细][宽松反转#1][513500.SS] RSI转强=True RSI变化=8.33 MACD转强=True DIF变化=0.0022 KDJ转强=True K值变化=15.75 J值变化=36.17 RSI[6/12/24]=58.6/53.7/52.9 MACD[DIF/DEA/HIST]=-0.0022/-0.0012/-0.0020 KDJ[K/D/J]=45.4/34.3/67.6 BOLL[U/M/L]=2.566/2.520/2.473 MA[5/10/20/60]=2.503/2.511/2.520/2.520 VOL[5/20]=136792004/139192561 ATR14=0.0339 DMI[+DI/-DI/ADX]=28.1/29.1/10.6 RSI_DIFF[6-12/6-24]=4.8/5.6(前值 1.2/-0.3) MACD_DIFF[DIF-DEA]=-0.0010(前值 -0.0035) KDJ_DIFF[K-D/J-D]=11.1/33.2(前值 0.9/2.6)
2026-08-04 09:35:01 - INFO - [宽松反转#2] 代码=513880.SS 转强数=3 买入评分=47 反转评分=35 转强=RSI,MACD,KDJ
2026-08-04 09:35:01 - DEBUG - [指标明细][宽松反转#2][513880.SS] RSI转强=True RSI变化=5.66 MACD转强=True DIF变化=0.0050 KDJ转强=True K值变化=10.44 J值变化=22.28 RSI[6/12/24]=53.1/46.5/47.7 MACD[DIF/DEA/HIST]=-0.0517/-0.0438/-0.0158 KDJ[K/D/J]=36.8/27.8/54.9 BOLL[U/M/L]=2.277/2.091/1.906 MA[5/10/20/60]=1.989/2.032/2.091/2.129 VOL[5/20]=205659902/156228090 ATR14=0.0730 DMI[+DI/-DI/ADX]=27.7/31.5/34.7 RSI_DIFF[6-12/6-24]=6.6/5.4(前值 3.9/1.1) MACD_DIFF[DIF-DEA]=-0.0079(前值 -0.0149) KDJ_DIFF[K-D/J-D]=9.0/27.1(前值 3.1/9.3)
2026-08-04 09:35:01 - INFO - [宽松反转#3] 代码=512100.SS 转强数=3 买入评分=23 反转评分=24 转强=RSI,MACD,KDJ
2026-08-04 09:35:01 - DEBUG - [指标明细][宽松反转#3][512100.SS] RSI转强=True RSI变化=0.48 MACD转强=True DIF变化=0.0057 KDJ转强=True K值变化=3.76 J值变化=3.13 RSI[6/12/24]=42.6/37.7/38.8 MACD[DIF/DEA/HIST]=-0.1419/-0.1382/-0.0075 KDJ[K/D/J]=46.0/37.8/62.3 BOLL[U/M/L]=3.419/3.022/2.624 MA[5/10/20/60]=2.851/2.875/3.022/3.318 VOL[5/20]=2178594136/2004430410 ATR14=0.1178 DMI[+DI/-DI/ADX]=6.2/33.5/74.9 RSI_DIFF[6-12/6-24]=4.9/3.9(前值 4.6/3.5) MACD_DIFF[DIF-DEA]=-0.0037(前值 -0.0104) KDJ_DIFF[K-D/J-D]=8.2/24.5(前值 8.5/25.4)
2026-08-04 09:35:01 - INFO - [宽松反转#4] 代码=513050.SS 转强数=3 买入评分=20 反转评分=0 转强=RSI,MACD,KDJ
2026-08-04 09:35:01 - DEBUG - [指标明细][宽松反转#4][513050.SS] RSI转强=True RSI变化=8.76 MACD转强=True DIF变化=0.0044 KDJ转强=True K值变化=9.05 J值变化=12.35 RSI[6/12/24]=76.0/66.3/58.1 MACD[DIF/DEA/HIST]=0.0201/0.0119/0.0163 KDJ[K/D/J]=77.9/63.1/107.5 BOLL[U/M/L]=1.174/1.107/1.040 MA[5/10/20/60]=1.139/1.116/1.107/1.099 VOL[5/20]=2817921260/3151065735 ATR14=0.0392 DMI[+DI/-DI/ADX]=33.3/19.3/29.8 RSI_DIFF[6-12/6-24]=9.7/18.0(前值 6.2/12.4) MACD_DIFF[DIF-DEA]=0.0082(前值 0.0058) KDJ_DIFF[K-D/J-D]=14.8/44.4(前值 13.1/39.4)
2026-08-04 09:35:01 - INFO - [宽松反转#5] 代码=159985.SZ 转强数=2 买入评分=25 反转评分=0 转强=RSI,KDJ
2026-08-04 09:35:01 - DEBUG - [指标明细][宽松反转#5][159985.SZ] RSI转强=True RSI变化=2.54 MACD转强=False DIF变化=-0.0059 KDJ转强=True K值变化=-3.55 J值变化=4.40 RSI[6/12/24]=34.2/43.4/48.1 MACD[DIF/DEA/HIST]=0.0087/0.0268/-0.0362 KDJ[K/D/J]=17.7/32.7/-12.4 BOLL[U/M/L]=2.287/2.172/2.057 MA[5/10/20/60]=2.104/2.172/2.172/2.092 VOL[5/20]=267825902/283700533 ATR14=0.0669 DMI[+DI/-DI/ADX]=15.3/33.1/29.3 RSI_DIFF[6-12/6-24]=-9.2/-13.9(前值 -10.7/-15.9) MACD_DIFF[DIF-DEA]=-0.0181(前值 -0.0168) KDJ_DIFF[K-D/J-D]=-15.0/-45.1(前值 -19.0/-57.1)
2026-08-04 09:35:01 - INFO - [阶段4/5][卖出评估] 当前持仓=2
2026-08-04 09:35:01 - INFO - [持仓] 513050.SS尚未满足最短持有期，已跳过信号卖出
2026-08-04 09:35:01 - INFO - [阶段5/5][买入评估] 使用冻结候选执行买入筛选
2026-08-04 09:35:01 - INFO - [cross-v0.3.2] 没有达到阈值的买入候选
2026-08-04 09:35:01 - INFO - [买入筛选汇总] 来源=09:35主流程 总数=8 通过=0 评分不足=7 已有持仓或待买=2 卖出风险过高=0 缺少新鲜低位=1 冲突组合=0 禁止买入=0 当日已卖出=0 当日买入失败=0
2026-08-04 09:35:01 - DEBUG - [买入筛选明细] 来源=09:35主流程 代码=513500.SS 买入评分=64 卖出评分=0 原因=已有持仓或待买
2026-08-04 09:35:01 - DEBUG - [买入筛选明细] 来源=09:35主流程 代码=513880.SS 买入评分=47 卖出评分=0 原因=评分不足(47<60)
2026-08-04 09:35:01 - DEBUG - [买入筛选明细] 来源=09:35主流程 代码=159928.SZ 买入评分=42 卖出评分=0 原因=评分不足(42<60)
2026-08-04 09:35:01 - DEBUG - [买入筛选明细] 来源=09:35主流程 代码=518880.SS 买入评分=36 卖出评分=0 原因=评分不足(36<60)
2026-08-04 09:35:01 - DEBUG - [买入筛选明细] 来源=09:35主流程 代码=159985.SZ 买入评分=25 卖出评分=10 原因=评分不足(25<60)
2026-08-04 09:35:01 - DEBUG - [买入筛选明细] 来源=09:35主流程 代码=512100.SS 买入评分=23 卖出评分=0 原因=评分不足(23<60)
2026-08-04 09:35:01 - DEBUG - [买入筛选明细] 来源=09:35主流程 代码=513050.SS 买入评分=20 卖出评分=0 原因=评分不足(20<60),缺少新鲜低位,已有持仓或待买
2026-08-04 09:35:01 - DEBUG - [买入筛选明细] 来源=09:35主流程 代码=159915.SZ 买入评分=10 卖出评分=22 原因=评分不足(10<60)
2026-08-04 09:35:01 - INFO - [交易日汇总] 有效评分=8 上穿标的=6 宽松反转标的=7 ATR止损触发=0 新提交卖单=0 新提交买单=0 待卖委托=0 待买委托=0 延后买入=否
2026-08-04 09:35:01 - INFO - [交易日结束] 执行日期=2026-08-04
2026-08-04 10:35:00 - INFO - [复牌补偿] 已复牌=513100.SS，已执行延后卖出与买入评估
2026-08-04 10:35:00 - INFO - [cross-v0.3.2] 没有达到阈值的买入候选
2026-08-04 10:35:00 - INFO - [买入筛选汇总] 来源=10:35复牌/卖单补偿 总数=9 通过=0 评分不足=8 已有持仓或待买=2 卖出风险过高=0 缺少新鲜低位=1 冲突组合=0 禁止买入=0 当日已卖出=0 当日买入失败=0
2026-08-04 10:35:00 - DEBUG - [买入筛选明细] 来源=10:35复牌/卖单补偿 代码=513500.SS 买入评分=64 卖出评分=0 原因=已有持仓或待买
2026-08-04 10:35:00 - DEBUG - [买入筛选明细] 来源=10:35复牌/卖单补偿 代码=513880.SS 买入评分=47 卖出评分=0 原因=评分不足(47<60)
2026-08-04 10:35:00 - DEBUG - [买入筛选明细] 来源=10:35复牌/卖单补偿 代码=159928.SZ 买入评分=42 卖出评分=0 原因=评分不足(42<60)
2026-08-04 10:35:00 - DEBUG - [买入筛选明细] 来源=10:35复牌/卖单补偿 代码=513100.SS 买入评分=37 卖出评分=0 原因=评分不足(37<60)
2026-08-04 10:35:00 - DEBUG - [买入筛选明细] 来源=10:35复牌/卖单补偿 代码=518880.SS 买入评分=36 卖出评分=0 原因=评分不足(36<60)
2026-08-04 10:35:00 - DEBUG - [买入筛选明细] 来源=10:35复牌/卖单补偿 代码=159985.SZ 买入评分=25 卖出评分=10 原因=评分不足(25<60)
2026-08-04 10:35:00 - DEBUG - [买入筛选明细] 来源=10:35复牌/卖单补偿 代码=512100.SS 买入评分=23 卖出评分=0 原因=评分不足(23<60)
2026-08-04 10:35:00 - DEBUG - [买入筛选明细] 来源=10:35复牌/卖单补偿 代码=513050.SS 买入评分=20 卖出评分=0 原因=评分不足(20<60),缺少新鲜低位,已有持仓或待买
2026-08-04 10:35:00 - DEBUG - [买入筛选明细] 来源=10:35复牌/卖单补偿 代码=159915.SZ 买入评分=10 卖出评分=22 原因=评分不足(10<60)
2026-08-04 15:30:00 - INFO - [盘后委托核对] 未发现未完成委托
2026-08-04 15:30:00 - INFO - [订单生命周期汇总] 来源=盘后 待买委托=0 待卖委托=0 延后买入=否 委托状态未知=否
2026-08-04 15:30:01 - INFO - ============================================================
2026-08-04 15:30:02 - INFO - [cross-v0.3.2 收盘] 总资产=17533.09 可用资金=34.29 持仓数=2/3
2026-08-04 15:30:02 - INFO - [盘后观察] 513050.SS 成本价=1.135 盘后观察价=1.178 临时最高收盘价=1.180 收益率=3.8% 买入评分=20 卖出评分=0 止损价=1.084；已写入临时风险状态，次日盘前确认并用最终T-1日线纠正
2026-08-04 15:30:02 - INFO - [盘后观察] 513500.SS 成本价=2.561 盘后观察价=2.582 临时最高收盘价=2.582 收益率=0.8% 买入评分=64 卖出评分=0 止损价=2.453；已写入临时风险状态，次日盘前确认并用最终T-1日线纠正
2026-08-04 15:30:02 - INFO - ============================================================
2026-08-04 23:47:49 - INFO - [cross-v0.3.2] 初始化完成: 最大持仓=3 基础仓位比例=0.95 普通信号最短持有=5
2026-08-04 23:47:49 - INFO - [发布指纹] 构建=20260730.1 业务配置=1506a0e834fe 状态结构=6
2026-08-04 23:47:49 - INFO - [cross-v0.3.2] 位置差值上穿已启用 | 自检=通过 预期=通过 | 自检反转分=12
2026-08-04 23:47:49 - INFO - [指标参数] RSI(6,12,24) MACD(12,26,9) KDJ(9,3,3) BOLL(20,2.0) ATR(14) ADX(14) MA(5,10,20,60)
2026-08-04 23:47:50 - INFO - [状态台账] 已与当前券商持仓核验一致，直接恢复持仓风险状态
2026-08-04 23:47:50 - ERROR - [盘前收盘确认] 513050.SS待确认日期=2026-08-04晚于T-1=2026-08-03，自动交易已阻止
2026-08-04 23:47:50 - ERROR - [盘前收盘确认] 513500.SS待确认日期=2026-08-04晚于T-1=2026-08-03，自动交易已阻止
2026-08-04 23:47:50 - INFO - [PTrade框架g] 状态=未提供 代次=不适用 原因=未发现持久状态元数据
2026-08-04 23:47:50 - INFO - [连续状态恢复] 来源=状态台账 代次=31
2026-08-04 23:47:50 - INFO - [持仓风险恢复] 来源=状态台账
2026-08-04 23:47:50 - INFO - [持仓风险恢复] 代码=513050.SS 数量=4800 成本=1.135100 买入日期=2026-07-30 ATR=0.038214 持仓最高收盘价=1.180000 状态=未验证 来源=状态台账
2026-08-04 23:47:50 - INFO - [持仓风险恢复] 代码=513500.SS 数量=4200 成本=2.561100 买入日期=2026-07-16 ATR=0.025429 持仓最高收盘价=2.582000 状态=未验证 来源=状态台账
2026-08-05 00:07:59 - INFO - [cross-v0.3.2] 初始化完成: 最大持仓=3 基础仓位比例=0.95 普通信号最短持有=5
2026-08-05 00:07:59 - INFO - [发布指纹] 构建=20260804.1 业务配置=1506a0e834fe 状态结构=6
2026-08-05 00:07:59 - INFO - [cross-v0.3.2] 位置差值上穿已启用 | 自检=通过 预期=通过 | 自检反转分=12
2026-08-05 00:07:59 - INFO - [指标参数] RSI(6,12,24) MACD(12,26,9) KDJ(9,3,3) BOLL(20,2.0) ATR(14) ADX(14) MA(5,10,20,60)
2026-08-05 00:08:00 - INFO - [成交查询] 当前策略成交记录数=0
2026-08-05 00:08:00 - INFO - [状态恢复] 交割记录数=126 查询范围=20100101~20260804
2026-08-05 00:08:00 - INFO - [状态恢复] 513500.SS已依据券商事实接管: 买入日期=2026-07-16 信号日期=2026-07-15 ATR=0.025429 持仓最高收盘价=2.582000 成本=2.561100
2026-08-05 00:08:00 - INFO - [状态恢复] 513050.SS已依据券商事实接管: 买入日期=2026-07-30 信号日期=2026-07-29 ATR=0.038214 持仓最高收盘价=1.180000 成本=1.135100
2026-08-05 00:08:00 - INFO - [盘前收盘确认] 513050.SS 区间=2026-08-04~2026-08-04 交易日数=1 零成交量日数=0 确认前最高收盘价=1.180000 已确认最高收盘价=1.180000
2026-08-05 00:08:00 - INFO - [盘前收盘确认] 513500.SS 区间=2026-08-04~2026-08-04 交易日数=1 零成交量日数=0 确认前最高收盘价=2.582000 已确认最高收盘价=2.582000
2026-08-05 00:08:00 - INFO - [PTrade框架g] 状态=未提供 代次=不适用 原因=未发现持久状态元数据
2026-08-05 00:08:00 - INFO - [连续状态恢复] 来源=状态台账 代次=32
2026-08-05 00:08:00 - INFO - [持仓风险恢复] 来源=账户接管:交割单
2026-08-05 00:08:00 - INFO - [持仓风险恢复] 代码=513050.SS 数量=4800 成本=1.135100 买入日期=2026-07-30 ATR=0.038214 持仓最高收盘价=1.180000 状态=已验证 来源=账户接管:交割单
2026-08-05 00:08:00 - INFO - [持仓风险恢复] 代码=513500.SS 数量=4200 成本=2.561100 买入日期=2026-07-16 ATR=0.025429 持仓最高收盘价=2.582000 状态=已验证 来源=账户接管:交割单
2026-08-05 09:35:00 - INFO - [交易日开始] 执行日期=2026-08-05 信号日期=2026-08-04 策略=cross-v0.3.2 是否调仓=是
2026-08-05 09:35:00 - INFO - [阶段1/5][风险检查] 检查当前持仓ATR止损
2026-08-05 09:35:00 - INFO - [阶段2/5][全池评分] ETF总数=9 停牌跳过=1
2026-08-05 09:35:00 - INFO - [评分跳过汇总] 停牌=1
2026-08-05 09:35:00 - INFO - [阶段3/5][信号摘要] 有效评分=8
2026-08-05 09:35:00 - INFO - [候选#1] 代码=513500.SS 买入评分=84 反转评分=45 位置评分=15 趋势评分=14 量能评分=10 卖出评分=0 收盘价=2.582
2026-08-05 09:35:01 - DEBUG - [指标明细][候选#1][513500.SS] RSI[6/12/24]=70.6/61.6/57.3 MACD[DIF/DEA/HIST]=0.0035/-0.0003/0.0075 KDJ[K/D/J]=63.3/44.0/101.9 BOLL[U/M/L]=2.577/2.522/2.468 MA[5/10/20/60]=2.523/2.517/2.522/2.521 VOL[5/20]=146495422/141212375 ATR14=0.0356 DMI[+DI/-DI/ADX]=33.6/28.4/10.9 RSI_DIFF[6-12/6-24]=9.0/13.3(前值 4.8/5.7) MACD_DIFF[DIF-DEA]=0.0037(前值 -0.0010) KDJ_DIFF[K-D/J-D]=19.3/57.9(前值 11.1/33.2)
2026-08-05 09:35:01 - INFO - [候选#2] 代码=513880.SS 买入评分=47 反转评分=35 位置评分=17 趋势评分=-15 量能评分=10 卖出评分=0 收盘价=2.077
2026-08-05 09:35:01 - DEBUG - [指标明细][候选#2][513880.SS] RSI[6/12/24]=57.6/48.9/48.8 MACD[DIF/DEA/HIST]=-0.0452/-0.0441/-0.0023 KDJ[K/D/J]=53.1/36.2/86.8 BOLL[U/M/L]=2.251/2.082/1.914 MA[5/10/20/60]=2.012/2.030/2.082/2.131 VOL[5/20]=200529104/159405164 ATR14=0.0726 DMI[+DI/-DI/ADX]=26.4/31.4/31.7 RSI_DIFF[6-12/6-24]=8.7/8.8(前值 6.6/5.4) MACD_DIFF[DIF-DEA]=-0.0012(前值 -0.0079) KDJ_DIFF[K-D/J-D]=16.9/50.6(前值 9.0/27.1)
2026-08-05 09:35:01 - INFO - [候选#3] 代码=159915.SZ 买入评分=41 反转评分=35 位置评分=17 趋势评分=-15 量能评分=4 卖出评分=0 收盘价=3.514
2026-08-05 09:35:01 - DEBUG - [指标明细][候选#3][159915.SZ] RSI[6/12/24]=53.0/45.6/45.2 MACD[DIF/DEA/HIST]=-0.1584/-0.1480/-0.0206 KDJ[K/D/J]=41.8/31.7/62.1 BOLL[U/M/L]=4.040/3.606/3.172 MA[5/10/20/60]=3.376/3.454/3.606/3.908 VOL[5/20]=3590842820/2880657595 ATR14=0.1866 DMI[+DI/-DI/ADX]=16.4/35.9/51.4 RSI_DIFF[6-12/6-24]=7.4/7.9(前值 -1.0/-4.8) MACD_DIFF[DIF-DEA]=-0.0103(前值 -0.0278) KDJ_DIFF[K-D/J-D]=10.1/30.4(前值 0.3/0.8)
2026-08-05 09:35:01 - INFO - [候选#4] 代码=512100.SS 买入评分=40 反转评分=34 位置评分=17 趋势评分=-15 量能评分=4 卖出评分=0 收盘价=2.943
2026-08-05 09:35:01 - DEBUG - [指标明细][候选#4][512100.SS] RSI[6/12/24]=54.3/43.8/42.0 MACD[DIF/DEA/HIST]=-0.1298/-0.1365/0.0135 KDJ[K/D/J]=60.3/45.3/90.2 BOLL[U/M/L]=3.364/3.000/2.637 MA[5/10/20/60]=2.870/2.877/3.000/3.308 VOL[5/20]=2158303976/2031639146 ATR14=0.1194 DMI[+DI/-DI/ADX]=9.4/33.1/74.7 RSI_DIFF[6-12/6-24]=10.4/12.3(前值 4.9/3.9) MACD_DIFF[DIF-DEA]=0.0068(前值 -0.0037) KDJ_DIFF[K-D/J-D]=15.0/44.9(前值 8.2/24.5)
2026-08-05 09:35:01 - INFO - [候选#5] 代码=518880.SS 买入评分=36 反转评分=24 位置评分=17 趋势评分=-9 量能评分=4 卖出评分=10 收盘价=8.408
2026-08-05 09:35:01 - DEBUG - [指标明细][候选#5][518880.SS] RSI[6/12/24]=46.8/44.9/42.1 MACD[DIF/DEA/HIST]=-0.0748/-0.0952/0.0410 KDJ[K/D/J]=31.0/37.1/18.7 BOLL[U/M/L]=8.606/8.436/8.265 MA[5/10/20/60]=8.402/8.442/8.436/8.832 VOL[5/20]=307976290/293422030 ATR14=0.1031 DMI[+DI/-DI/ADX]=31.1/29.3/11.8 RSI_DIFF[6-12/6-24]=1.9/4.8(前值 2.8/6.0) MACD_DIFF[DIF-DEA]=0.0205(前值 0.0215) KDJ_DIFF[K-D/J-D]=-6.1/-18.4(前值 -6.3/-18.9)
2026-08-05 09:35:01 - INFO - [上穿信号] 数量=5
2026-08-05 09:35:01 - INFO - [上穿#1] 代码=513500.SS 反转评分=45 买入评分=84 卖出评分=0 上穿=RSI6上穿RSI12(近3日有效,距发生2个交易日),RSI6上穿RSI24(近3日有效,距发生1个交易日),DIF上穿DEA(近3日有效,当日新发生),K上穿D(近3日有效,距发生2个交易日),J上穿D(近3日有效,距发生2个交易日) 下穿=无
2026-08-05 09:35:01 - DEBUG - [指标明细][上穿#1][513500.SS] RSI6上穿RSI12=是 RSI6上穿RSI24=是 DIF上穿DEA=是 K上穿D=是 J上穿D=是 RSI6下穿RSI12=否 RSI6下穿RSI24=否 DIF下穿DEA=否 K下穿D=否 J下穿D=否 RSI[6/12/24]=70.6/61.6/57.3 MACD[DIF/DEA/HIST]=0.0035/-0.0003/0.0075 KDJ[K/D/J]=63.3/44.0/101.9 BOLL[U/M/L]=2.577/2.522/2.468 MA[5/10/20/60]=2.523/2.517/2.522/2.521 VOL[5/20]=146495422/141212375 ATR14=0.0356 DMI[+DI/-DI/ADX]=33.6/28.4/10.9 RSI_DIFF[6-12/6-24]=9.0/13.3(前值 4.8/5.7) MACD_DIFF[DIF-DEA]=0.0037(前值 -0.0010) KDJ_DIFF[K-D/J-D]=19.3/57.9(前值 11.1/33.2)
2026-08-05 09:35:01 - INFO - [上穿#2] 代码=513880.SS 反转评分=35 买入评分=47 卖出评分=0 上穿=RSI6上穿RSI12(近3日有效,距发生2个交易日),RSI6上穿RSI24(近3日有效,距发生2个交易日),K上穿D(近3日有效,距发生2个交易日),J上穿D(近3日有效,距发生2个交易日) 下穿=无
2026-08-05 09:35:01 - DEBUG - [指标明细][上穿#2][513880.SS] RSI6上穿RSI12=是 RSI6上穿RSI24=是 DIF上穿DEA=否 K上穿D=是 J上穿D=是 RSI6下穿RSI12=否 RSI6下穿RSI24=否 DIF下穿DEA=否 K下穿D=否 J下穿D=否 RSI[6/12/24]=57.6/48.9/48.8 MACD[DIF/DEA/HIST]=-0.0452/-0.0441/-0.0023 KDJ[K/D/J]=53.1/36.2/86.8 BOLL[U/M/L]=2.251/2.082/1.914 MA[5/10/20/60]=2.012/2.030/2.082/2.131 VOL[5/20]=200529104/159405164 ATR14=0.0726 DMI[+DI/-DI/ADX]=26.4/31.4/31.7 RSI_DIFF[6-12/6-24]=8.7/8.8(前值 6.6/5.4) MACD_DIFF[DIF-DEA]=-0.0012(前值 -0.0079) KDJ_DIFF[K-D/J-D]=16.9/50.6(前值 9.0/27.1)
2026-08-05 09:35:01 - INFO - [上穿#3] 代码=159915.SZ 反转评分=35 买入评分=41 卖出评分=0 上穿=RSI6上穿RSI12(近3日有效,当日新发生),RSI6上穿RSI24(近3日有效,当日新发生),K上穿D(近3日有效,距发生2个交易日),J上穿D(近3日有效,距发生2个交易日) 下穿=无
2026-08-05 09:35:01 - DEBUG - [指标明细][上穿#3][159915.SZ] RSI6上穿RSI12=是 RSI6上穿RSI24=是 DIF上穿DEA=否 K上穿D=是 J上穿D=是 RSI6下穿RSI12=否 RSI6下穿RSI24=否 DIF下穿DEA=否 K下穿D=否 J下穿D=否 RSI[6/12/24]=53.0/45.6/45.2 MACD[DIF/DEA/HIST]=-0.1584/-0.1480/-0.0206 KDJ[K/D/J]=41.8/31.7/62.1 BOLL[U/M/L]=4.040/3.606/3.172 MA[5/10/20/60]=3.376/3.454/3.606/3.908 VOL[5/20]=3590842820/2880657595 ATR14=0.1866 DMI[+DI/-DI/ADX]=16.4/35.9/51.4 RSI_DIFF[6-12/6-24]=7.4/7.9(前值 -1.0/-4.8) MACD_DIFF[DIF-DEA]=-0.0103(前值 -0.0278) KDJ_DIFF[K-D/J-D]=10.1/30.4(前值 0.3/0.8)
2026-08-05 09:35:01 - INFO - [上穿#4] 代码=512100.SS 反转评分=34 买入评分=40 卖出评分=0 上穿=RSI6上穿RSI12(近3日有效,距发生2个交易日),RSI6上穿RSI24(近3日有效,距发生2个交易日),DIF上穿DEA(近3日有效,当日新发生) 下穿=无
2026-08-05 09:35:01 - DEBUG - [指标明细][上穿#4][512100.SS] RSI6上穿RSI12=是 RSI6上穿RSI24=是 DIF上穿DEA=是 K上穿D=否 J上穿D=否 RSI6下穿RSI12=否 RSI6下穿RSI24=否 DIF下穿DEA=否 K下穿D=否 J下穿D=否 RSI[6/12/24]=54.3/43.8/42.0 MACD[DIF/DEA/HIST]=-0.1298/-0.1365/0.0135 KDJ[K/D/J]=60.3/45.3/90.2 BOLL[U/M/L]=3.364/3.000/2.637 MA[5/10/20/60]=2.870/2.877/3.000/3.308 VOL[5/20]=2158303976/2031639146 ATR14=0.1194 DMI[+DI/-DI/ADX]=9.4/33.1/74.7 RSI_DIFF[6-12/6-24]=10.4/12.3(前值 4.9/3.9) MACD_DIFF[DIF-DEA]=0.0068(前值 -0.0037) KDJ_DIFF[K-D/J-D]=15.0/44.9(前值 8.2/24.5)
2026-08-05 09:35:01 - INFO - [上穿#5] 代码=518880.SS 反转评分=24 买入评分=36 卖出评分=10 上穿=RSI6上穿RSI12(近3日有效,距发生2个交易日),RSI6上穿RSI24(近3日有效,距发生2个交易日) 下穿=无
2026-08-05 09:35:01 - DEBUG - [指标明细][上穿#5][518880.SS] RSI6上穿RSI12=是 RSI6上穿RSI24=是 DIF上穿DEA=否 K上穿D=否 J上穿D=否 RSI6下穿RSI12=否 RSI6下穿RSI24=否 DIF下穿DEA=否 K下穿D=否 J下穿D=否 RSI[6/12/24]=46.8/44.9/42.1 MACD[DIF/DEA/HIST]=-0.0748/-0.0952/0.0410 KDJ[K/D/J]=31.0/37.1/18.7 BOLL[U/M/L]=8.606/8.436/8.265 MA[5/10/20/60]=8.402/8.442/8.436/8.832 VOL[5/20]=307976290/293422030 ATR14=0.1031 DMI[+DI/-DI/ADX]=31.1/29.3/11.8 RSI_DIFF[6-12/6-24]=1.9/4.8(前值 2.8/6.0) MACD_DIFF[DIF-DEA]=0.0205(前值 0.0215) KDJ_DIFF[K-D/J-D]=-6.1/-18.4(前值 -6.3/-18.9)
2026-08-05 09:35:01 - INFO - [宽松反转] 数量=7
2026-08-05 09:35:01 - INFO - [宽松反转#1] 代码=513500.SS 转强数=3 买入评分=84 反转评分=45 转强=RSI,MACD,KDJ
2026-08-05 09:35:01 - DEBUG - [指标明细][宽松反转#1][513500.SS] RSI转强=True RSI变化=12.05 MACD转强=True DIF变化=0.0057 KDJ转强=True K值变化=17.89 J值变化=34.36 RSI[6/12/24]=70.6/61.6/57.3 MACD[DIF/DEA/HIST]=0.0035/-0.0003/0.0075 KDJ[K/D/J]=63.3/44.0/101.9 BOLL[U/M/L]=2.577/2.522/2.468 MA[5/10/20/60]=2.523/2.517/2.522/2.521 VOL[5/20]=146495422/141212375 ATR14=0.0356 DMI[+DI/-DI/ADX]=33.6/28.4/10.9 RSI_DIFF[6-12/6-24]=9.0/13.3(前值 4.8/5.7) MACD_DIFF[DIF-DEA]=0.0037(前值 -0.0010) KDJ_DIFF[K-D/J-D]=19.3/57.9(前值 11.1/33.2)
2026-08-05 09:35:01 - INFO - [宽松反转#2] 代码=513880.SS 转强数=3 买入评分=47 反转评分=35 转强=RSI,MACD,KDJ
2026-08-05 09:35:01 - DEBUG - [指标明细][宽松反转#2][513880.SS] RSI转强=True RSI变化=4.53 MACD转强=True DIF变化=0.0064 KDJ转强=True K值变化=16.27 J值变化=31.94 RSI[6/12/24]=57.6/48.9/48.8 MACD[DIF/DEA/HIST]=-0.0452/-0.0441/-0.0023 KDJ[K/D/J]=53.1/36.2/86.8 BOLL[U/M/L]=2.251/2.082/1.914 MA[5/10/20/60]=2.012/2.030/2.082/2.131 VOL[5/20]=200529104/159405164 ATR14=0.0726 DMI[+DI/-DI/ADX]=26.4/31.4/31.7 RSI_DIFF[6-12/6-24]=8.7/8.8(前值 6.6/5.4) MACD_DIFF[DIF-DEA]=-0.0012(前值 -0.0079) KDJ_DIFF[K-D/J-D]=16.9/50.6(前值 9.0/27.1)
2026-08-05 09:35:01 - INFO - [宽松反转#3] 代码=159915.SZ 转强数=3 买入评分=41 反转评分=35 转强=RSI,MACD,KDJ
2026-08-05 09:35:01 - DEBUG - [指标明细][宽松反转#3][159915.SZ] RSI转强=True RSI变化=17.16 MACD转强=True DIF变化=0.0149 KDJ转强=True K值变化=14.93 J值变化=34.65 RSI[6/12/24]=53.0/45.6/45.2 MACD[DIF/DEA/HIST]=-0.1584/-0.1480/-0.0206 KDJ[K/D/J]=41.8/31.7/62.1 BOLL[U/M/L]=4.040/3.606/3.172 MA[5/10/20/60]=3.376/3.454/3.606/3.908 VOL[5/20]=3590842820/2880657595 ATR14=0.1866 DMI[+DI/-DI/ADX]=16.4/35.9/51.4 RSI_DIFF[6-12/6-24]=7.4/7.9(前值 -1.0/-4.8) MACD_DIFF[DIF-DEA]=-0.0103(前值 -0.0278) KDJ_DIFF[K-D/J-D]=10.1/30.4(前值 0.3/0.8)
2026-08-05 09:35:01 - INFO - [宽松反转#4] 代码=512100.SS 转强数=3 买入评分=40 反转评分=34 转强=RSI,MACD,KDJ
2026-08-05 09:35:01 - DEBUG - [指标明细][宽松反转#4][512100.SS] RSI转强=True RSI变化=11.64 MACD转强=True DIF变化=0.0122 KDJ转强=True K值变化=14.28 J值变化=27.88 RSI[6/12/24]=54.3/43.8/42.0 MACD[DIF/DEA/HIST]=-0.1298/-0.1365/0.0135 KDJ[K/D/J]=60.3/45.3/90.2 BOLL[U/M/L]=3.364/3.000/2.637 MA[5/10/20/60]=2.870/2.877/3.000/3.308 VOL[5/20]=2158303976/2031639146 ATR14=0.1194 DMI[+DI/-DI/ADX]=9.4/33.1/74.7 RSI_DIFF[6-12/6-24]=10.4/12.3(前值 4.9/3.9) MACD_DIFF[DIF-DEA]=0.0068(前值 -0.0037) KDJ_DIFF[K-D/J-D]=15.0/44.9(前值 8.2/24.5)
2026-08-05 09:35:01 - INFO - [宽松反转#5] 代码=159985.SZ 转强数=2 买入评分=25 反转评分=0 转强=RSI,KDJ
2026-08-05 09:35:01 - DEBUG - [指标明细][宽松反转#5][159985.SZ] RSI转强=True RSI变化=4.31 MACD转强=False DIF变化=-0.0038 KDJ转强=True K值变化=-0.93 J值变化=7.86 RSI[6/12/24]=38.5/45.1/49.0 MACD[DIF/DEA/HIST]=0.0049/0.0224/-0.0351 KDJ[K/D/J]=16.8/27.4/-4.5 BOLL[U/M/L]=2.288/2.170/2.051 MA[5/10/20/60]=2.101/2.163/2.170/2.091 VOL[5/20]=212698174/273699164 ATR14=0.0652 DMI[+DI/-DI/ADX]=15.9/32.6/26.7 RSI_DIFF[6-12/6-24]=-6.6/-10.5(前值 -9.2/-13.9) MACD_DIFF[DIF-DEA]=-0.0176(前值 -0.0181) KDJ_DIFF[K-D/J-D]=-10.7/-32.0(前值 -15.0/-45.1)
2026-08-05 09:35:01 - INFO - [阶段4/5][卖出评估] 当前持仓=2
2026-08-05 09:35:01 - INFO - [持仓] 513050.SS尚未满足最短持有期，已跳过信号卖出
2026-08-05 09:35:01 - INFO - [持仓] 513500.SS买入评分较强 买入评分=84 卖出评分=0
2026-08-05 09:35:01 - INFO - [阶段5/5][买入评估] 使用冻结候选执行买入筛选
2026-08-05 09:35:01 - INFO - [cross-v0.3.2] 没有达到阈值的买入候选
2026-08-05 09:35:01 - INFO - [买入筛选汇总] 来源=09:35主流程 总数=8 通过=0 评分不足=7 已有持仓或待买=2 卖出风险过高=1 缺少新鲜低位=1 冲突组合=0 禁止买入=0 当日已卖出=0 当日买入失败=0
2026-08-05 09:35:01 - DEBUG - [买入筛选明细] 来源=09:35主流程 代码=513500.SS 买入评分=84 卖出评分=0 原因=已有持仓或待买
2026-08-05 09:35:01 - DEBUG - [买入筛选明细] 来源=09:35主流程 代码=513880.SS 买入评分=47 卖出评分=0 原因=评分不足(47<60)
2026-08-05 09:35:01 - DEBUG - [买入筛选明细] 来源=09:35主流程 代码=159915.SZ 买入评分=41 卖出评分=0 原因=评分不足(41<60)
2026-08-05 09:35:01 - DEBUG - [买入筛选明细] 来源=09:35主流程 代码=512100.SS 买入评分=40 卖出评分=0 原因=评分不足(40<60)
2026-08-05 09:35:01 - DEBUG - [买入筛选明细] 来源=09:35主流程 代码=518880.SS 买入评分=36 卖出评分=10 原因=评分不足(36<60)
2026-08-05 09:35:01 - DEBUG - [买入筛选明细] 来源=09:35主流程 代码=159928.SZ 买入评分=31 卖出评分=35 原因=评分不足(31<60),卖出风险过高(35>=30)
2026-08-05 09:35:01 - DEBUG - [买入筛选明细] 来源=09:35主流程 代码=159985.SZ 买入评分=25 卖出评分=10 原因=评分不足(25<60)
2026-08-05 09:35:01 - DEBUG - [买入筛选明细] 来源=09:35主流程 代码=513050.SS 买入评分=20 卖出评分=6 原因=评分不足(20<60),缺少新鲜低位,已有持仓或待买
2026-08-05 09:35:01 - INFO - [交易日汇总] 有效评分=8 上穿标的=5 宽松反转标的=7 ATR止损触发=0 新提交卖单=0 新提交买单=0 待卖委托=0 待买委托=0 延后买入=否
2026-08-05 09:35:01 - INFO - [交易日结束] 执行日期=2026-08-05
2026-08-05 10:35:00 - INFO - [复牌评分] 来源=10:35复牌/卖单补偿 信号日期=2026-08-04 代码=513100.SS 买入评分=63 反转评分=45 位置评分=15 趋势评分=3 量能评分=0 卖出评分=0 买入筛选=通过
2026-08-05 10:35:00 - INFO - [复牌交叉] 来源=10:35复牌/卖单补偿 信号日期=2026-08-04 代码=513100.SS 上穿=RSI6上穿RSI12(近3日有效,距发生2个交易日),RSI6上穿RSI24(近3日有效,距发生2个交易日),DIF上穿DEA(近3日有效,当日新发生),K上穿D(近3日有效,距发生2个交易日),J上穿D(近3日有效,距发生2个交易日) 下穿=无
2026-08-05 10:35:00 - DEBUG - [指标明细][复牌评分][513100.SS] 信号日期=2026-08-04 RSI6上穿RSI12=是 RSI6上穿RSI24=是 DIF上穿DEA=是 K上穿D=是 J上穿D=是 RSI6下穿RSI12=否 RSI6下穿RSI24=否 DIF下穿DEA=否 K下穿D=否 J下穿D=否 RSI[6/12/24]=70.7/59.2/54.8 MACD[DIF/DEA/HIST]=-0.0130/-0.0178/0.0095 KDJ[K/D/J]=64.2/42.4/107.9 BOLL[U/M/L]=2.213/2.130/2.047 MA[5/10/20/60]=2.109/2.110/2.130/2.167 VOL[5/20]=139507428/188704354 ATR14=0.0385 DMI[+DI/-DI/ADX]=41.7/41.0/29.4 RSI_DIFF[6-12/6-24]=11.4/15.9(前值 7.1/7.0) MACD_DIFF[DIF-DEA]=0.0048(前值 -0.0022) KDJ_DIFF[K-D/J-D]=21.9/65.6(前值 15.2/45.6)
2026-08-05 10:35:00 - INFO - [复牌补偿] 已复牌=513100.SS，已执行延后卖出与买入评估
2026-08-05 10:35:00 - INFO - [买入名单] 当日原定候选=513100.SS
2026-08-05 10:35:00 - INFO - [IOPV观察] 事件=买入 时间=2026-08-05 10:35:00.533627 代码=513100.SS 有效=False 市价=2.253 IOPV=None 溢价率百分比=None 行情时间戳=20260805103458000 行情延迟秒数=2.533599
2026-08-05 10:35:00 - INFO - [买入] 513100.SS 买入评分=63 反转评分=45 位置评分=15 趋势评分=3 量能评分=0 目标金额=1034 股数=400 最新价=2.253 卖五限价=2.257
2026-08-05 10:35:02 - INFO - [买入委托] 513100.SS 委托编号=999e80fc0380416a9a79054aefa76784
2026-08-05 10:35:03 - INFO - [订单生命周期] 事件=已提交 来源=策略下单 方向=买入 代码=513100.SS 委托编号=999e80fc0380416a9a79054aefa76784 请求数量=400 累计成交=0 剩余数量=400 耗时=0.955秒 状态=进行中
2026-08-05 10:35:05 - INFO - [成交主推入口] 实盘标志=是 记录数=1
2026-08-05 10:35:05 - INFO - [成交主推明细] 序号=1 类型=dict 代码=513100.SS 方向=1 成交数量=400 成交价格=2.253 成交额=901.2 order_id=999e80fc0380416a9a79054aefa76784 委托号=635080987 成交编号=35312193 委托状态=8 成交类型=0 成交状态=0 撤单原委托号=0 废单原因=  成交时间=2026-08-05 10:35:02
2026-08-05 10:35:05 - INFO - [订单生命周期] 事件=成交完成 来源=成交主推 方向=买入 代码=513100.SS 委托编号=999e80fc0380416a9a79054aefa76784 请求数量=400 累计成交=400 剩余数量=0 耗时=3.283秒 状态=已完成
2026-08-05 10:35:05 - INFO - [成交回报] 买入 513100.SS 数量=400 价格=2.253 累计成交=400
2026-08-05 15:30:00 - INFO - [盘后委托核对] 未发现未完成委托
2026-08-05 15:30:00 - INFO - [订单生命周期汇总] 来源=盘后 待买委托=0 待卖委托=0 延后买入=否 委托状态未知=否
2026-08-05 15:30:01 - INFO - ============================================================
2026-08-05 15:30:01 - INFO - [cross-v0.3.2 收盘] 总资产=17956.43 可用资金=132.63 持仓数=3/3
2026-08-05 15:30:02 - INFO - [盘后观察] 513050.SS 成本价=1.135 盘后观察价=1.189 临时最高收盘价=1.189 收益率=4.7% 买入评分=20 卖出评分=6 止损价=1.093；已写入临时风险状态，次日盘前确认并用最终T-1日线纠正
2026-08-05 15:30:02 - INFO - [盘后观察] 513100.SS 成本价=2.254 盘后观察价=2.267 临时最高收盘价=2.267 收益率=0.6% 买入评分=63 卖出评分=0 止损价=2.154；已写入临时风险状态，次日盘前确认并用最终T-1日线纠正
2026-08-05 15:30:02 - INFO - [盘后观察] 513500.SS 成本价=2.561 盘后观察价=2.669 临时最高收盘价=2.669 收益率=4.2% 买入评分=84 卖出评分=0 止损价=2.536；已写入临时风险状态，次日盘前确认并用最终T-1日线纠正
2026-08-05 15:30:02 - INFO - ============================================================
2026-08-05 23:35:35 - INFO - [cross-v0.3.2] 初始化完成: 最大持仓=3 基础仓位比例=0.95 普通信号最短持有=5
2026-08-05 23:35:35 - INFO - [发布指纹] 构建=20260804.1 业务配置=1506a0e834fe 状态结构=6
2026-08-05 23:35:35 - INFO - [cross-v0.3.2] 位置差值上穿已启用 | 自检=通过 预期=通过 | 自检反转分=12
2026-08-05 23:35:35 - INFO - [指标参数] RSI(6,12,24) MACD(12,26,9) KDJ(9,3,3) BOLL(20,2.0) ATR(14) ADX(14) MA(5,10,20,60)
2026-08-05 23:35:36 - INFO - [状态台账] 已与当前券商持仓核验一致，直接恢复持仓风险状态
2026-08-05 23:35:36 - INFO - [盘前收盘确认] 513050.SS待确认日期=2026-08-05属于当日盘后观察，T-1=2026-08-04尚未覆盖；保留已验证风险基线，延至下一交易日盘前确认
2026-08-05 23:35:36 - INFO - [盘前收盘确认] 513100.SS待确认日期=2026-08-05属于当日盘后观察，T-1=2026-08-04尚未覆盖；保留已验证风险基线，延至下一交易日盘前确认
2026-08-05 23:35:36 - INFO - [盘前收盘确认] 513500.SS待确认日期=2026-08-05属于当日盘后观察，T-1=2026-08-04尚未覆盖；保留已验证风险基线，延至下一交易日盘前确认
2026-08-05 23:35:36 - INFO - [PTrade框架g] 状态=未提供 代次=不适用 原因=未发现持久状态元数据
2026-08-05 23:35:36 - INFO - [连续状态恢复] 来源=状态台账 代次=38
2026-08-05 23:35:36 - INFO - [持仓风险恢复] 来源=状态台账
2026-08-05 23:35:36 - INFO - [持仓风险恢复] 代码=513050.SS 数量=4800 成本=1.135100 买入日期=2026-07-30 ATR=0.038214 持仓最高收盘价=1.189000 状态=已验证 来源=状态台账
2026-08-05 23:35:36 - INFO - [持仓风险恢复] 代码=513100.SS 数量=400 成本=2.254300 买入日期=2026-08-05 ATR=0.038500 持仓最高收盘价=2.267000 状态=已验证 来源=状态台账
2026-08-05 23:35:36 - INFO - [持仓风险恢复] 代码=513500.SS 数量=4200 成本=2.561100 买入日期=2026-07-16 ATR=0.025429 持仓最高收盘价=2.669000 状态=已验证 来源=状态台账
2026-08-06 09:10:00 - INFO - [盘前收盘确认] 513050.SS 区间=2026-08-05~2026-08-05 交易日数=1 零成交量日数=0 确认前最高收盘价=1.180000 已确认最高收盘价=1.189000
2026-08-06 09:10:01 - INFO - [盘前收盘确认] 513100.SS 区间=2026-08-05~2026-08-05 交易日数=1 零成交量日数=0 确认前最高收盘价=2.253000 已确认最高收盘价=2.267000
2026-08-06 09:10:05 - INFO - [盘前收盘确认] 513500.SS 区间=2026-08-05~2026-08-05 交易日数=1 零成交量日数=0 确认前最高收盘价=2.582000 已确认最高收盘价=2.669000
2026-08-06 09:10:05 - INFO - [PTrade框架g] 状态=未提供 代次=不适用 原因=未发现持久状态元数据
2026-08-06 09:10:06 - INFO - [连续状态恢复] 来源=状态台账 代次=38
2026-08-06 09:10:07 - INFO - [持仓风险恢复] 来源=状态台账
2026-08-06 09:10:07 - INFO - [持仓风险恢复] 代码=513050.SS 数量=4800 成本=1.135100 买入日期=2026-07-30 ATR=0.038214 持仓最高收盘价=1.189000 状态=已验证 来源=状态台账
2026-08-06 09:10:07 - INFO - [持仓风险恢复] 代码=513100.SS 数量=400 成本=2.254300 买入日期=2026-08-05 ATR=0.038500 持仓最高收盘价=2.267000 状态=已验证 来源=状态台账
2026-08-06 09:10:07 - INFO - [持仓风险恢复] 代码=513500.SS 数量=4200 成本=2.561100 买入日期=2026-07-16 ATR=0.025429 持仓最高收盘价=2.669000 状态=已验证 来源=状态台账
2026-08-06 09:35:00 - INFO - [交易日开始] 执行日期=2026-08-06 信号日期=2026-08-05 策略=cross-v0.3.2 是否调仓=是
2026-08-06 09:35:00 - INFO - [阶段1/5][风险检查] 检查当前持仓ATR止损
2026-08-06 09:35:00 - INFO - [阶段2/5][全池评分] ETF总数=9 停牌跳过=1
2026-08-06 09:35:00 - INFO - [评分跳过汇总] 停牌=1
2026-08-06 09:35:00 - INFO - [阶段3/5][信号摘要] 有效评分=8
2026-08-06 09:35:00 - INFO - [候选#1] 代码=513500.SS 买入评分=60 反转评分=22 位置评分=8 趋势评分=20 量能评分=10 卖出评分=0 收盘价=2.669
2026-08-06 09:35:02 - DEBUG - [指标明细][候选#1][513500.SS] RSI[6/12/24]=81.9/71.1/63.6 MACD[DIF/DEA/HIST]=0.0148/0.0027/0.0241 KDJ[K/D/J]=75.2/54.4/116.8 BOLL[U/M/L]=2.615/2.531/2.446 MA[5/10/20/60]=2.554/2.532/2.531/2.524 VOL[5/20]=190340198/151669199 ATR14=0.0404 DMI[+DI/-DI/ADX]=49.3/27.3/9.2 RSI_DIFF[6-12/6-24]=10.7/18.3(前值 9.0/13.3) MACD_DIFF[DIF-DEA]=0.0121(前值 0.0037) KDJ_DIFF[K-D/J-D]=20.8/62.4(前值 19.3/57.9)
2026-08-06 09:35:02 - INFO - [候选#2] 代码=159915.SZ 买入评分=46 反转评分=34 位置评分=17 趋势评分=-15 量能评分=10 卖出评分=0 收盘价=3.560
2026-08-06 09:35:02 - DEBUG - [指标明细][候选#2][159915.SZ] RSI[6/12/24]=56.4/47.6/46.2 MACD[DIF/DEA/HIST]=-0.1412/-0.1467/0.0110 KDJ[K/D/J]=56.8/40.1/90.2 BOLL[U/M/L]=4.007/3.591/3.175 MA[5/10/20/60]=3.407/3.451/3.591/3.901 VOL[5/20]=3453979500/2949366290 ATR14=0.1909 DMI[+DI/-DI/ADX]=19.1/30.4/49.5 RSI_DIFF[6-12/6-24]=8.9/10.2(前值 7.4/7.9) MACD_DIFF[DIF-DEA]=0.0055(前值 -0.0103) KDJ_DIFF[K-D/J-D]=16.7/50.2(前值 10.1/30.4)
2026-08-06 09:35:03 - INFO - [候选#3] 代码=513880.SS 买入评分=38 反转评分=10 位置评分=15 趋势评分=9 量能评分=4 卖出评分=0 收盘价=2.153
2026-08-06 09:35:03 - DEBUG - [指标明细][候选#3][513880.SS] RSI[6/12/24]=69.0/55.8/52.4 MACD[DIF/DEA/HIST]=-0.0336/-0.0420/0.0167 KDJ[K/D/J]=68.4/47.0/111.4 BOLL[U/M/L]=2.243/2.080/1.917 MA[5/10/20/60]=2.050/2.038/2.080/2.134 VOL[5/20]=183152147/161647490 ATR14=0.0730 DMI[+DI/-DI/ADX]=33.4/28.3/28.9 RSI_DIFF[6-12/6-24]=13.2/16.6(前值 8.7/8.7) MACD_DIFF[DIF-DEA]=0.0084(前值 -0.0012) KDJ_DIFF[K-D/J-D]=21.5/64.4(前值 16.9/50.6)
2026-08-06 09:35:04 - INFO - [候选#4] 代码=518880.SS 买入评分=33 反转评分=11 位置评分=15 趋势评分=-3 量能评分=10 卖出评分=0 收盘价=8.640
2026-08-06 09:35:04 - DEBUG - [指标明细][候选#4][518880.SS] RSI[6/12/24]=72.3/58.6/48.5 MACD[DIF/DEA/HIST]=-0.0522/-0.0867/0.0689 KDJ[K/D/J]=53.6/42.6/75.5 BOLL[U/M/L]=8.620/8.438/8.257 MA[5/10/20/60]=8.452/8.450/8.438/8.812 VOL[5/20]=403155456/318741231 ATR14=0.1166 DMI[+DI/-DI/ADX]=45.5/29.4/13.2 RSI_DIFF[6-12/6-24]=13.7/23.8(前值 1.9/4.9) MACD_DIFF[DIF-DEA]=0.0345(前值 0.0205) KDJ_DIFF[K-D/J-D]=10.9/32.8(前值 -6.1/-18.4)
2026-08-06 09:35:04 - INFO - [候选#5] 代码=159928.SZ 买入评分=31 反转评分=0 位置评分=7 趋势评分=20 量能评分=4 卖出评分=35 收盘价=0.674
2026-08-06 09:35:04 - DEBUG - [指标明细][候选#5][159928.SZ] RSI[6/12/24]=47.0/54.1/52.1 MACD[DIF/DEA/HIST]=0.0105/0.0086/0.0038 KDJ[K/D/J]=61.1/70.7/42.0 BOLL[U/M/L]=0.709/0.664/0.620 MA[5/10/20/60]=0.688/0.678/0.664/0.659 VOL[5/20]=756143558/648203214 ATR14=0.0160 DMI[+DI/-DI/ADX]=23.9/15.3/57.6 RSI_DIFF[6-12/6-24]=-7.0/-5.0(前值 -4.6/-1.3) MACD_DIFF[DIF-DEA]=0.0019(前值 0.0033) KDJ_DIFF[K-D/J-D]=-9.6/-28.8(前值 -4.5/-13.4)
2026-08-06 09:35:04 - INFO - [上穿信号] 数量=5
2026-08-06 09:35:04 - INFO - [上穿#1] 代码=159915.SZ 反转评分=34 买入评分=46 卖出评分=0 上穿=RSI6上穿RSI12(近3日有效,距发生1个交易日),RSI6上穿RSI24(近3日有效,距发生1个交易日),DIF上穿DEA(近3日有效,当日新发生) 下穿=无
2026-08-06 09:35:04 - DEBUG - [指标明细][上穿#1][159915.SZ] RSI6上穿RSI12=是 RSI6上穿RSI24=是 DIF上穿DEA=是 K上穿D=否 J上穿D=否 RSI6下穿RSI12=否 RSI6下穿RSI24=否 DIF下穿DEA=否 K下穿D=否 J下穿D=否 RSI[6/12/24]=56.4/47.6/46.2 MACD[DIF/DEA/HIST]=-0.1412/-0.1467/0.0110 KDJ[K/D/J]=56.8/40.1/90.2 BOLL[U/M/L]=4.007/3.591/3.175 MA[5/10/20/60]=3.407/3.451/3.591/3.901 VOL[5/20]=3453979500/2949366290 ATR14=0.1909 DMI[+DI/-DI/ADX]=19.1/30.4/49.5 RSI_DIFF[6-12/6-24]=8.9/10.2(前值 7.4/7.9) MACD_DIFF[DIF-DEA]=0.0055(前值 -0.0103) KDJ_DIFF[K-D/J-D]=16.7/50.2(前值 10.1/30.4)
2026-08-06 09:35:04 - INFO - [上穿#2] 代码=513500.SS 反转评分=22 买入评分=60 卖出评分=0 上穿=RSI6上穿RSI24(近3日有效,距发生2个交易日),DIF上穿DEA(近3日有效,距发生1个交易日) 下穿=无
2026-08-06 09:35:04 - DEBUG - [指标明细][上穿#2][513500.SS] RSI6上穿RSI12=否 RSI6上穿RSI24=是 DIF上穿DEA=是 K上穿D=否 J上穿D=否 RSI6下穿RSI12=否 RSI6下穿RSI24=否 DIF下穿DEA=否 K下穿D=否 J下穿D=否 RSI[6/12/24]=81.9/71.1/63.6 MACD[DIF/DEA/HIST]=0.0148/0.0027/0.0241 KDJ[K/D/J]=75.2/54.4/116.8 BOLL[U/M/L]=2.615/2.531/2.446 MA[5/10/20/60]=2.554/2.532/2.531/2.524 VOL[5/20]=190340198/151669199 ATR14=0.0404 DMI[+DI/-DI/ADX]=49.3/27.3/9.2 RSI_DIFF[6-12/6-24]=10.7/18.3(前值 9.0/13.3) MACD_DIFF[DIF-DEA]=0.0121(前值 0.0037) KDJ_DIFF[K-D/J-D]=20.8/62.4(前值 19.3/57.9)
2026-08-06 09:35:04 - INFO - [上穿#3] 代码=518880.SS 反转评分=11 买入评分=33 卖出评分=0 上穿=K上穿D(近3日有效,当日新发生),J上穿D(近3日有效,当日新发生) 下穿=无
2026-08-06 09:35:04 - DEBUG - [指标明细][上穿#3][518880.SS] RSI6上穿RSI12=否 RSI6上穿RSI24=否 DIF上穿DEA=否 K上穿D=是 J上穿D=是 RSI6下穿RSI12=否 RSI6下穿RSI24=否 DIF下穿DEA=否 K下穿D=否 J下穿D=否 RSI[6/12/24]=72.3/58.6/48.5 MACD[DIF/DEA/HIST]=-0.0522/-0.0867/0.0689 KDJ[K/D/J]=53.6/42.6/75.5 BOLL[U/M/L]=8.620/8.438/8.257 MA[5/10/20/60]=8.452/8.450/8.438/8.812 VOL[5/20]=403155456/318741231 ATR14=0.1166 DMI[+DI/-DI/ADX]=45.5/29.4/13.2 RSI_DIFF[6-12/6-24]=13.7/23.8(前值 1.9/4.9) MACD_DIFF[DIF-DEA]=0.0345(前值 0.0205) KDJ_DIFF[K-D/J-D]=10.9/32.8(前值 -6.1/-18.4)
2026-08-06 09:35:04 - INFO - [上穿#4] 代码=513880.SS 反转评分=10 买入评分=38 卖出评分=0 上穿=DIF上穿DEA(近3日有效,当日新发生) 下穿=无
2026-08-06 09:35:04 - DEBUG - [指标明细][上穿#4][513880.SS] RSI6上穿RSI12=否 RSI6上穿RSI24=否 DIF上穿DEA=是 K上穿D=否 J上穿D=否 RSI6下穿RSI12=否 RSI6下穿RSI24=否 DIF下穿DEA=否 K下穿D=否 J下穿D=否 RSI[6/12/24]=69.0/55.8/52.4 MACD[DIF/DEA/HIST]=-0.0336/-0.0420/0.0167 KDJ[K/D/J]=68.4/47.0/111.4 BOLL[U/M/L]=2.243/2.080/1.917 MA[5/10/20/60]=2.050/2.038/2.080/2.134 VOL[5/20]=183152147/161647490 ATR14=0.0730 DMI[+DI/-DI/ADX]=33.4/28.3/28.9 RSI_DIFF[6-12/6-24]=13.2/16.6(前值 8.7/8.7) MACD_DIFF[DIF-DEA]=0.0084(前值 -0.0012) KDJ_DIFF[K-D/J-D]=21.5/64.4(前值 16.9/50.6)
2026-08-06 09:35:04 - INFO - [上穿#5] 代码=512100.SS 反转评分=10 买入评分=16 卖出评分=0 上穿=DIF上穿DEA(近3日有效,距发生1个交易日) 下穿=无
2026-08-06 09:35:04 - DEBUG - [指标明细][上穿#5][512100.SS] RSI6上穿RSI12=否 RSI6上穿RSI24=否 DIF上穿DEA=是 K上穿D=否 J上穿D=否 RSI6下穿RSI12=否 RSI6下穿RSI24=否 DIF下穿DEA=否 K下穿D=否 J下穿D=否 RSI[6/12/24]=64.7/50.3/45.6 MACD[DIF/DEA/HIST]=-0.1114/-0.1315/0.0402 KDJ[K/D/J]=72.0/54.2/107.5 BOLL[U/M/L]=3.325/2.987/2.650 MA[5/10/20/60]=2.901/2.891/2.987/3.299 VOL[5/20]=1922287576/2032490390 ATR14=0.1207 DMI[+DI/-DI/ADX]=14.2/28.4/72.9 RSI_DIFF[6-12/6-24]=14.4/19.1(前值 10.4/12.3) MACD_DIFF[DIF-DEA]=0.0201(前值 0.0068) KDJ_DIFF[K-D/J-D]=17.8/53.3(前值 15.0/44.9)
2026-08-06 09:35:04 - INFO - [宽松反转] 数量=7
2026-08-06 09:35:04 - INFO - [宽松反转#1] 代码=513500.SS 转强数=3 买入评分=60 反转评分=22 转强=RSI,MACD,KDJ
2026-08-06 09:35:04 - DEBUG - [指标明细][宽松反转#1][513500.SS] RSI转强=True RSI变化=11.24 MACD转强=True DIF变化=0.0114 KDJ转强=True K值变化=11.89 J值变化=14.87 RSI[6/12/24]=81.9/71.1/63.6 MACD[DIF/DEA/HIST]=0.0148/0.0027/0.0241 KDJ[K/D/J]=75.2/54.4/116.8 BOLL[U/M/L]=2.615/2.531/2.446 MA[5/10/20/60]=2.554/2.532/2.531/2.524 VOL[5/20]=190340198/151669199 ATR14=0.0404 DMI[+DI/-DI/ADX]=49.3/27.3/9.2 RSI_DIFF[6-12/6-24]=10.7/18.3(前值 9.0/13.3) MACD_DIFF[DIF-DEA]=0.0121(前值 0.0037) KDJ_DIFF[K-D/J-D]=20.8/62.4(前值 19.3/57.9)
2026-08-06 09:35:04 - INFO - [宽松反转#2] 代码=159915.SZ 转强数=3 买入评分=46 反转评分=34 转强=RSI,MACD,KDJ
2026-08-06 09:35:04 - DEBUG - [指标明细][宽松反转#2][159915.SZ] RSI转强=True RSI变化=3.40 MACD转强=True DIF变化=0.0172 KDJ转强=True K值变化=14.95 J值变化=28.12 RSI[6/12/24]=56.4/47.6/46.2 MACD[DIF/DEA/HIST]=-0.1412/-0.1467/0.0110 KDJ[K/D/J]=56.8/40.1/90.2 BOLL[U/M/L]=4.007/3.591/3.175 MA[5/10/20/60]=3.407/3.451/3.591/3.901 VOL[5/20]=3453979500/2949366290 ATR14=0.1909 DMI[+DI/-DI/ADX]=19.1/30.4/49.5 RSI_DIFF[6-12/6-24]=8.9/10.2(前值 7.4/7.9) MACD_DIFF[DIF-DEA]=0.0055(前值 -0.0103) KDJ_DIFF[K-D/J-D]=16.7/50.2(前值 10.1/30.4)
2026-08-06 09:35:04 - INFO - [宽松反转#3] 代码=513880.SS 转强数=3 买入评分=38 反转评分=10 转强=RSI,MACD,KDJ
2026-08-06 09:35:04 - DEBUG - [指标明细][宽松反转#3][513880.SS] RSI转强=True RSI变化=11.39 MACD转强=True DIF变化=0.0116 KDJ转强=True K值变化=15.35 J值变化=24.57 RSI[6/12/24]=69.0/55.8/52.4 MACD[DIF/DEA/HIST]=-0.0336/-0.0420/0.0167 KDJ[K/D/J]=68.4/47.0/111.4 BOLL[U/M/L]=2.243/2.080/1.917 MA[5/10/20/60]=2.050/2.038/2.080/2.134 VOL[5/20]=183152147/161647490 ATR14=0.0730 DMI[+DI/-DI/ADX]=33.4/28.3/28.9 RSI_DIFF[6-12/6-24]=13.2/16.6(前值 8.7/8.7) MACD_DIFF[DIF-DEA]=0.0084(前值 -0.0012) KDJ_DIFF[K-D/J-D]=21.5/64.4(前值 16.9/50.6)
2026-08-06 09:35:04 - INFO - [宽松反转#4] 代码=518880.SS 转强数=3 买入评分=33 反转评分=11 转强=RSI,MACD,KDJ
2026-08-06 09:35:04 - DEBUG - [指标明细][宽松反转#4][518880.SS] RSI转强=True RSI变化=25.48 MACD转强=True DIF变化=0.0226 KDJ转强=True K值变化=22.56 J值变化=56.74 RSI[6/12/24]=72.3/58.6/48.5 MACD[DIF/DEA/HIST]=-0.0522/-0.0867/0.0689 KDJ[K/D/J]=53.6/42.6/75.5 BOLL[U/M/L]=8.620/8.438/8.257 MA[5/10/20/60]=8.452/8.450/8.438/8.812 VOL[5/20]=403155456/318741231 ATR14=0.1166 DMI[+DI/-DI/ADX]=45.5/29.4/13.2 RSI_DIFF[6-12/6-24]=13.7/23.8(前值 1.9/4.9) MACD_DIFF[DIF-DEA]=0.0345(前值 0.0205) KDJ_DIFF[K-D/J-D]=10.9/32.8(前值 -6.1/-18.4)
2026-08-06 09:35:04 - INFO - [宽松反转#5] 代码=513050.SS 转强数=3 买入评分=24 反转评分=0 转强=RSI,MACD,KDJ
2026-08-06 09:35:04 - DEBUG - [指标明细][宽松反转#5][513050.SS] RSI转强=True RSI变化=2.69 MACD转强=True DIF变化=0.0030 KDJ转强=True K值变化=3.89 J值变化=1.65 RSI[6/12/24]=77.3/67.4/58.8 MACD[DIF/DEA/HIST]=0.0262/0.0166/0.0192 KDJ[K/D/J]=83.7/73.6/103.7 BOLL[U/M/L]=1.192/1.119/1.046 MA[5/10/20/60]=1.166/1.131/1.119/1.099 VOL[5/20]=3079588540/3063042740 ATR14=0.0365 DMI[+DI/-DI/ADX]=23.8/19.3/22.1 RSI_DIFF[6-12/6-24]=9.9/18.5(前值 8.9/16.8) MACD_DIFF[DIF-DEA]=0.0096(前值 0.0090) KDJ_DIFF[K-D/J-D]=10.0/30.0(前值 11.1/33.4)
2026-08-06 09:35:04 - INFO - [阶段4/5][卖出评估] 当前持仓=3
2026-08-06 09:35:04 - INFO - [阶段5/5][买入评估] 使用冻结候选执行买入筛选
2026-08-06 09:35:04 - INFO - [交易日汇总] 有效评分=8 上穿标的=5 宽松反转标的=7 ATR止损触发=0 新提交卖单=0 新提交买单=0 待卖委托=0 待买委托=0 延后买入=否
2026-08-06 09:35:04 - INFO - [交易日结束] 执行日期=2026-08-06
2026-08-06 10:35:00 - INFO - [复牌评分] 来源=10:35复牌/卖单补偿 信号日期=2026-08-05 代码=513100.SS 买入评分=33 反转评分=10 位置评分=8 趋势评分=9 量能评分=6 卖出评分=0 买入筛选=拒绝:评分不足(33<60),已有持仓或待买
2026-08-06 10:35:00 - INFO - [复牌交叉] 来源=10:35复牌/卖单补偿 信号日期=2026-08-05 代码=513100.SS 上穿=DIF上穿DEA(近3日有效,距发生1个交易日) 下穿=无
2026-08-06 10:35:00 - DEBUG - [指标明细][复牌评分][513100.SS] 信号日期=2026-08-05 RSI6上穿RSI12=否 RSI6上穿RSI24=否 DIF上穿DEA=是 K上穿D=否 J上穿D=否 RSI6下穿RSI12=否 RSI6下穿RSI24=否 DIF下穿DEA=否 K下穿D=否 J下穿D=否 RSI[6/12/24]=79.6/67.0/59.5 MACD[DIF/DEA/HIST]=-0.0005/-0.0143/0.0277 KDJ[K/D/J]=76.0/53.6/120.8 BOLL[U/M/L]=2.240/2.136/2.033 MA[5/10/20/60]=2.148/2.123/2.136/2.171 VOL[5/20]=156943888/190425619 ATR14=0.0422 DMI[+DI/-DI/ADX]=56.9/37.2/30.2 RSI_DIFF[6-12/6-24]=12.7/20.1(前值 11.4/15.9) MACD_DIFF[DIF-DEA]=0.0138(前值 0.0048) KDJ_DIFF[K-D/J-D]=22.4/67.3(前值 21.9/65.6)
2026-08-06 10:35:00 - INFO - [持仓] 513100.SS尚未满足最短持有期，已跳过信号卖出
2026-08-06 10:35:01 - INFO - [复牌补偿] 已复牌=513100.SS，已执行延后卖出与买入评估
2026-08-06 15:30:00 - INFO - [盘后委托核对] 未发现未完成委托
2026-08-06 15:30:00 - INFO - [订单生命周期汇总] 来源=盘后 待买委托=0 待卖委托=0 延后买入=否 委托状态未知=否
2026-08-06 15:30:01 - INFO - ============================================================
2026-08-06 15:30:02 - INFO - [cross-v0.3.2 收盘] 总资产=17901.03 可用资金=132.63 持仓数=3/3
2026-08-06 15:30:02 - INFO - [盘后观察] 513050.SS 成本价=1.135 盘后观察价=1.161 临时最高收盘价=1.189 收益率=2.3% 买入评分=24 卖出评分=0 止损价=1.093；已写入临时风险状态，次日盘前确认并用最终T-1日线纠正
2026-08-06 15:30:03 - INFO - [盘后观察] 513100.SS 成本价=2.254 盘后观察价=2.244 临时最高收盘价=2.267 收益率=-0.5% 买入评分=33 卖出评分=0 止损价=2.154；已写入临时风险状态，次日盘前确认并用最终T-1日线纠正
2026-08-06 15:30:03 - INFO - [盘后观察] 513500.SS 成本价=2.561 盘后观察价=2.690 临时最高收盘价=2.690 收益率=5.0% 买入评分=60 卖出评分=0 止损价=2.555；已写入临时风险状态，次日盘前确认并用最终T-1日线纠正
2026-08-06 15:30:03 - INFO - ============================================================
2026-08-07 09:10:01 - INFO - [盘前收盘确认] 513050.SS 区间=2026-08-06~2026-08-06 交易日数=1 零成交量日数=0 确认前最高收盘价=1.189000 已确认最高收盘价=1.189000
2026-08-07 09:10:03 - INFO - [盘前收盘确认] 513100.SS 区间=2026-08-06~2026-08-06 交易日数=1 零成交量日数=0 确认前最高收盘价=2.267000 已确认最高收盘价=2.267000
2026-08-07 09:10:08 - INFO - [盘前收盘确认] 513500.SS 区间=2026-08-06~2026-08-06 交易日数=1 零成交量日数=0 确认前最高收盘价=2.669000 已确认最高收盘价=2.690000
2026-08-07 09:10:10 - INFO - [PTrade框架g] 状态=未提供 代次=不适用 原因=未发现持久状态元数据
2026-08-07 09:10:11 - INFO - [连续状态恢复] 来源=状态台账 代次=38
2026-08-07 09:10:11 - INFO - [持仓风险恢复] 来源=状态台账
2026-08-07 09:10:11 - INFO - [持仓风险恢复] 代码=513050.SS 数量=4800 成本=1.135100 买入日期=2026-07-30 ATR=0.038214 持仓最高收盘价=1.189000 状态=已验证 来源=状态台账
2026-08-07 09:10:12 - INFO - [持仓风险恢复] 代码=513100.SS 数量=400 成本=2.254300 买入日期=2026-08-05 ATR=0.038500 持仓最高收盘价=2.267000 状态=已验证 来源=状态台账
2026-08-07 09:10:12 - INFO - [持仓风险恢复] 代码=513500.SS 数量=4200 成本=2.561100 买入日期=2026-07-16 ATR=0.025429 持仓最高收盘价=2.690000 状态=已验证 来源=状态台账
2026-08-07 09:35:00 - INFO - [交易日开始] 执行日期=2026-08-07 信号日期=2026-08-06 策略=cross-v0.3.2 是否调仓=是
2026-08-07 09:35:00 - INFO - [阶段1/5][风险检查] 检查当前持仓ATR止损
2026-08-07 09:35:00 - INFO - [阶段2/5][全池评分] ETF总数=9 停牌跳过=1
2026-08-07 09:35:00 - INFO - [评分跳过汇总] 停牌=1
2026-08-07 09:35:00 - INFO - [阶段3/5][信号摘要] 有效评分=8
2026-08-07 09:35:01 - INFO - [候选#1] 代码=159915.SZ 买入评分=42 反转评分=34 位置评分=17 趋势评分=-9 量能评分=0 卖出评分=0 收盘价=3.540
2026-08-07 09:35:01 - DEBUG - [指标明细][候选#1][159915.SZ] RSI[6/12/24]=54.4/46.8/45.8 MACD[DIF/DEA/HIST]=-0.1277/-0.1429/0.0303 KDJ[K/D/J]=65.2/48.5/98.8 BOLL[U/M/L]=3.925/3.566/3.207 MA[5/10/20/60]=3.461/3.445/3.566/3.893 VOL[5/20]=2838105620/2955262200 ATR14=0.1777 DMI[+DI/-DI/ADX]=19.1/19.8/45.5 RSI_DIFF[6-12/6-24]=7.6/8.5(前值 8.9/10.2) MACD_DIFF[DIF-DEA]=0.0152(前值 0.0055) KDJ_DIFF[K-D/J-D]=16.8/50.3(前值 16.7/50.2)
2026-08-07 09:35:02 - INFO - [候选#2] 代码=513500.SS 买入评分=40 反转评分=10 位置评分=0 趋势评分=20 量能评分=10 卖出评分=0 收盘价=2.690
2026-08-07 09:35:02 - DEBUG - [指标明细][候选#2][513500.SS] RSI[6/12/24]=83.7/72.9/64.9 MACD[DIF/DEA/HIST]=0.0252/0.0072/0.0359 KDJ[K/D/J]=82.6/63.8/120.1 BOLL[U/M/L]=2.649/2.539/2.429 MA[5/10/20/60]=2.597/2.548/2.539/2.528 VOL[5/20]=226697828/162528449 ATR14=0.0404 DMI[+DI/-DI/ADX]=53.3/13.9/13.1 RSI_DIFF[6-12/6-24]=10.8/18.8(前值 10.7/18.2) MACD_DIFF[DIF-DEA]=0.0180(前值 0.0121) KDJ_DIFF[K-D/J-D]=18.8/56.3(前值 20.8/62.4)
2026-08-07 09:35:02 - INFO - [候选#3] 代码=518880.SS 买入评分=33 反转评分=11 位置评分=15 趋势评分=-3 量能评分=10 卖出评分=0 收盘价=8.795
2026-08-07 09:35:02 - DEBUG - [指标明细][候选#3][518880.SS] RSI[6/12/24]=80.0/64.9/52.3 MACD[DIF/DEA/HIST]=-0.0215/-0.0736/0.1042 KDJ[K/D/J]=62.5/49.3/89.1 BOLL[U/M/L]=8.689/8.451/8.212 MA[5/10/20/60]=8.539/8.473/8.451/8.796 VOL[5/20]=486501732/347473340 ATR14=0.1279 DMI[+DI/-DI/ADX]=62.3/23.3/15.2 RSI_DIFF[6-12/6-24]=15.1/27.7(前值 13.7/23.7) MACD_DIFF[DIF-DEA]=0.0521(前值 0.0345) KDJ_DIFF[K-D/J-D]=13.3/39.9(前值 10.9/32.8)
2026-08-07 09:35:02 - INFO - [候选#4] 代码=159928.SZ 买入评分=31 反转评分=0 位置评分=7 趋势评分=20 量能评分=4 卖出评分=45 收盘价=0.669
2026-08-07 09:35:02 - DEBUG - [指标明细][候选#4][159928.SZ] RSI[6/12/24]=42.1/51.4/50.7 MACD[DIF/DEA/HIST]=0.0092/0.0088/0.0009 KDJ[K/D/J]=50.9/64.1/24.5 BOLL[U/M/L]=0.706/0.667/0.628 MA[5/10/20/60]=0.682/0.678/0.667/0.658 VOL[5/20]=736804814/664507582 ATR14=0.0152 DMI[+DI/-DI/ADX]=23.9/14.5/54.6 RSI_DIFF[6-12/6-24]=-9.3/-8.6(前值 -7.0/-5.0) MACD_DIFF[DIF-DEA]=0.0005(前值 0.0019) KDJ_DIFF[K-D/J-D]=-13.2/-39.6(前值 -9.6/-28.8)
2026-08-07 09:35:02 - INFO - [候选#5] 代码=513050.SS 买入评分=27 反转评分=0 位置评分=7 趋势评分=20 量能评分=0 卖出评分=12 收盘价=1.161
2026-08-07 09:35:02 - DEBUG - [指标明细][候选#5][513050.SS] RSI[6/12/24]=58.4/59.5/55.3 MACD[DIF/DEA/HIST]=0.0260/0.0185/0.0151 KDJ[K/D/J]=78.9/75.4/86.0 BOLL[U/M/L]=1.196/1.122/1.048 MA[5/10/20/60]=1.171/1.138/1.122/1.098 VOL[5/20]=2916457440/2940936760 ATR14=0.0339 DMI[+DI/-DI/ADX]=24.0/13.7/20.4 RSI_DIFF[6-12/6-24]=-1.1/3.0(前值 9.9/18.5) MACD_DIFF[DIF-DEA]=0.0076(前值 0.0096) KDJ_DIFF[K-D/J-D]=3.5/10.6(前值 10.0/30.0)
2026-08-07 09:35:02 - INFO - [上穿信号] 数量=5
2026-08-07 09:35:02 - INFO - [上穿#1] 代码=159915.SZ 反转评分=34 买入评分=42 卖出评分=0 上穿=RSI6上穿RSI12(近3日有效,距发生2个交易日),RSI6上穿RSI24(近3日有效,距发生2个交易日),DIF上穿DEA(近3日有效,距发生1个交易日) 下穿=无
2026-08-07 09:35:02 - DEBUG - [指标明细][上穿#1][159915.SZ] RSI6上穿RSI12=是 RSI6上穿RSI24=是 DIF上穿DEA=是 K上穿D=否 J上穿D=否 RSI6下穿RSI12=否 RSI6下穿RSI24=否 DIF下穿DEA=否 K下穿D=否 J下穿D=否 RSI[6/12/24]=54.4/46.8/45.8 MACD[DIF/DEA/HIST]=-0.1277/-0.1429/0.0303 KDJ[K/D/J]=65.2/48.5/98.8 BOLL[U/M/L]=3.925/3.566/3.207 MA[5/10/20/60]=3.461/3.445/3.566/3.893 VOL[5/20]=2838105620/2955262200 ATR14=0.1777 DMI[+DI/-DI/ADX]=19.1/19.8/45.5 RSI_DIFF[6-12/6-24]=7.6/8.5(前值 8.9/10.2) MACD_DIFF[DIF-DEA]=0.0152(前值 0.0055) KDJ_DIFF[K-D/J-D]=16.8/50.3(前值 16.7/50.2)
2026-08-07 09:35:02 - INFO - [上穿#2] 代码=518880.SS 反转评分=11 买入评分=33 卖出评分=0 上穿=K上穿D(近3日有效,距发生1个交易日),J上穿D(近3日有效,距发生1个交易日) 下穿=无
2026-08-07 09:35:02 - DEBUG - [指标明细][上穿#2][518880.SS] RSI6上穿RSI12=否 RSI6上穿RSI24=否 DIF上穿DEA=否 K上穿D=是 J上穿D=是 RSI6下穿RSI12=否 RSI6下穿RSI24=否 DIF下穿DEA=否 K下穿D=否 J下穿D=否 RSI[6/12/24]=80.0/64.9/52.3 MACD[DIF/DEA/HIST]=-0.0215/-0.0736/0.1042 KDJ[K/D/J]=62.5/49.3/89.1 BOLL[U/M/L]=8.689/8.451/8.212 MA[5/10/20/60]=8.539/8.473/8.451/8.796 VOL[5/20]=486501732/347473340 ATR14=0.1279 DMI[+DI/-DI/ADX]=62.3/23.3/15.2 RSI_DIFF[6-12/6-24]=15.1/27.7(前值 13.7/23.7) MACD_DIFF[DIF-DEA]=0.0521(前值 0.0345) KDJ_DIFF[K-D/J-D]=13.3/39.9(前值 10.9/32.8)
2026-08-07 09:35:02 - INFO - [上穿#3] 代码=513500.SS 反转评分=10 买入评分=40 卖出评分=0 上穿=DIF上穿DEA(近3日有效,距发生2个交易日) 下穿=无
2026-08-07 09:35:02 - DEBUG - [指标明细][上穿#3][513500.SS] RSI6上穿RSI12=否 RSI6上穿RSI24=否 DIF上穿DEA=是 K上穿D=否 J上穿D=否 RSI6下穿RSI12=否 RSI6下穿RSI24=否 DIF下穿DEA=否 K下穿D=否 J下穿D=否 RSI[6/12/24]=83.7/72.9/64.9 MACD[DIF/DEA/HIST]=0.0252/0.0072/0.0359 KDJ[K/D/J]=82.6/63.8/120.1 BOLL[U/M/L]=2.649/2.539/2.429 MA[5/10/20/60]=2.597/2.548/2.539/2.528 VOL[5/20]=226697828/162528449 ATR14=0.0404 DMI[+DI/-DI/ADX]=53.3/13.9/13.1 RSI_DIFF[6-12/6-24]=10.8/18.8(前值 10.7/18.2) MACD_DIFF[DIF-DEA]=0.0180(前值 0.0121) KDJ_DIFF[K-D/J-D]=18.8/56.3(前值 20.8/62.4)
2026-08-07 09:35:02 - INFO - [上穿#4] 代码=512100.SS 反转评分=10 买入评分=22 卖出评分=0 上穿=DIF上穿DEA(近3日有效,距发生2个交易日) 下穿=无
2026-08-07 09:35:02 - DEBUG - [指标明细][上穿#4][512100.SS] RSI6上穿RSI12=否 RSI6上穿RSI24=否 DIF上穿DEA=是 K上穿D=否 J上穿D=否 RSI6下穿RSI12=否 RSI6下穿RSI24=否 DIF下穿DEA=否 K下穿D=否 J下穿D=否 RSI[6/12/24]=66.1/51.2/46.1 MACD[DIF/DEA/HIST]=-0.0946/-0.1241/0.0590 KDJ[K/D/J]=79.7/62.7/113.8 BOLL[U/M/L]=3.265/2.972/2.680 MA[5/10/20/60]=2.952/2.904/2.972/3.290 VOL[5/20]=1991490616/2056788856 ATR14=0.1108 DMI[+DI/-DI/ADX]=15.1/17.4/68.8 RSI_DIFF[6-12/6-24]=14.9/20.0(前值 14.4/19.1) MACD_DIFF[DIF-DEA]=0.0295(前值 0.0201) KDJ_DIFF[K-D/J-D]=17.0/51.1(前值 17.8/53.3)
2026-08-07 09:35:02 - INFO - [上穿#5] 代码=513880.SS 反转评分=10 买入评分=20 卖出评分=0 上穿=DIF上穿DEA(近3日有效,距发生1个交易日) 下穿=无
2026-08-07 09:35:02 - DEBUG - [指标明细][上穿#5][513880.SS] RSI6上穿RSI12=否 RSI6上穿RSI24=否 DIF上穿DEA=是 K上穿D=否 J上穿D=否 RSI6下穿RSI12=否 RSI6下穿RSI24=否 DIF下穿DEA=否 K下穿D=否 J下穿D=否 RSI[6/12/24]=61.9/53.0/51.1 MACD[DIF/DEA/HIST]=-0.0263/-0.0388/0.0251 KDJ[K/D/J]=74.8/56.3/111.9 BOLL[U/M/L]=2.230/2.076/1.922 MA[5/10/20/60]=2.087/2.042/2.076/2.136 VOL[5/20]=169611135/161875423 ATR14=0.0672 DMI[+DI/-DI/ADX]=33.5/18.6/27.0 RSI_DIFF[6-12/6-24]=8.9/10.8(前值 13.2/16.6) MACD_DIFF[DIF-DEA]=0.0126(前值 0.0084) KDJ_DIFF[K-D/J-D]=18.6/55.7(前值 21.5/64.4)
2026-08-07 09:35:02 - INFO - [宽松反转] 数量=6
2026-08-07 09:35:02 - INFO - [宽松反转#1] 代码=513500.SS 转强数=3 买入评分=40 反转评分=10 转强=RSI,MACD,KDJ
2026-08-07 09:35:02 - DEBUG - [指标明细][宽松反转#1][513500.SS] RSI转强=True RSI变化=1.81 MACD转强=True DIF变化=0.0104 KDJ转强=True K值变化=7.37 J值变化=3.32 RSI[6/12/24]=83.7/72.9/64.9 MACD[DIF/DEA/HIST]=0.0252/0.0072/0.0359 KDJ[K/D/J]=82.6/63.8/120.1 BOLL[U/M/L]=2.649/2.539/2.429 MA[5/10/20/60]=2.597/2.548/2.539/2.528 VOL[5/20]=226697828/162528449 ATR14=0.0404 DMI[+DI/-DI/ADX]=53.3/13.9/13.1 RSI_DIFF[6-12/6-24]=10.8/18.8(前值 10.7/18.2) MACD_DIFF[DIF-DEA]=0.0180(前值 0.0121) KDJ_DIFF[K-D/J-D]=18.8/56.3(前值 20.8/62.4)
2026-08-07 09:35:02 - INFO - [宽松反转#2] 代码=518880.SS 转强数=3 买入评分=33 反转评分=11 转强=RSI,MACD,KDJ
2026-08-07 09:35:02 - DEBUG - [指标明细][宽松反转#2][518880.SS] RSI转强=True RSI变化=7.68 MACD转强=True DIF变化=0.0306 KDJ转强=True K值变化=8.99 J值变化=13.68 RSI[6/12/24]=80.0/64.9/52.3 MACD[DIF/DEA/HIST]=-0.0215/-0.0736/0.1042 KDJ[K/D/J]=62.5/49.3/89.1 BOLL[U/M/L]=8.689/8.451/8.212 MA[5/10/20/60]=8.539/8.473/8.451/8.796 VOL[5/20]=486501732/347473340 ATR14=0.1279 DMI[+DI/-DI/ADX]=62.3/23.3/15.2 RSI_DIFF[6-12/6-24]=15.1/27.7(前值 13.7/23.7) MACD_DIFF[DIF-DEA]=0.0521(前值 0.0345) KDJ_DIFF[K-D/J-D]=13.3/39.9(前值 10.9/32.8)
2026-08-07 09:35:02 - INFO - [宽松反转#3] 代码=512100.SS 转强数=3 买入评分=22 反转评分=10 转强=RSI,MACD,KDJ
2026-08-07 09:35:02 - DEBUG - [指标明细][宽松反转#3][512100.SS] RSI转强=True RSI变化=1.41 MACD转强=True DIF变化=0.0168 KDJ转强=True K值变化=7.76 J值变化=6.27 RSI[6/12/24]=66.1/51.2/46.1 MACD[DIF/DEA/HIST]=-0.0946/-0.1241/0.0590 KDJ[K/D/J]=79.7/62.7/113.8 BOLL[U/M/L]=3.265/2.972/2.680 MA[5/10/20/60]=2.952/2.904/2.972/3.290 VOL[5/20]=1991490616/2056788856 ATR14=0.1108 DMI[+DI/-DI/ADX]=15.1/17.4/68.8 RSI_DIFF[6-12/6-24]=14.9/20.0(前值 14.4/19.1) MACD_DIFF[DIF-DEA]=0.0295(前值 0.0201) KDJ_DIFF[K-D/J-D]=17.0/51.1(前值 17.8/53.3)
2026-08-07 09:35:02 - INFO - [宽松反转#4] 代码=159915.SZ 转强数=2 买入评分=42 反转评分=34 转强=MACD,KDJ
2026-08-07 09:35:02 - DEBUG - [指标明细][宽松反转#4][159915.SZ] RSI转强=False RSI变化=-2.06 MACD转强=True DIF变化=0.0135 KDJ转强=True K值变化=8.44 J值变化=8.54 RSI[6/12/24]=54.4/46.8/45.8 MACD[DIF/DEA/HIST]=-0.1277/-0.1429/0.0303 KDJ[K/D/J]=65.2/48.5/98.8 BOLL[U/M/L]=3.925/3.566/3.207 MA[5/10/20/60]=3.461/3.445/3.566/3.893 VOL[5/20]=2838105620/2955262200 ATR14=0.1777 DMI[+DI/-DI/ADX]=19.1/19.8/45.5 RSI_DIFF[6-12/6-24]=7.6/8.5(前值 8.9/10.2) MACD_DIFF[DIF-DEA]=0.0152(前值 0.0055) KDJ_DIFF[K-D/J-D]=16.8/50.3(前值 16.7/50.2)
2026-08-07 09:35:02 - INFO - [宽松反转#5] 代码=159985.SZ 转强数=2 买入评分=20 反转评分=0 转强=RSI,KDJ
2026-08-07 09:35:02 - DEBUG - [指标明细][宽松反转#5][159985.SZ] RSI转强=True RSI变化=9.63 MACD转强=False DIF变化=-0.0012 KDJ转强=True K值变化=2.07 J值变化=10.31 RSI[6/12/24]=46.1/47.8/50.2 MACD[DIF/DEA/HIST]=0.0000/0.0145/-0.0291 KDJ[K/D/J]=17.2/21.3/9.0 BOLL[U/M/L]=2.288/2.164/2.039 MA[5/10/20/60]=2.100/2.139/2.164/2.089 VOL[5/20]=159729056/261490523 ATR14=0.0506 DMI[+DI/-DI/ADX]=17.7/20.8/24.4 RSI_DIFF[6-12/6-24]=-1.7/-4.1(前值 -7.6/-11.9) MACD_DIFF[DIF-DEA]=-0.0145(前值 -0.0170) KDJ_DIFF[K-D/J-D]=-4.1/-12.3(前值 -8.2/-24.6)
2026-08-07 09:35:02 - INFO - [阶段4/5][卖出评估] 当前持仓=3
2026-08-07 09:35:02 - INFO - [阶段5/5][买入评估] 使用冻结候选执行买入筛选
2026-08-07 09:35:02 - INFO - [交易日汇总] 有效评分=8 上穿标的=5 宽松反转标的=6 ATR止损触发=0 新提交卖单=0 新提交买单=0 待卖委托=0 待买委托=0 延后买入=否
2026-08-07 09:35:02 - INFO - [交易日结束] 执行日期=2026-08-07
2026-08-07 10:35:00 - INFO - [复牌评分] 来源=10:35复牌/卖单补偿 信号日期=2026-08-06 代码=513100.SS 买入评分=39 反转评分=10 位置评分=15 趋势评分=14 量能评分=0 卖出评分=6 买入筛选=拒绝:评分不足(39<60),已有持仓或待买
2026-08-07 10:35:00 - INFO - [复牌交叉] 来源=10:35复牌/卖单补偿 信号日期=2026-08-06 代码=513100.SS 上穿=DIF上穿DEA(近3日有效,距发生2个交易日) 下穿=无
2026-08-07 10:35:00 - DEBUG - [指标明细][复牌评分][513100.SS] 信号日期=2026-08-06 RSI6上穿RSI12=否 RSI6上穿RSI24=否 DIF上穿DEA=是 K上穿D=否 J上穿D=否 RSI6下穿RSI12=否 RSI6下穿RSI24=否 DIF下穿DEA=否 K下穿D=否 J下穿D=否 RSI[6/12/24]=71.6/63.0/57.6 MACD[DIF/DEA/HIST]=0.0075/-0.0100/0.0349 KDJ[K/D/J]=80.6/62.6/116.6 BOLL[U/M/L]=2.254/2.140/2.027 MA[5/10/20/60]=2.188/2.135/2.140/2.173 VOL[5/20]=173196708/188786761 ATR14=0.0400 DMI[+DI/-DI/ADX]=55.8/26.8/30.6 RSI_DIFF[6-12/6-24]=8.6/14.0(前值 12.7/20.1) MACD_DIFF[DIF-DEA]=0.0174(前值 0.0138) KDJ_DIFF[K-D/J-D]=18.0/54.0(前值 22.4/67.3)
2026-08-07 10:35:00 - INFO - [持仓] 513100.SS尚未满足最短持有期，已跳过信号卖出
2026-08-07 10:35:01 - INFO - [复牌补偿] 已复牌=513100.SS，已执行延后卖出与买入评估
2026-08-07 15:30:00 - INFO - [盘后委托核对] 未发现未完成委托
2026-08-07 15:30:00 - INFO - [订单生命周期汇总] 来源=盘后 待买委托=0 待卖委托=0 延后买入=否 委托状态未知=否
2026-08-07 15:30:00 - INFO - ============================================================
2026-08-07 15:30:01 - INFO - [cross-v0.3.2 收盘] 总资产=17926.03 可用资金=132.63 持仓数=3/3
2026-08-07 15:30:03 - INFO - [盘后观察] 513050.SS 成本价=1.135 盘后观察价=1.160 临时最高收盘价=1.189 收益率=2.2% 买入评分=27 卖出评分=12 止损价=1.093；已写入临时风险状态，次日盘前确认并用最终T-1日线纠正
2026-08-07 15:30:04 - INFO - [盘后观察] 513100.SS 成本价=2.254 盘后观察价=2.266 临时最高收盘价=2.267 收益率=0.5% 买入评分=39 卖出评分=6 止损价=2.154；已写入临时风险状态，次日盘前确认并用最终T-1日线纠正
2026-08-07 15:30:04 - INFO - [盘后观察] 513500.SS 成本价=2.561 盘后观察价=2.695 临时最高收盘价=2.695 收益率=5.2% 买入评分=40 卖出评分=0 止损价=2.560；已写入临时风险状态，次日盘前确认并用最终T-1日线纠正
2026-08-07 15:30:04 - INFO - ============================================================
2026-08-08 09:10:01 - INFO - [盘前收盘确认] 513050.SS 区间=2026-08-07~2026-08-07 交易日数=1 零成交量日数=0 确认前最高收盘价=1.189000 已确认最高收盘价=1.189000
2026-08-08 09:10:04 - INFO - [盘前收盘确认] 513100.SS 区间=2026-08-07~2026-08-07 交易日数=1 零成交量日数=0 确认前最高收盘价=2.267000 已确认最高收盘价=2.267000
2026-08-08 09:10:05 - INFO - [盘前收盘确认] 513500.SS 区间=2026-08-07~2026-08-07 交易日数=1 零成交量日数=0 确认前最高收盘价=2.690000 已确认最高收盘价=2.695000
2026-08-08 09:10:08 - INFO - [PTrade框架g] 状态=未提供 代次=不适用 原因=未发现持久状态元数据
2026-08-08 09:10:08 - INFO - [连续状态恢复] 来源=状态台账 代次=38
2026-08-08 09:10:08 - INFO - [持仓风险恢复] 来源=状态台账
2026-08-08 09:10:08 - INFO - [持仓风险恢复] 代码=513050.SS 数量=4800 成本=1.135100 买入日期=2026-07-30 ATR=0.038214 持仓最高收盘价=1.189000 状态=已验证 来源=状态台账
2026-08-08 09:10:09 - INFO - [持仓风险恢复] 代码=513100.SS 数量=400 成本=2.254300 买入日期=2026-08-05 ATR=0.038500 持仓最高收盘价=2.267000 状态=已验证 来源=状态台账
2026-08-08 09:10:09 - INFO - [持仓风险恢复] 代码=513500.SS 数量=4200 成本=2.561100 买入日期=2026-07-16 ATR=0.025429 持仓最高收盘价=2.695000 状态=已验证 来源=状态台账
2026-08-10 09:10:00 - INFO - [cross-v0.3.2] 初始化完成: 最大持仓=3 基础仓位比例=0.95 普通信号最短持有=5
2026-08-10 09:10:00 - INFO - [发布指纹] 构建=20260804.1 业务配置=1506a0e834fe 状态结构=6
2026-08-10 09:10:00 - INFO - [cross-v0.3.2] 位置差值上穿已启用 | 自检=通过 预期=通过 | 自检反转分=12
2026-08-10 09:10:01 - INFO - [指标参数] RSI(6,12,24) MACD(12,26,9) KDJ(9,3,3) BOLL(20,2.0) ATR(14) ADX(14) MA(5,10,20,60)
2026-08-10 09:10:03 - INFO - [状态台账] 已与当前券商持仓核验一致，直接恢复持仓风险状态
2026-08-10 09:10:04 - INFO - [盘前收盘确认] 513050.SS 区间=2026-08-07~2026-08-07 交易日数=1 零成交量日数=0 确认前最高收盘价=1.189000 已确认最高收盘价=1.189000
2026-08-10 09:10:05 - INFO - [盘前收盘确认] 513100.SS 区间=2026-08-07~2026-08-07 交易日数=1 零成交量日数=0 确认前最高收盘价=2.267000 已确认最高收盘价=2.267000
2026-08-10 09:10:07 - INFO - [盘前收盘确认] 513500.SS 区间=2026-08-07~2026-08-07 交易日数=1 零成交量日数=0 确认前最高收盘价=2.695000 已确认最高收盘价=2.695000
2026-08-10 09:10:08 - INFO - [PTrade框架g] 状态=未提供 代次=不适用 原因=未发现持久状态元数据
2026-08-10 09:10:09 - INFO - [连续状态恢复] 来源=状态台账 代次=48
2026-08-10 09:10:10 - INFO - [持仓风险恢复] 来源=状态台账
2026-08-10 09:10:11 - INFO - [持仓风险恢复] 代码=513050.SS 数量=4800 成本=1.135100 买入日期=2026-07-30 ATR=0.038214 持仓最高收盘价=1.189000 状态=已验证 来源=状态台账
2026-08-10 09:10:13 - INFO - [持仓风险恢复] 代码=513100.SS 数量=400 成本=2.254300 买入日期=2026-08-05 ATR=0.038500 持仓最高收盘价=2.267000 状态=已验证 来源=状态台账
2026-08-10 09:10:14 - INFO - [持仓风险恢复] 代码=513500.SS 数量=4200 成本=2.561100 买入日期=2026-07-16 ATR=0.025429 持仓最高收盘价=2.695000 状态=已验证 来源=状态台账
2026-08-10 09:35:00 - INFO - [交易日开始] 执行日期=2026-08-10 信号日期=2026-08-07 策略=cross-v0.3.2 是否调仓=是
2026-08-10 09:35:00 - INFO - [阶段1/5][风险检查] 检查当前持仓ATR止损
2026-08-10 09:35:00 - INFO - [阶段2/5][全池评分] ETF总数=9 停牌跳过=1
2026-08-10 09:35:01 - INFO - [评分跳过汇总] 停牌=1
2026-08-10 09:35:01 - INFO - [阶段3/5][信号摘要] 有效评分=8
2026-08-10 09:35:02 - INFO - [候选#1] 代码=518880.SS 买入评分=49 反转评分=11 位置评分=8 趋势评分=20 量能评分=10 卖出评分=0 收盘价=8.892
2026-08-10 09:35:02 - DEBUG - [指标明细][候选#1][518880.SS] RSI[6/12/24]=83.5/68.3/54.5 MACD[DIF/DEA/HIST]=0.0105/-0.0568/0.1345 KDJ[K/D/J]=74.3/57.6/107.6 BOLL[U/M/L]=8.776/8.468/8.160 MA[5/10/20/60]=8.630/8.524/8.468/8.781 VOL[5/20]=566101736/370878242 ATR14=0.1319 DMI[+DI/-DI/ADX]=59.2/23.6/18.2 RSI_DIFF[6-12/6-24]=15.2/28.9(前值 15.1/27.6) MACD_DIFF[DIF-DEA]=0.0673(前值 0.0521) KDJ_DIFF[K-D/J-D]=16.7/50.0(前值 13.3/39.9)
2026-08-10 09:35:02 - INFO - [候选#2] 代码=159985.SZ 买入评分=31 反转评分=11 位置评分=17 趋势评分=3 量能评分=0 卖出评分=0 收盘价=2.125
2026-08-10 09:35:02 - DEBUG - [指标明细][候选#2][159985.SZ] RSI[6/12/24]=48.6/48.8/50.7 MACD[DIF/DEA/HIST]=-0.0004/0.0116/-0.0239 KDJ[K/D/J]=21.6/21.4/22.1 BOLL[U/M/L]=2.288/2.163/2.037 MA[5/10/20/60]=2.108/2.122/2.163/2.089 VOL[5/20]=161197616/258090238 ATR14=0.0484 DMI[+DI/-DI/ADX]=20.1/21.3/22.8 RSI_DIFF[6-12/6-24]=-0.2/-2.1(前值 -1.7/-4.1) MACD_DIFF[DIF-DEA]=-0.0120(前值 -0.0145) KDJ_DIFF[K-D/J-D]=0.2/0.7(前值 -4.1/-12.3)
2026-08-10 09:35:02 - INFO - [候选#3] 代码=513500.SS 买入评分=30 反转评分=0 位置评分=0 趋势评分=20 量能评分=10 卖出评分=0 收盘价=2.695
2026-08-10 09:35:02 - DEBUG - [指标明细][候选#3][513500.SS] RSI[6/12/24]=84.1/73.3/65.3 MACD[DIF/DEA/HIST]=0.0335/0.0125/0.0420 KDJ[K/D/J]=87.8/71.8/119.8 BOLL[U/M/L]=2.678/2.548/2.418 MA[5/10/20/60]=2.634/2.567/2.548/2.531 VOL[5/20]=230723442/165097815 ATR14=0.0399 DMI[+DI/-DI/ADX]=52.4/11.5/17.5 RSI_DIFF[6-12/6-24]=10.8/18.9(前值 10.8/18.7) MACD_DIFF[DIF-DEA]=0.0210(前值 0.0180) KDJ_DIFF[K-D/J-D]=16.0/48.0(前值 18.8/56.3)
2026-08-10 09:35:02 - INFO - [候选#4] 代码=513050.SS 买入评分=27 反转评分=0 位置评分=7 趋势评分=20 量能评分=0 卖出评分=23 收盘价=1.160
2026-08-10 09:35:02 - DEBUG - [指标明细][候选#4][513050.SS] RSI[6/12/24]=57.8/59.2/55.2 MACD[DIF/DEA/HIST]=0.0255/0.0199/0.0113 KDJ[K/D/J]=73.6/74.8/71.3 BOLL[U/M/L]=1.200/1.126/1.051 MA[5/10/20/60]=1.174/1.147/1.126/1.097 VOL[5/20]=2621124080/2891954585 ATR14=0.0319 DMI[+DI/-DI/ADX]=24.4/15.6/18.3 RSI_DIFF[6-12/6-24]=-1.4/2.5(前值 -1.1/3.0) MACD_DIFF[DIF-DEA]=0.0056(前值 0.0076) KDJ_DIFF[K-D/J-D]=-1.2/-3.5(前值 3.5/10.6)
2026-08-10 09:35:02 - INFO - [候选#5] 代码=159928.SZ 买入评分=25 反转评分=0 位置评分=7 趋势评分=14 量能评分=4 卖出评分=10 收盘价=0.672
2026-08-10 09:35:02 - DEBUG - [指标明细][候选#5][159928.SZ] RSI[6/12/24]=46.2/52.9/51.5 MACD[DIF/DEA/HIST]=0.0083/0.0087/-0.0007 KDJ[K/D/J]=44.2/57.5/17.8 BOLL[U/M/L]=0.704/0.669/0.634 MA[5/10/20/60]=0.677/0.679/0.669/0.657 VOL[5/20]=680861014/665254526 ATR14=0.0141 DMI[+DI/-DI/ADX]=21.6/15.6/50.9 RSI_DIFF[6-12/6-24]=-6.7/-5.3(前值 -9.3/-8.6) MACD_DIFF[DIF-DEA]=-0.0003(前值 0.0005) KDJ_DIFF[K-D/J-D]=-13.2/-39.7(前值 -13.2/-39.6)
2026-08-10 09:35:02 - INFO - [上穿信号] 数量=4
2026-08-10 09:35:02 - INFO - [上穿#1] 代码=518880.SS 反转评分=11 买入评分=49 卖出评分=0 上穿=K上穿D(近3日有效,距发生2个交易日),J上穿D(近3日有效,距发生2个交易日) 下穿=无
2026-08-10 09:35:02 - DEBUG - [指标明细][上穿#1][518880.SS] RSI6上穿RSI12=否 RSI6上穿RSI24=否 DIF上穿DEA=否 K上穿D=是 J上穿D=是 RSI6下穿RSI12=否 RSI6下穿RSI24=否 DIF下穿DEA=否 K下穿D=否 J下穿D=否 RSI[6/12/24]=83.5/68.3/54.5 MACD[DIF/DEA/HIST]=0.0105/-0.0568/0.1345 KDJ[K/D/J]=74.3/57.6/107.6 BOLL[U/M/L]=8.776/8.468/8.160 MA[5/10/20/60]=8.630/8.524/8.468/8.781 VOL[5/20]=566101736/370878242 ATR14=0.1319 DMI[+DI/-DI/ADX]=59.2/23.6/18.2 RSI_DIFF[6-12/6-24]=15.2/28.9(前值 15.1/27.6) MACD_DIFF[DIF-DEA]=0.0673(前值 0.0521) KDJ_DIFF[K-D/J-D]=16.7/50.0(前值 13.3/39.9)
2026-08-10 09:35:02 - INFO - [上穿#2] 代码=159985.SZ 反转评分=11 买入评分=31 卖出评分=0 上穿=K上穿D(近3日有效,当日新发生),J上穿D(近3日有效,当日新发生) 下穿=无
2026-08-10 09:35:02 - DEBUG - [指标明细][上穿#2][159985.SZ] RSI6上穿RSI12=否 RSI6上穿RSI24=否 DIF上穿DEA=否 K上穿D=是 J上穿D=是 RSI6下穿RSI12=否 RSI6下穿RSI24=否 DIF下穿DEA=否 K下穿D=否 J下穿D=否 RSI[6/12/24]=48.6/48.8/50.7 MACD[DIF/DEA/HIST]=-0.0004/0.0116/-0.0239 KDJ[K/D/J]=21.6/21.4/22.1 BOLL[U/M/L]=2.288/2.163/2.037 MA[5/10/20/60]=2.108/2.122/2.163/2.089 VOL[5/20]=161197616/258090238 ATR14=0.0484 DMI[+DI/-DI/ADX]=20.1/21.3/22.8 RSI_DIFF[6-12/6-24]=-0.2/-2.1(前值 -1.7/-4.1) MACD_DIFF[DIF-DEA]=-0.0120(前值 -0.0145) KDJ_DIFF[K-D/J-D]=0.2/0.7(前值 -4.1/-12.3)
2026-08-10 09:35:02 - INFO - [上穿#3] 代码=159915.SZ 反转评分=10 买入评分=16 卖出评分=0 上穿=DIF上穿DEA(近3日有效,距发生2个交易日) 下穿=无
2026-08-10 09:35:02 - DEBUG - [指标明细][上穿#3][159915.SZ] RSI6上穿RSI12=否 RSI6上穿RSI24=否 DIF上穿DEA=是 K上穿D=否 J上穿D=否 RSI6下穿RSI12=否 RSI6下穿RSI24=否 DIF下穿DEA=否 K下穿D=否 J下穿D=否 RSI[6/12/24]=58.5/48.9/46.9 MACD[DIF/DEA/HIST]=-0.1120/-0.1367/0.0494 KDJ[K/D/J]=73.2/56.7/106.1 BOLL[U/M/L]=3.883/3.552/3.221 MA[5/10/20/60]=3.505/3.453/3.552/3.887 VOL[5/20]=2383856880/2966195505 ATR14=0.1701 DMI[+DI/-DI/ADX]=20.8/17.9/40.9 RSI_DIFF[6-12/6-24]=9.7/11.6(前值 7.6/8.5) MACD_DIFF[DIF-DEA]=0.0247(前值 0.0152) KDJ_DIFF[K-D/J-D]=16.5/49.4(前值 16.8/50.3)
2026-08-10 09:35:02 - INFO - [上穿#4] 代码=513880.SS 反转评分=10 买入评分=16 卖出评分=0 上穿=DIF上穿DEA(近3日有效,距发生2个交易日) 下穿=无
2026-08-10 09:35:02 - DEBUG - [指标明细][上穿#4][513880.SS] RSI6上穿RSI12=否 RSI6上穿RSI24=否 DIF上穿DEA=是 K上穿D=否 J上穿D=否 RSI6下穿RSI12=否 RSI6下穿RSI24=否 DIF下穿DEA=否 K下穿D=否 J下穿D=否 RSI[6/12/24]=63.1/53.6/51.4 MACD[DIF/DEA/HIST]=-0.0197/-0.0350/0.0307 KDJ[K/D/J]=80.1/64.2/111.8 BOLL[U/M/L]=2.215/2.072/1.929 MA[5/10/20/60]=2.108/2.051/2.072/2.139 VOL[5/20]=141256923/162621331 ATR14=0.0669 DMI[+DI/-DI/ADX]=33.6/18.3/24.8 RSI_DIFF[6-12/6-24]=9.4/11.7(前值 8.9/10.8) MACD_DIFF[DIF-DEA]=0.0153(前值 0.0126) KDJ_DIFF[K-D/J-D]=15.9/47.6(前值 18.6/55.7)
2026-08-10 09:35:02 - INFO - [宽松反转] 数量=7
2026-08-10 09:35:02 - INFO - [宽松反转#1] 代码=518880.SS 转强数=3 买入评分=49 反转评分=11 转强=RSI,MACD,KDJ
2026-08-10 09:35:02 - DEBUG - [指标明细][宽松反转#1][518880.SS] RSI转强=True RSI变化=3.45 MACD转强=True DIF变化=0.0320 KDJ转强=True K值变化=11.72 J值变化=18.48 RSI[6/12/24]=83.5/68.3/54.5 MACD[DIF/DEA/HIST]=0.0105/-0.0568/0.1345 KDJ[K/D/J]=74.3/57.6/107.6 BOLL[U/M/L]=8.776/8.468/8.160 MA[5/10/20/60]=8.630/8.524/8.468/8.781 VOL[5/20]=566101736/370878242 ATR14=0.1319 DMI[+DI/-DI/ADX]=59.2/23.6/18.2 RSI_DIFF[6-12/6-24]=15.2/28.9(前值 15.1/27.6) MACD_DIFF[DIF-DEA]=0.0673(前值 0.0521) KDJ_DIFF[K-D/J-D]=16.7/50.0(前值 13.3/39.9)
2026-08-10 09:35:02 - INFO - [宽松反转#2] 代码=513500.SS 转强数=3 买入评分=30 反转评分=0 转强=RSI,MACD,KDJ
2026-08-10 09:35:02 - DEBUG - [指标明细][宽松反转#2][513500.SS] RSI转强=True RSI变化=0.45 MACD转强=True DIF变化=0.0083 KDJ转强=True K值变化=5.22 J值变化=-0.34 RSI[6/12/24]=84.1/73.3/65.3 MACD[DIF/DEA/HIST]=0.0335/0.0125/0.0420 KDJ[K/D/J]=87.8/71.8/119.8 BOLL[U/M/L]=2.678/2.548/2.418 MA[5/10/20/60]=2.634/2.567/2.548/2.531 VOL[5/20]=230723442/165097815 ATR14=0.0399 DMI[+DI/-DI/ADX]=52.4/11.5/17.5 RSI_DIFF[6-12/6-24]=10.8/18.9(前值 10.8/18.7) MACD_DIFF[DIF-DEA]=0.0210(前值 0.0180) KDJ_DIFF[K-D/J-D]=16.0/48.0(前值 18.8/56.3)
2026-08-10 09:35:02 - INFO - [宽松反转#3] 代码=159915.SZ 转强数=3 买入评分=16 反转评分=10 转强=RSI,MACD,KDJ
2026-08-10 09:35:02 - DEBUG - [指标明细][宽松反转#3][159915.SZ] RSI转强=True RSI变化=4.17 MACD转强=True DIF变化=0.0157 KDJ转强=True K值变化=7.92 J值变化=7.29 RSI[6/12/24]=58.5/48.9/46.9 MACD[DIF/DEA/HIST]=-0.1120/-0.1367/0.0494 KDJ[K/D/J]=73.2/56.7/106.1 BOLL[U/M/L]=3.883/3.552/3.221 MA[5/10/20/60]=3.505/3.453/3.552/3.887 VOL[5/20]=2383856880/2966195505 ATR14=0.1701 DMI[+DI/-DI/ADX]=20.8/17.9/40.9 RSI_DIFF[6-12/6-24]=9.7/11.6(前值 7.6/8.5) MACD_DIFF[DIF-DEA]=0.0247(前值 0.0152) KDJ_DIFF[K-D/J-D]=16.5/49.4(前值 16.8/50.3)
2026-08-10 09:35:02 - INFO - [宽松反转#4] 代码=513880.SS 转强数=3 买入评分=16 反转评分=10 转强=RSI,MACD,KDJ
2026-08-10 09:35:02 - DEBUG - [指标明细][宽松反转#4][513880.SS] RSI转强=True RSI变化=1.18 MACD转强=True DIF变化=0.0066 KDJ转强=True K值变化=5.25 J值变化=-0.13 RSI[6/12/24]=63.1/53.6/51.4 MACD[DIF/DEA/HIST]=-0.0197/-0.0350/0.0307 KDJ[K/D/J]=80.1/64.2/111.8 BOLL[U/M/L]=2.215/2.072/1.929 MA[5/10/20/60]=2.108/2.051/2.072/2.139 VOL[5/20]=141256923/162621331 ATR14=0.0669 DMI[+DI/-DI/ADX]=33.6/18.3/24.8 RSI_DIFF[6-12/6-24]=9.4/11.7(前值 8.9/10.8) MACD_DIFF[DIF-DEA]=0.0153(前值 0.0126) KDJ_DIFF[K-D/J-D]=15.9/47.6(前值 18.6/55.7)
2026-08-10 09:35:02 - INFO - [宽松反转#5] 代码=512100.SS 转强数=3 买入评分=5 反转评分=0 转强=RSI,MACD,KDJ
2026-08-10 09:35:02 - DEBUG - [指标明细][宽松反转#5][512100.SS] RSI转强=True RSI变化=5.93 MACD转强=True DIF变化=0.0192 KDJ转强=True K值变化=6.56 J值变化=3.97 RSI[6/12/24]=72.0/55.2/48.5 MACD[DIF/DEA/HIST]=-0.0755/-0.1144/0.0778 KDJ[K/D/J]=86.3/70.6/117.7 BOLL[U/M/L]=3.217/2.962/2.707 MA[5/10/20/60]=3.001/2.932/2.962/3.283 VOL[5/20]=1822137176/2106045740 ATR14=0.1011 DMI[+DI/-DI/ADX]=18.2/9.2/65.4 RSI_DIFF[6-12/6-24]=16.8/23.6(前值 14.9/20.0) MACD_DIFF[DIF-DEA]=0.0389(前值 0.0295) KDJ_DIFF[K-D/J-D]=15.7/47.2(前值 17.0/51.1)
2026-08-10 09:35:02 - INFO - [阶段4/5][卖出评估] 当前持仓=3
2026-08-10 09:35:02 - INFO - [卖出风险观察] 513050.SS卖出评分=23，仅记录、不收紧止损
2026-08-10 09:35:02 - INFO - [阶段5/5][买入评估] 使用冻结候选执行买入筛选
2026-08-10 09:35:03 - INFO - [交易日汇总] 有效评分=8 上穿标的=4 宽松反转标的=7 ATR止损触发=0 新提交卖单=0 新提交买单=0 待卖委托=0 待买委托=0 延后买入=否
2026-08-10 09:35:03 - INFO - [交易日结束] 执行日期=2026-08-10
2026-08-10 10:35:00 - INFO - [复牌评分] 来源=10:35复牌/卖单补偿 信号日期=2026-08-07 代码=513100.SS 买入评分=26 反转评分=0 位置评分=0 趋势评分=20 量能评分=6 卖出评分=0 买入筛选=拒绝:评分不足(26<60),缺少新鲜低位,已有持仓或待买
2026-08-10 10:35:00 - INFO - [复牌交叉] 来源=10:35复牌/卖单补偿 信号日期=2026-08-07 代码=513100.SS 上穿=无 下穿=无
2026-08-10 10:35:00 - DEBUG - [指标明细][复牌评分][513100.SS] 信号日期=2026-08-07 RSI6上穿RSI12=否 RSI6上穿RSI24=否 DIF上穿DEA=否 K上穿D=否 J上穿D=否 RSI6下穿RSI12=否 RSI6下穿RSI24=否 DIF下穿DEA=否 K下穿D=否 J下穿D=否 RSI[6/12/24]=74.5/65.1/58.9 MACD[DIF/DEA/HIST]=0.0154/-0.0049/0.0406 KDJ[K/D/J]=85.9/70.4/117.1 BOLL[U/M/L]=2.271/2.145/2.019 MA[5/10/20/60]=2.219/2.151/2.145/2.176 VOL[5/20]=179270454/189532530 ATR14=0.0409 DMI[+DI/-DI/ADX]=60.5/24.4/30.1 RSI_DIFF[6-12/6-24]=9.4/15.6(前值 8.6/14.0) MACD_DIFF[DIF-DEA]=0.0203(前值 0.0174) KDJ_DIFF[K-D/J-D]=15.6/46.7(前值 18.0/54.0)
2026-08-10 10:35:00 - INFO - [持仓] 513100.SS尚未满足最短持有期，已跳过信号卖出
2026-08-10 10:35:00 - INFO - [复牌补偿] 已复牌=513100.SS，已执行延后卖出与买入评估
2026-08-10 15:30:00 - INFO - [盘后委托核对] 未发现未完成委托
2026-08-10 15:30:01 - INFO - [订单生命周期汇总] 来源=盘后 待买委托=0 待卖委托=0 延后买入=否 委托状态未知=否
2026-08-10 15:30:03 - INFO - ============================================================
2026-08-10 15:30:03 - INFO - [cross-v0.3.2 收盘] 总资产=18000.23 可用资金=132.63 持仓数=3/3
2026-08-10 15:30:04 - INFO - [盘后观察] 513050.SS 成本价=1.135 盘后观察价=1.175 临时最高收盘价=1.189 收益率=3.5% 买入评分=27 卖出评分=23 止损价=1.093；已写入临时风险状态，次日盘前确认并用最终T-1日线纠正
2026-08-10 15:30:05 - INFO - [盘后观察] 513100.SS 成本价=2.254 盘后观察价=2.261 临时最高收盘价=2.267 收益率=0.3% 买入评分=26 卖出评分=0 止损价=2.154；已写入临时风险状态，次日盘前确认并用最终T-1日线纠正
2026-08-10 15:30:05 - INFO - [盘后观察] 513500.SS 成本价=2.561 盘后观察价=2.696 临时最高收盘价=2.696 收益率=5.3% 买入评分=30 卖出评分=0 止损价=2.561；已写入临时风险状态，次日盘前确认并用最终T-1日线纠正
2026-08-10 15:30:06 - INFO - ============================================================
2026-08-11 09:10:01 - INFO - [盘前收盘确认] 513050.SS 区间=2026-08-10~2026-08-10 交易日数=1 零成交量日数=0 确认前最高收盘价=1.189000 已确认最高收盘价=1.189000
2026-08-11 09:10:02 - INFO - [盘前收盘确认] 513100.SS 区间=2026-08-10~2026-08-10 交易日数=1 零成交量日数=0 确认前最高收盘价=2.267000 已确认最高收盘价=2.267000
2026-08-11 09:10:05 - INFO - [盘前收盘确认] 513500.SS 区间=2026-08-10~2026-08-10 交易日数=1 零成交量日数=0 确认前最高收盘价=2.695000 已确认最高收盘价=2.696000
2026-08-11 09:10:07 - INFO - [PTrade框架g] 状态=未提供 代次=不适用 原因=未发现持久状态元数据
2026-08-11 09:10:08 - INFO - [连续状态恢复] 来源=状态台账 代次=48
2026-08-11 09:10:08 - INFO - [持仓风险恢复] 来源=状态台账
2026-08-11 09:10:08 - INFO - [持仓风险恢复] 代码=513050.SS 数量=4800 成本=1.135100 买入日期=2026-07-30 ATR=0.038214 持仓最高收盘价=1.189000 状态=已验证 来源=状态台账
2026-08-11 09:10:09 - INFO - [持仓风险恢复] 代码=513100.SS 数量=400 成本=2.254300 买入日期=2026-08-05 ATR=0.038500 持仓最高收盘价=2.267000 状态=已验证 来源=状态台账
2026-08-11 09:10:09 - INFO - [持仓风险恢复] 代码=513500.SS 数量=4200 成本=2.561100 买入日期=2026-07-16 ATR=0.025429 持仓最高收盘价=2.696000 状态=已验证 来源=状态台账
2026-08-11 09:35:00 - INFO - [交易日开始] 执行日期=2026-08-11 信号日期=2026-08-10 策略=cross-v0.3.2 是否调仓=是
2026-08-11 09:35:00 - INFO - [阶段1/5][风险检查] 检查当前持仓ATR止损
2026-08-11 09:35:00 - INFO - [阶段2/5][全池评分] ETF总数=9 停牌跳过=1
2026-08-11 09:35:00 - INFO - [评分跳过汇总] 停牌=1
2026-08-11 09:35:00 - INFO - [阶段3/5][信号摘要] 有效评分=8
2026-08-11 09:35:00 - INFO - [候选#1] 代码=159928.SZ 买入评分=65 反转评分=34 位置评分=7 趋势评分=14 量能评分=10 卖出评分=0 收盘价=0.690
2026-08-11 09:35:00 - DEBUG - [指标明细][候选#1][159928.SZ] RSI[6/12/24]=64.3/60.9/55.9 MACD[DIF/DEA/HIST]=0.0090/0.0087/0.0005 KDJ[K/D/J]=52.6/55.9/46.2 BOLL[U/M/L]=0.703/0.672/0.640 MA[5/10/20/60]=0.677/0.682/0.672/0.657 VOL[5/20]=720384184/671917413 ATR14=0.0139 DMI[+DI/-DI/ADX]=24.9/15.8/47.7 RSI_DIFF[6-12/6-24]=3.3/8.4(前值 -6.7/-5.3) MACD_DIFF[DIF-DEA]=0.0003(前值 -0.0003) KDJ_DIFF[K-D/J-D]=-3.2/-9.7(前值 -13.2/-39.7)
2026-08-11 09:35:01 - INFO - [候选#2] 代码=159985.SZ 买入评分=61 反转评分=35 位置评分=17 趋势评分=9 量能评分=0 卖出评分=0 收盘价=2.133
2026-08-11 09:35:01 - DEBUG - [指标明细][候选#2][159985.SZ] RSI[6/12/24]=52.2/50.2/51.4 MACD[DIF/DEA/HIST]=-0.0001/0.0092/-0.0186 KDJ[K/D/J]=35.4/26.0/54.0 BOLL[U/M/L]=2.283/2.159/2.035 MA[5/10/20/60]=2.116/2.110/2.159/2.090 VOL[5/20]=134417506/240880020 ATR14=0.0474 DMI[+DI/-DI/ADX]=18.1/21.8/21.2 RSI_DIFF[6-12/6-24]=2.0/0.9(前值 -0.2/-2.1) MACD_DIFF[DIF-DEA]=-0.0093(前值 -0.0120) KDJ_DIFF[K-D/J-D]=9.3/28.0(前值 0.2/0.7)
2026-08-11 09:35:01 - INFO - [候选#3] 代码=513050.SS 买入评分=39 反转评分=12 位置评分=7 趋势评分=20 量能评分=0 卖出评分=11 收盘价=1.175
2026-08-11 09:35:01 - DEBUG - [指标明细][候选#3][513050.SS] RSI[6/12/24]=64.4/62.0/56.7 MACD[DIF/DEA/HIST]=0.0260/0.0211/0.0098 KDJ[K/D/J]=72.7/74.1/69.8 BOLL[U/M/L]=1.205/1.130/1.055 MA[5/10/20/60]=1.173/1.156/1.130/1.097 VOL[5/20]=2382155960/2822566580 ATR14=0.0314 DMI[+DI/-DI/ADX]=25.1/15.9/16.1 RSI_DIFF[6-12/6-24]=2.4/7.7(前值 -1.4/2.6) MACD_DIFF[DIF-DEA]=0.0049(前值 0.0056) KDJ_DIFF[K-D/J-D]=-1.4/-4.3(前值 -1.2/-3.5)
2026-08-11 09:35:01 - INFO - [候选#4] 代码=513500.SS 买入评分=30 反转评分=0 位置评分=0 趋势评分=20 量能评分=10 卖出评分=6 收盘价=2.696
2026-08-11 09:35:01 - DEBUG - [指标明细][候选#4][513500.SS] RSI[6/12/24]=84.2/73.4/65.3 MACD[DIF/DEA/HIST]=0.0396/0.0179/0.0434 KDJ[K/D/J]=88.7/77.4/111.4 BOLL[U/M/L]=2.701/2.556/2.411 MA[5/10/20/60]=2.666/2.585/2.556/2.535 VOL[5/20]=236136434/169409408 ATR14=0.0384 DMI[+DI/-DI/ADX]=51.1/11.3/21.5 RSI_DIFF[6-12/6-24]=10.8/18.9(前值 10.8/18.9) MACD_DIFF[DIF-DEA]=0.0217(前值 0.0210) KDJ_DIFF[K-D/J-D]=11.3/33.9(前值 16.0/48.0)
2026-08-11 09:35:01 - INFO - [候选#5] 代码=518880.SS 买入评分=30 反转评分=0 位置评分=0 趋势评分=20 量能评分=10 卖出评分=0 收盘价=9.005
2026-08-11 09:35:01 - DEBUG - [指标明细][候选#5][518880.SS] RSI[6/12/24]=86.7/71.7/56.9 MACD[DIF/DEA/HIST]=0.0444/-0.0366/0.1620 KDJ[K/D/J]=82.8/66.0/116.5 BOLL[U/M/L]=8.887/8.498/8.109 MA[5/10/20/60]=8.748/8.574/8.498/8.771 VOL[5/20]=635629856/389273566 ATR14=0.1286 DMI[+DI/-DI/ADX]=58.6/23.4/20.5 RSI_DIFF[6-12/6-24]=15.0/29.8(前值 15.2/29.0) MACD_DIFF[DIF-DEA]=0.0810(前值 0.0673) KDJ_DIFF[K-D/J-D]=16.8/50.5(前值 16.7/50.0)
2026-08-11 09:35:01 - INFO - [上穿信号] 数量=3
2026-08-11 09:35:01 - INFO - [上穿#1] 代码=159985.SZ 反转评分=35 买入评分=61 卖出评分=0 上穿=RSI6上穿RSI12(近3日有效,当日新发生),RSI6上穿RSI24(近3日有效,当日新发生),K上穿D(近3日有效,距发生1个交易日),J上穿D(近3日有效,距发生1个交易日) 下穿=无
2026-08-11 09:35:01 - DEBUG - [指标明细][上穿#1][159985.SZ] RSI6上穿RSI12=是 RSI6上穿RSI24=是 DIF上穿DEA=否 K上穿D=是 J上穿D=是 RSI6下穿RSI12=否 RSI6下穿RSI24=否 DIF下穿DEA=否 K下穿D=否 J下穿D=否 RSI[6/12/24]=52.2/50.2/51.4 MACD[DIF/DEA/HIST]=-0.0001/0.0092/-0.0186 KDJ[K/D/J]=35.4/26.0/54.0 BOLL[U/M/L]=2.283/2.159/2.035 MA[5/10/20/60]=2.116/2.110/2.159/2.090 VOL[5/20]=134417506/240880020 ATR14=0.0474 DMI[+DI/-DI/ADX]=18.1/21.8/21.2 RSI_DIFF[6-12/6-24]=2.0/0.9(前值 -0.2/-2.1) MACD_DIFF[DIF-DEA]=-0.0093(前值 -0.0120) KDJ_DIFF[K-D/J-D]=9.3/28.0(前值 0.2/0.7)
2026-08-11 09:35:01 - INFO - [上穿#2] 代码=159928.SZ 反转评分=34 买入评分=65 卖出评分=0 上穿=RSI6上穿RSI12(近3日有效,当日新发生),RSI6上穿RSI24(近3日有效,当日新发生),DIF上穿DEA(近3日有效,当日新发生) 下穿=无
2026-08-11 09:35:01 - DEBUG - [指标明细][上穿#2][159928.SZ] RSI6上穿RSI12=是 RSI6上穿RSI24=是 DIF上穿DEA=是 K上穿D=否 J上穿D=否 RSI6下穿RSI12=否 RSI6下穿RSI24=否 DIF下穿DEA=否 K下穿D=否 J下穿D=否 RSI[6/12/24]=64.3/60.9/55.9 MACD[DIF/DEA/HIST]=0.0090/0.0087/0.0005 KDJ[K/D/J]=52.6/55.9/46.2 BOLL[U/M/L]=0.703/0.672/0.640 MA[5/10/20/60]=0.677/0.682/0.672/0.657 VOL[5/20]=720384184/671917413 ATR14=0.0139 DMI[+DI/-DI/ADX]=24.9/15.8/47.7 RSI_DIFF[6-12/6-24]=3.3/8.4(前值 -6.7/-5.3) MACD_DIFF[DIF-DEA]=0.0003(前值 -0.0003) KDJ_DIFF[K-D/J-D]=-3.2/-9.7(前值 -13.2/-39.7)
2026-08-11 09:35:01 - INFO - [上穿#3] 代码=513050.SS 反转评分=12 买入评分=39 卖出评分=11 上穿=RSI6上穿RSI12(近3日有效,当日新发生) 下穿=K下穿D(近3日有效,距发生1个交易日),J下穿D(近3日有效,距发生1个交易日)
2026-08-11 09:35:01 - DEBUG - [指标明细][上穿#3][513050.SS] RSI6上穿RSI12=是 RSI6上穿RSI24=否 DIF上穿DEA=否 K上穿D=否 J上穿D=否 RSI6下穿RSI12=否 RSI6下穿RSI24=否 DIF下穿DEA=否 K下穿D=是 J下穿D=是 RSI[6/12/24]=64.4/62.0/56.7 MACD[DIF/DEA/HIST]=0.0260/0.0211/0.0098 KDJ[K/D/J]=72.7/74.1/69.8 BOLL[U/M/L]=1.205/1.130/1.055 MA[5/10/20/60]=1.173/1.156/1.130/1.097 VOL[5/20]=2382155960/2822566580 ATR14=0.0314 DMI[+DI/-DI/ADX]=25.1/15.9/16.1 RSI_DIFF[6-12/6-24]=2.4/7.7(前值 -1.4/2.6) MACD_DIFF[DIF-DEA]=0.0049(前值 0.0056) KDJ_DIFF[K-D/J-D]=-1.4/-4.3(前值 -1.2/-3.5)
2026-08-11 09:35:01 - INFO - [宽松反转] 数量=8
2026-08-11 09:35:01 - INFO - [宽松反转#1] 代码=159928.SZ 转强数=3 买入评分=65 反转评分=34 转强=RSI,MACD,KDJ
2026-08-11 09:35:01 - DEBUG - [指标明细][宽松反转#1][159928.SZ] RSI转强=True RSI变化=18.12 MACD转强=True DIF变化=0.0007 KDJ转强=True K值变化=8.40 J值变化=28.42 RSI[6/12/24]=64.3/60.9/55.9 MACD[DIF/DEA/HIST]=0.0090/0.0087/0.0005 KDJ[K/D/J]=52.6/55.9/46.2 BOLL[U/M/L]=0.703/0.672/0.640 MA[5/10/20/60]=0.677/0.682/0.672/0.657 VOL[5/20]=720384184/671917413 ATR14=0.0139 DMI[+DI/-DI/ADX]=24.9/15.8/47.7 RSI_DIFF[6-12/6-24]=3.3/8.4(前值 -6.7/-5.3) MACD_DIFF[DIF-DEA]=0.0003(前值 -0.0003) KDJ_DIFF[K-D/J-D]=-3.2/-9.7(前值 -13.2/-39.7)
2026-08-11 09:35:01 - INFO - [宽松反转#2] 代码=159985.SZ 转强数=3 买入评分=61 反转评分=35 转强=RSI,MACD,KDJ
2026-08-11 09:35:01 - DEBUG - [指标明细][宽松反转#2][159985.SZ] RSI转强=True RSI变化=3.61 MACD转强=True DIF变化=0.0003 KDJ转强=True K值变化=13.75 J值变化=31.91 RSI[6/12/24]=52.2/50.2/51.4 MACD[DIF/DEA/HIST]=-0.0001/0.0092/-0.0186 KDJ[K/D/J]=35.4/26.0/54.0 BOLL[U/M/L]=2.283/2.159/2.035 MA[5/10/20/60]=2.116/2.110/2.159/2.090 VOL[5/20]=134417506/240880020 ATR14=0.0474 DMI[+DI/-DI/ADX]=18.1/21.8/21.2 RSI_DIFF[6-12/6-24]=2.0/0.9(前值 -0.2/-2.1) MACD_DIFF[DIF-DEA]=-0.0093(前值 -0.0120) KDJ_DIFF[K-D/J-D]=9.3/28.0(前值 0.2/0.7)
2026-08-11 09:35:01 - INFO - [宽松反转#3] 代码=513500.SS 转强数=3 买入评分=30 反转评分=0 转强=RSI,MACD,KDJ
2026-08-11 09:35:01 - DEBUG - [指标明细][宽松反转#3][513500.SS] RSI转强=True RSI变化=0.10 MACD转强=True DIF变化=0.0062 KDJ转强=True K值变化=0.95 J值变化=-8.44 RSI[6/12/24]=84.2/73.4/65.3 MACD[DIF/DEA/HIST]=0.0396/0.0179/0.0434 KDJ[K/D/J]=88.7/77.4/111.4 BOLL[U/M/L]=2.701/2.556/2.411 MA[5/10/20/60]=2.666/2.585/2.556/2.535 VOL[5/20]=236136434/169409408 ATR14=0.0384 DMI[+DI/-DI/ADX]=51.1/11.3/21.5 RSI_DIFF[6-12/6-24]=10.8/18.9(前值 10.8/18.9) MACD_DIFF[DIF-DEA]=0.0217(前值 0.0210) KDJ_DIFF[K-D/J-D]=11.3/33.9(前值 16.0/48.0)
2026-08-11 09:35:01 - INFO - [宽松反转#4] 代码=518880.SS 转强数=3 买入评分=30 反转评分=0 转强=RSI,MACD,KDJ
2026-08-11 09:35:01 - DEBUG - [指标明细][宽松反转#4][518880.SS] RSI转强=True RSI变化=3.21 MACD转强=True DIF变化=0.0340 KDJ转强=True K值变化=8.58 J值变化=8.90 RSI[6/12/24]=86.7/71.7/56.9 MACD[DIF/DEA/HIST]=0.0444/-0.0366/0.1620 KDJ[K/D/J]=82.8/66.0/116.5 BOLL[U/M/L]=8.887/8.498/8.109 MA[5/10/20/60]=8.748/8.574/8.498/8.771 VOL[5/20]=635629856/389273566 ATR14=0.1286 DMI[+DI/-DI/ADX]=58.6/23.4/20.5 RSI_DIFF[6-12/6-24]=15.0/29.8(前值 15.2/29.0) MACD_DIFF[DIF-DEA]=0.0810(前值 0.0673) KDJ_DIFF[K-D/J-D]=16.8/50.5(前值 16.7/50.0)
2026-08-11 09:35:01 - INFO - [宽松反转#5] 代码=513880.SS 转强数=3 买入评分=16 反转评分=0 转强=RSI,MACD,KDJ
2026-08-11 09:35:01 - DEBUG - [指标明细][宽松反转#5][513880.SS] RSI转强=True RSI变化=6.99 MACD转强=True DIF变化=0.0089 KDJ转强=True K值变化=5.75 J值变化=2.85 RSI[6/12/24]=70.1/57.7/53.4 MACD[DIF/DEA/HIST]=-0.0108/-0.0302/0.0388 KDJ[K/D/J]=85.8/71.4/114.7 BOLL[U/M/L]=2.220/2.074/1.927 MA[5/10/20/60]=2.133/2.061/2.074/2.142 VOL[5/20]=127143971/161651713 ATR14=0.0641 DMI[+DI/-DI/ADX]=32.3/18.5/23.8 RSI_DIFF[6-12/6-24]=12.4/16.7(前值 9.4/11.7) MACD_DIFF[DIF-DEA]=0.0194(前值 0.0153) KDJ_DIFF[K-D/J-D]=14.4/43.3(前值 15.9/47.6)
2026-08-11 09:35:01 - INFO - [阶段4/5][卖出评估] 当前持仓=3
2026-08-11 09:35:01 - INFO - [阶段5/5][买入评估] 使用冻结候选执行买入筛选
2026-08-11 09:35:01 - INFO - [交易日汇总] 有效评分=8 上穿标的=3 宽松反转标的=8 ATR止损触发=0 新提交卖单=0 新提交买单=0 待卖委托=0 待买委托=0 延后买入=否
2026-08-11 09:35:01 - INFO - [交易日结束] 执行日期=2026-08-11
2026-08-11 10:35:00 - INFO - [复牌评分] 来源=10:35复牌/卖单补偿 信号日期=2026-08-10 代码=513100.SS 买入评分=24 反转评分=0 位置评分=0 趋势评分=20 量能评分=4 卖出评分=0 买入筛选=拒绝:评分不足(24<60),缺少新鲜低位,已有持仓或待买
2026-08-11 10:35:00 - INFO - [复牌交叉] 来源=10:35复牌/卖单补偿 信号日期=2026-08-10 代码=513100.SS 上穿=无 下穿=无
2026-08-11 10:35:00 - DEBUG - [指标明细][复牌评分][513100.SS] 信号日期=2026-08-10 RSI6上穿RSI12=否 RSI6上穿RSI24=否 DIF上穿DEA=否 K上穿D=否 J上穿D=否 RSI6下穿RSI12=否 RSI6下穿RSI24=否 DIF下穿DEA=否 K下穿D=否 J下穿D=否 RSI[6/12/24]=72.5/64.2/58.5 MACD[DIF/DEA/HIST]=0.0210/0.0003/0.0415 KDJ[K/D/J]=86.6/75.8/108.3 BOLL[U/M/L]=2.285/2.150/2.014 MA[5/10/20/60]=2.246/2.165/2.150/2.178 VOL[5/20]=197384738/189333046 ATR14=0.0405 DMI[+DI/-DI/ADX]=60.0/23.9/29.5 RSI_DIFF[6-12/6-24]=8.3/14.0(前值 9.4/15.6) MACD_DIFF[DIF-DEA]=0.0207(前值 0.0203) KDJ_DIFF[K-D/J-D]=10.8/32.5(前值 15.6/46.7)
2026-08-11 10:35:00 - INFO - [持仓] 513100.SS尚未满足最短持有期，已跳过信号卖出
2026-08-11 10:35:00 - INFO - [复牌补偿] 已复牌=513100.SS，已执行延后卖出与买入评估
2026-08-11 15:30:00 - INFO - [盘后委托核对] 未发现未完成委托
2026-08-11 15:30:00 - INFO - [订单生命周期汇总] 来源=盘后 待买委托=0 待卖委托=0 延后买入=否 委托状态未知=否
2026-08-11 15:30:00 - INFO - ============================================================
2026-08-11 15:30:01 - INFO - [cross-v0.3.2 收盘] 总资产=17993.83 可用资金=132.63 持仓数=3/3
2026-08-11 15:30:02 - INFO - [盘后观察] 513050.SS 成本价=1.135 盘后观察价=1.160 临时最高收盘价=1.189 收益率=2.2% 买入评分=39 卖出评分=11 止损价=1.093；已写入临时风险状态，次日盘前确认并用最终T-1日线纠正
2026-08-11 15:30:03 - INFO - [盘后观察] 513100.SS 成本价=2.254 盘后观察价=2.215 临时最高收盘价=2.267 收益率=-1.7% 买入评分=24 卖出评分=0 止损价=2.154；已写入临时风险状态，次日盘前确认并用最终T-1日线纠正
2026-08-11 15:30:03 - INFO - [盘后观察] 513500.SS 成本价=2.561 盘后观察价=2.716 临时最高收盘价=2.716 收益率=6.0% 买入评分=30 卖出评分=6 止损价=2.580；已写入临时风险状态，次日盘前确认并用最终T-1日线纠正
2026-08-11 15:30:03 - INFO - ============================================================
2026-08-11 23:08:41 - INFO - [cross-v0.3.2] 初始化完成: 最大持仓=3 基础仓位比例=0.95 普通信号最短持有=5
2026-08-11 23:08:41 - INFO - [发布指纹] 构建=20260804.1 业务配置=1506a0e834fe 状态结构=6
2026-08-11 23:08:41 - INFO - [cross-v0.3.2] 位置差值上穿已启用 | 自检=通过 预期=通过 | 自检反转分=12
2026-08-11 23:08:42 - INFO - [指标参数] RSI(6,12,24) MACD(12,26,9) KDJ(9,3,3) BOLL(20,2.0) ATR(14) ADX(14) MA(5,10,20,60)
2026-08-11 23:08:43 - INFO - [状态台账] 已与当前券商持仓核验一致，直接恢复持仓风险状态
2026-08-11 23:08:43 - INFO - [盘前收盘确认] 513050.SS待确认日期=2026-08-11属于当日盘后观察，T-1=2026-08-10尚未覆盖；保留已验证风险基线，延至下一交易日盘前确认
2026-08-11 23:08:43 - INFO - [盘前收盘确认] 513100.SS待确认日期=2026-08-11属于当日盘后观察，T-1=2026-08-10尚未覆盖；保留已验证风险基线，延至下一交易日盘前确认
2026-08-11 23:08:43 - INFO - [盘前收盘确认] 513500.SS待确认日期=2026-08-11属于当日盘后观察，T-1=2026-08-10尚未覆盖；保留已验证风险基线，延至下一交易日盘前确认
2026-08-11 23:08:43 - INFO - [PTrade框架g] 状态=未提供 代次=不适用 原因=未发现持久状态元数据
2026-08-11 23:08:43 - INFO - [连续状态恢复] 来源=状态台账 代次=56
2026-08-11 23:08:43 - INFO - [持仓风险恢复] 来源=状态台账
2026-08-11 23:08:43 - INFO - [持仓风险恢复] 代码=513050.SS 数量=4800 成本=1.135100 买入日期=2026-07-30 ATR=0.038214 持仓最高收盘价=1.189000 状态=已验证 来源=状态台账
2026-08-11 23:08:43 - INFO - [持仓风险恢复] 代码=513100.SS 数量=400 成本=2.254300 买入日期=2026-08-05 ATR=0.038500 持仓最高收盘价=2.267000 状态=已验证 来源=状态台账
2026-08-11 23:08:43 - INFO - [持仓风险恢复] 代码=513500.SS 数量=4200 成本=2.561100 买入日期=2026-07-16 ATR=0.025429 持仓最高收盘价=2.716000 状态=已验证 来源=状态台账
2026-08-12 09:10:00 - INFO - [盘前收盘确认] 513050.SS 区间=2026-08-11~2026-08-11 交易日数=1 零成交量日数=0 确认前最高收盘价=1.189000 已确认最高收盘价=1.189000
2026-08-12 09:10:01 - INFO - [盘前收盘确认] 513100.SS 区间=2026-08-11~2026-08-11 交易日数=1 零成交量日数=0 确认前最高收盘价=2.267000 已确认最高收盘价=2.267000
2026-08-12 09:10:02 - INFO - [盘前收盘确认] 513500.SS 区间=2026-08-11~2026-08-11 交易日数=1 零成交量日数=0 确认前最高收盘价=2.696000 已确认最高收盘价=2.716000
2026-08-12 09:10:05 - INFO - [PTrade框架g] 状态=未提供 代次=不适用 原因=未发现持久状态元数据
2026-08-12 09:10:06 - INFO - [连续状态恢复] 来源=状态台账 代次=56
2026-08-12 09:10:07 - INFO - [持仓风险恢复] 来源=状态台账
2026-08-12 09:10:08 - INFO - [持仓风险恢复] 代码=513050.SS 数量=4800 成本=1.135100 买入日期=2026-07-30 ATR=0.038214 持仓最高收盘价=1.189000 状态=已验证 来源=状态台账
2026-08-12 09:10:08 - INFO - [持仓风险恢复] 代码=513100.SS 数量=400 成本=2.254300 买入日期=2026-08-05 ATR=0.038500 持仓最高收盘价=2.267000 状态=已验证 来源=状态台账
2026-08-12 09:10:08 - INFO - [持仓风险恢复] 代码=513500.SS 数量=4200 成本=2.561100 买入日期=2026-07-16 ATR=0.025429 持仓最高收盘价=2.716000 状态=已验证 来源=状态台账
2026-08-12 09:35:00 - INFO - [交易日开始] 执行日期=2026-08-12 信号日期=2026-08-11 策略=cross-v0.3.2 是否调仓=是
2026-08-12 09:35:00 - INFO - [阶段1/5][风险检查] 检查当前持仓ATR止损
2026-08-12 09:35:00 - INFO - [阶段2/5][全池评分] ETF总数=9 停牌跳过=1
2026-08-12 09:35:00 - INFO - [评分跳过汇总] 停牌=1
2026-08-12 09:35:01 - INFO - [阶段3/5][信号摘要] 有效评分=8
2026-08-12 09:35:02 - INFO - [候选#1] 代码=159985.SZ 买入评分=37 反转评分=11 位置评分=17 趋势评分=9 量能评分=0 卖出评分=24 收盘价=2.124
2026-08-12 09:35:02 - DEBUG - [指标明细][候选#1][159985.SZ] RSI[6/12/24]=47.7/48.6/50.5 MACD[DIF/DEA/HIST]=-0.0006/0.0073/-0.0157 KDJ[K/D/J]=50.3/34.1/82.7 BOLL[U/M/L]=2.279/2.155/2.032 MA[5/10/20/60]=2.120/2.110/2.155/2.090 VOL[5/20]=121118242/228628378 ATR14=0.0468 DMI[+DI/-DI/ADX]=16.7/22.2/20.7 RSI_DIFF[6-12/6-24]=-0.9/-2.8(前值 2.0/0.9) MACD_DIFF[DIF-DEA]=-0.0078(前值 -0.0093) KDJ_DIFF[K-D/J-D]=16.2/48.6(前值 9.3/28.0)
2026-08-12 09:35:03 - INFO - [候选#2] 代码=513500.SS 买入评分=30 反转评分=0 位置评分=0 趋势评分=20 量能评分=10 卖出评分=0 收盘价=2.716
2026-08-12 09:35:03 - DEBUG - [指标明细][候选#2][513500.SS] RSI[6/12/24]=86.4/75.2/66.6 MACD[DIF/DEA/HIST]=0.0456/0.0235/0.0443 KDJ[K/D/J]=91.7/82.2/110.7 BOLL[U/M/L]=2.727/2.565/2.404 MA[5/10/20/60]=2.693/2.608/2.565/2.539 VOL[5/20]=247793838/172535330 ATR14=0.0389 DMI[+DI/-DI/ADX]=48.5/14.4/24.3 RSI_DIFF[6-12/6-24]=11.1/19.8(前值 10.8/18.9) MACD_DIFF[DIF-DEA]=0.0222(前值 0.0217) KDJ_DIFF[K-D/J-D]=9.5/28.5(前值 11.3/33.9)
2026-08-12 09:35:03 - INFO - [候选#3] 代码=518880.SS 买入评分=30 反转评分=0 位置评分=0 趋势评分=20 量能评分=10 卖出评分=0 收盘价=9.009
2026-08-12 09:35:03 - DEBUG - [指标明细][候选#3][518880.SS] RSI[6/12/24]=86.8/71.8/57.0 MACD[DIF/DEA/HIST]=0.0708/-0.0151/0.1719 KDJ[K/D/J]=82.2/71.4/103.9 BOLL[U/M/L]=8.975/8.529/8.083 MA[5/10/20/60]=8.868/8.635/8.529/8.763 VOL[5/20]=772093588/423793343 ATR14=0.1298 DMI[+DI/-DI/ADX]=59.2/23.1/23.1 RSI_DIFF[6-12/6-24]=15.0/29.8(前值 15.0/29.8) MACD_DIFF[DIF-DEA]=0.0859(前值 0.0810) KDJ_DIFF[K-D/J-D]=10.8/32.5(前值 16.8/50.5)
2026-08-12 09:35:03 - INFO - [候选#4] 代码=513050.SS 买入评分=27 反转评分=0 位置评分=7 趋势评分=20 量能评分=0 卖出评分=35 收盘价=1.160
2026-08-12 09:35:03 - DEBUG - [指标明细][候选#4][513050.SS] RSI[6/12/24]=54.2/57.7/54.8 MACD[DIF/DEA/HIST]=0.0249/0.0219/0.0061 KDJ[K/D/J]=64.9/71.0/52.7 BOLL[U/M/L]=1.207/1.134/1.061 MA[5/10/20/60]=1.169/1.162/1.134/1.096 VOL[5/20]=2082481240/2792189950 ATR14=0.0301 DMI[+DI/-DI/ADX]=28.2/8.1/18.2 RSI_DIFF[6-12/6-24]=-3.5/-0.6(前值 2.4/7.7) MACD_DIFF[DIF-DEA]=0.0031(前值 0.0049) KDJ_DIFF[K-D/J-D]=-6.1/-18.4(前值 -1.4/-4.3)
2026-08-12 09:35:03 - INFO - [候选#5] 代码=159928.SZ 买入评分=25 反转评分=0 位置评分=7 趋势评分=14 量能评分=4 卖出评分=10 收盘价=0.681
2026-08-12 09:35:03 - DEBUG - [指标明细][候选#5][159928.SZ] RSI[6/12/24]=53.5/55.8/53.4 MACD[DIF/DEA/HIST]=0.0087/0.0087/-0.0001 KDJ[K/D/J]=49.9/53.9/42.0 BOLL[U/M/L]=0.700/0.674/0.649 MA[5/10/20/60]=0.677/0.683/0.674/0.657 VOL[5/20]=690414886/673803640 ATR14=0.0135 DMI[+DI/-DI/ADX]=25.3/13.3/46.1 RSI_DIFF[6-12/6-24]=-2.3/0.1(前值 3.3/8.4) MACD_DIFF[DIF-DEA]=-0.0000(前值 0.0003) KDJ_DIFF[K-D/J-D]=-4.0/-11.9(前值 -3.2/-9.7)
2026-08-12 09:35:03 - INFO - [上穿信号] 数量=1
2026-08-12 09:35:03 - INFO - [上穿#1] 代码=159985.SZ 反转评分=11 买入评分=37 卖出评分=24 上穿=K上穿D(近3日有效,距发生2个交易日),J上穿D(近3日有效,距发生2个交易日) 下穿=RSI6下穿RSI12(近3日有效,当日新发生),RSI6下穿RSI24(近3日有效,当日新发生)
2026-08-12 09:35:03 - DEBUG - [指标明细][上穿#1][159985.SZ] RSI6上穿RSI12=否 RSI6上穿RSI24=否 DIF上穿DEA=否 K上穿D=是 J上穿D=是 RSI6下穿RSI12=是 RSI6下穿RSI24=是 DIF下穿DEA=否 K下穿D=否 J下穿D=否 RSI[6/12/24]=47.7/48.6/50.5 MACD[DIF/DEA/HIST]=-0.0006/0.0073/-0.0157 KDJ[K/D/J]=50.3/34.1/82.7 BOLL[U/M/L]=2.279/2.155/2.032 MA[5/10/20/60]=2.120/2.110/2.155/2.090 VOL[5/20]=121118242/228628378 ATR14=0.0468 DMI[+DI/-DI/ADX]=16.7/22.2/20.7 RSI_DIFF[6-12/6-24]=-0.9/-2.8(前值 2.0/0.9) MACD_DIFF[DIF-DEA]=-0.0078(前值 -0.0093) KDJ_DIFF[K-D/J-D]=16.2/48.6(前值 9.3/28.0)
2026-08-12 09:35:03 - INFO - [宽松反转] 数量=6
2026-08-12 09:35:03 - INFO - [宽松反转#1] 代码=513500.SS 转强数=3 买入评分=30 反转评分=0 转强=RSI,MACD,KDJ
2026-08-12 09:35:03 - DEBUG - [指标明细][宽松反转#1][513500.SS] RSI转强=True RSI变化=2.16 MACD转强=True DIF变化=0.0060 KDJ转强=True K值变化=2.95 J值变化=-0.66 RSI[6/12/24]=86.4/75.2/66.6 MACD[DIF/DEA/HIST]=0.0456/0.0235/0.0443 KDJ[K/D/J]=91.7/82.2/110.7 BOLL[U/M/L]=2.727/2.565/2.404 MA[5/10/20/60]=2.693/2.608/2.565/2.539 VOL[5/20]=247793838/172535330 ATR14=0.0389 DMI[+DI/-DI/ADX]=48.5/14.4/24.3 RSI_DIFF[6-12/6-24]=11.1/19.8(前值 10.8/18.9) MACD_DIFF[DIF-DEA]=0.0222(前值 0.0217) KDJ_DIFF[K-D/J-D]=9.5/28.5(前值 11.3/33.9)
2026-08-12 09:35:03 - INFO - [宽松反转#2] 代码=159915.SZ 转强数=3 买入评分=6 反转评分=0 转强=RSI,MACD,KDJ
2026-08-12 09:35:03 - DEBUG - [指标明细][宽松反转#2][159915.SZ] RSI转强=True RSI变化=0.71 MACD转强=True DIF变化=0.0106 KDJ转强=True K值变化=2.64 J值变化=-2.63 RSI[6/12/24]=55.7/48.0/46.5 MACD[DIF/DEA/HIST]=-0.0900/-0.1216/0.0631 KDJ[K/D/J]=79.1/68.5/100.2 BOLL[U/M/L]=3.806/3.527/3.248 MA[5/10/20/60]=3.562/3.469/3.527/3.874 VOL[5/20]=2073834680/2913017420 ATR14=0.1508 DMI[+DI/-DI/ADX]=16.4/19.8/35.3 RSI_DIFF[6-12/6-24]=7.7/9.2(前值 7.3/8.7) MACD_DIFF[DIF-DEA]=0.0316(前值 0.0289) KDJ_DIFF[K-D/J-D]=10.5/31.6(前值 13.2/39.5)
2026-08-12 09:35:03 - INFO - [宽松反转#3] 代码=518880.SS 转强数=2 买入评分=30 反转评分=0 转强=RSI,MACD
2026-08-12 09:35:03 - DEBUG - [指标明细][宽松反转#3][518880.SS] RSI转强=True RSI变化=0.11 MACD转强=True DIF变化=0.0264 KDJ转强=False K值变化=-0.59 J值变化=-12.61 RSI[6/12/24]=86.8/71.8/57.0 MACD[DIF/DEA/HIST]=0.0708/-0.0151/0.1719 KDJ[K/D/J]=82.2/71.4/103.9 BOLL[U/M/L]=8.975/8.529/8.083 MA[5/10/20/60]=8.868/8.635/8.529/8.763 VOL[5/20]=772093588/423793343 ATR14=0.1298 DMI[+DI/-DI/ADX]=59.2/23.1/23.1 RSI_DIFF[6-12/6-24]=15.0/29.8(前值 15.0/29.8) MACD_DIFF[DIF-DEA]=0.0859(前值 0.0810) KDJ_DIFF[K-D/J-D]=10.8/32.5(前值 16.8/50.5)
2026-08-12 09:35:03 - INFO - [宽松反转#4] 代码=513880.SS 转强数=2 买入评分=22 反转评分=0 转强=MACD,KDJ
2026-08-12 09:35:03 - DEBUG - [指标明细][宽松反转#4][513880.SS] RSI转强=False RSI变化=-6.56 MACD转强=True DIF变化=0.0055 KDJ转强=True K值变化=1.13 J值变化=-6.98 RSI[6/12/24]=63.5/55.3/52.4 MACD[DIF/DEA/HIST]=-0.0053/-0.0252/0.0398 KDJ[K/D/J]=86.9/76.6/107.7 BOLL[U/M/L]=2.221/2.074/1.927 MA[5/10/20/60]=2.149/2.081/2.074/2.147 VOL[5/20]=101640671/153908243 ATR14=0.0600 DMI[+DI/-DI/ADX]=27.1/19.7/23.6 RSI_DIFF[6-12/6-24]=8.2/11.2(前值 12.4/16.7) MACD_DIFF[DIF-DEA]=0.0199(前值 0.0194) KDJ_DIFF[K-D/J-D]=10.4/31.1(前值 14.4/43.3)
2026-08-12 09:35:03 - INFO - [宽松反转#5] 代码=512100.SS 转强数=2 买入评分=0 反转评分=0 转强=MACD,KDJ
2026-08-12 09:35:03 - DEBUG - [指标明细][宽松反转#5][512100.SS] RSI转强=False RSI变化=-2.45 MACD转强=True DIF变化=0.0135 KDJ转强=True K值变化=0.12 J值变化=-8.61 RSI[6/12/24]=71.2/55.6/48.8 MACD[DIF/DEA/HIST]=-0.0447/-0.0915/0.0936 KDJ[K/D/J]=90.7/81.7/108.7 BOLL[U/M/L]=3.192/2.956/2.721 MA[5/10/20/60]=3.089/2.979/2.956/3.271 VOL[5/20]=1743300144/2020099256 ATR14=0.0876 DMI[+DI/-DI/ADX]=20.8/7.9/59.5 RSI_DIFF[6-12/6-24]=15.6/22.4(前值 17.3/24.5) MACD_DIFF[DIF-DEA]=0.0468(前值 0.0450) KDJ_DIFF[K-D/J-D]=9.0/26.9(前值 13.3/40.0)
2026-08-12 09:35:03 - INFO - [阶段4/5][卖出评估] 当前持仓=3
2026-08-12 09:35:03 - INFO - [卖出风险观察] 513050.SS卖出评分=35，仅记录、不收紧止损
2026-08-12 09:35:03 - INFO - [阶段5/5][买入评估] 使用冻结候选执行买入筛选
2026-08-12 09:35:03 - INFO - [交易日汇总] 有效评分=8 上穿标的=1 宽松反转标的=6 ATR止损触发=0 新提交卖单=0 新提交买单=0 待卖委托=0 待买委托=0 延后买入=否
2026-08-12 09:35:03 - INFO - [交易日结束] 执行日期=2026-08-12
2026-08-12 10:35:00 - INFO - [复牌评分] 来源=10:35复牌/卖单补偿 信号日期=2026-08-11 代码=513100.SS 买入评分=31 反转评分=0 位置评分=7 趋势评分=20 量能评分=4 卖出评分=12 买入筛选=拒绝:评分不足(31<60),已有持仓或待买
2026-08-12 10:35:00 - INFO - [复牌交叉] 来源=10:35复牌/卖单补偿 信号日期=2026-08-11 代码=513100.SS 上穿=无 下穿=RSI6下穿RSI12(近3日有效,当日新发生)
2026-08-12 10:35:00 - DEBUG - [指标明细][复牌评分][513100.SS] 信号日期=2026-08-11 RSI6上穿RSI12=否 RSI6上穿RSI24=否 DIF上穿DEA=否 K上穿D=否 J上穿D=否 RSI6下穿RSI12=是 RSI6下穿RSI24=否 DIF下穿DEA=否 K下穿D=否 J下穿D=否 RSI[6/12/24]=55.6/56.1/54.6 MACD[DIF/DEA/HIST]=0.0215/0.0045/0.0340 KDJ[K/D/J]=81.1/77.5/88.2 BOLL[U/M/L]=2.291/2.152/2.013 MA[5/10/20/60]=2.251/2.180/2.152/2.181 VOL[5/20]=199955382/184607196 ATR14=0.0421 DMI[+DI/-DI/ADX]=54.4/32.9/29.3 RSI_DIFF[6-12/6-24]=-0.6/0.9(前值 8.3/14.0) MACD_DIFF[DIF-DEA]=0.0170(前值 0.0207) KDJ_DIFF[K-D/J-D]=3.5/10.6(前值 10.8/32.5)
2026-08-12 10:35:00 - INFO - [复牌补偿] 已复牌=513100.SS，已执行延后卖出与买入评估
2026-08-12 15:30:00 - INFO - [盘后委托核对] 未发现未完成委托
2026-08-12 15:30:01 - INFO - [订单生命周期汇总] 来源=盘后 待买委托=0 待卖委托=0 延后买入=否 委托状态未知=否
2026-08-12 15:30:02 - INFO - ============================================================
2026-08-12 15:30:03 - INFO - [cross-v0.3.2 收盘] 总资产=17802.63 可用资金=132.63 持仓数=3/3
2026-08-12 15:30:03 - INFO - [盘后观察] 513050.SS 成本价=1.135 盘后观察价=1.135 临时最高收盘价=1.189 收益率=-0.0% 买入评分=27 卖出评分=35 止损价=1.093；已写入临时风险状态，次日盘前确认并用最终T-1日线纠正
2026-08-12 15:30:04 - INFO - [盘后观察] 513100.SS 成本价=2.254 盘后观察价=2.226 临时最高收盘价=2.267 收益率=-1.3% 买入评分=31 卖出评分=12 止损价=2.154；已写入临时风险状态，次日盘前确认并用最终T-1日线纠正
2026-08-12 15:30:04 - INFO - [盘后观察] 513500.SS 成本价=2.561 盘后观察价=2.698 临时最高收盘价=2.716 收益率=5.3% 买入评分=30 卖出评分=0 止损价=2.580；已写入临时风险状态，次日盘前确认并用最终T-1日线纠正
2026-08-12 15:30:04 - INFO - ============================================================
2026-08-13 09:10:01 - INFO - [盘前收盘确认] 513050.SS 区间=2026-08-12~2026-08-12 交易日数=1 零成交量日数=0 确认前最高收盘价=1.189000 已确认最高收盘价=1.189000
2026-08-13 09:10:05 - INFO - [盘前收盘确认] 513100.SS 区间=2026-08-12~2026-08-12 交易日数=1 零成交量日数=0 确认前最高收盘价=2.267000 已确认最高收盘价=2.267000
2026-08-13 09:10:06 - INFO - [盘前收盘确认] 513500.SS 区间=2026-08-12~2026-08-12 交易日数=1 零成交量日数=0 确认前最高收盘价=2.716000 已确认最高收盘价=2.716000
2026-08-13 09:10:09 - INFO - [PTrade框架g] 状态=未提供 代次=不适用 原因=未发现持久状态元数据
2026-08-13 09:10:10 - INFO - [连续状态恢复] 来源=状态台账 代次=56
2026-08-13 09:10:10 - INFO - [持仓风险恢复] 来源=状态台账
2026-08-13 09:10:10 - INFO - [持仓风险恢复] 代码=513050.SS 数量=4800 成本=1.135100 买入日期=2026-07-30 ATR=0.038214 持仓最高收盘价=1.189000 状态=已验证 来源=状态台账
2026-08-13 09:10:10 - INFO - [持仓风险恢复] 代码=513100.SS 数量=400 成本=2.254300 买入日期=2026-08-05 ATR=0.038500 持仓最高收盘价=2.267000 状态=已验证 来源=状态台账
2026-08-13 09:10:10 - INFO - [持仓风险恢复] 代码=513500.SS 数量=4200 成本=2.561100 买入日期=2026-07-16 ATR=0.025429 持仓最高收盘价=2.716000 状态=已验证 来源=状态台账
2026-08-13 09:35:00 - INFO - [交易日开始] 执行日期=2026-08-13 信号日期=2026-08-12 策略=cross-v0.3.2 是否调仓=是
2026-08-13 09:35:00 - INFO - [阶段1/5][风险检查] 检查当前持仓ATR止损
2026-08-13 09:35:00 - INFO - [阶段2/5][全池评分] ETF总数=9 停牌跳过=1
2026-08-13 09:35:01 - INFO - [评分跳过汇总] 停牌=1
2026-08-13 09:35:01 - INFO - [阶段3/5][信号摘要] 有效评分=8
2026-08-13 09:35:02 - INFO - [候选#1] 代码=513500.SS 买入评分=31 反转评分=0 位置评分=7 趋势评分=20 量能评分=4 卖出评分=0 收盘价=2.698
2026-08-13 09:35:02 - DEBUG - [指标明细][候选#1][513500.SS] RSI[6/12/24]=75.3/70.5/64.3 MACD[DIF/DEA/HIST]=0.0483/0.0284/0.0398 KDJ[K/D/J]=90.8/85.0/102.2 BOLL[U/M/L]=2.744/2.572/2.400 MA[5/10/20/60]=2.699/2.627/2.572/2.544 VOL[5/20]=221755686/173803976 ATR14=0.0401 DMI[+DI/-DI/ADX]=47.4/14.1/27.3 RSI_DIFF[6-12/6-24]=4.8/10.9(前值 11.1/19.8) MACD_DIFF[DIF-DEA]=0.0199(前值 0.0222) KDJ_DIFF[K-D/J-D]=5.7/17.1(前值 9.5/28.5)
2026-08-13 09:35:03 - INFO - [候选#2] 代码=518880.SS 买入评分=30 反转评分=0 位置评分=0 趋势评分=20 量能评分=10 卖出评分=0 收盘价=9.103
2026-08-13 09:35:03 - DEBUG - [指标明细][候选#2][518880.SS] RSI[6/12/24]=89.3/74.5/58.9 MACD[DIF/DEA/HIST]=0.0982/0.0075/0.1813 KDJ[K/D/J]=85.6/76.1/104.5 BOLL[U/M/L]=9.073/8.566/8.059 MA[5/10/20/60]=8.961/8.706/8.566/8.756 VOL[5/20]=739842226/441686566 ATR14=0.1329 DMI[+DI/-DI/ADX]=57.9/22.3/24.9 RSI_DIFF[6-12/6-24]=14.8/30.3(前值 15.0/29.8) MACD_DIFF[DIF-DEA]=0.0907(前值 0.0859) KDJ_DIFF[K-D/J-D]=9.5/28.4(前值 10.8/32.5)
2026-08-13 09:35:04 - INFO - [候选#3] 代码=159985.SZ 买入评分=26 反转评分=0 位置评分=17 趋势评分=9 量能评分=0 卖出评分=24 收盘价=2.116
2026-08-13 09:35:04 - DEBUG - [指标明细][候选#3][159985.SZ] RSI[6/12/24]=43.7/47.1/49.8 MACD[DIF/DEA/HIST]=-0.0016/0.0055/-0.0141 KDJ[K/D/J]=56.6/41.6/86.5 BOLL[U/M/L]=2.269/2.149/2.030 MA[5/10/20/60]=2.123/2.109/2.149/2.090 VOL[5/20]=116850620/223837754 ATR14=0.0438 DMI[+DI/-DI/ADX]=11.4/24.0/21.1 RSI_DIFF[6-12/6-24]=-3.4/-6.1(前值 -0.9/-2.8) MACD_DIFF[DIF-DEA]=-0.0071(前值 -0.0078) KDJ_DIFF[K-D/J-D]=14.9/44.8(前值 16.2/48.6)
2026-08-13 09:35:04 - INFO - [候选#4] 代码=159928.SZ 买入评分=21 反转评分=0 位置评分=7 趋势评分=14 量能评分=0 卖出评分=10 收盘价=0.683
2026-08-13 09:35:04 - DEBUG - [指标明细][候选#4][159928.SZ] RSI[6/12/24]=55.5/56.6/53.9 MACD[DIF/DEA/HIST]=0.0085/0.0087/-0.0004 KDJ[K/D/J]=50.4/52.7/45.8 BOLL[U/M/L]=0.700/0.676/0.651 MA[5/10/20/60]=0.679/0.683/0.676/0.657 VOL[5/20]=628304488/657186026 ATR14=0.0132 DMI[+DI/-DI/ADX]=25.7/14.9/44.1 RSI_DIFF[6-12/6-24]=-1.2/1.6(前值 -2.3/0.1) MACD_DIFF[DIF-DEA]=-0.0002(前值 -0.0000) KDJ_DIFF[K-D/J-D]=-2.3/-6.9(前值 -4.0/-11.9)
2026-08-13 09:35:04 - INFO - [候选#5] 代码=513050.SS 买入评分=21 反转评分=0 位置评分=7 趋势评分=14 量能评分=0 卖出评分=34 收盘价=1.135
2026-08-13 09:35:04 - DEBUG - [指标明细][候选#5][513050.SS] RSI[6/12/24]=41.1/51.1/51.8 MACD[DIF/DEA/HIST]=0.0218/0.0219/-0.0001 KDJ[K/D/J]=49.1/63.7/19.9 BOLL[U/M/L]=1.207/1.135/1.062 MA[5/10/20/60]=1.158/1.162/1.135/1.095 VOL[5/20]=1902305080/2664250795 ATR14=0.0302 DMI[+DI/-DI/ADX]=28.9/12.4/19.6 RSI_DIFF[6-12/6-24]=-10.0/-10.6(前值 -3.5/-0.6) MACD_DIFF[DIF-DEA]=-0.0001(前值 0.0031) KDJ_DIFF[K-D/J-D]=-14.6/-43.9(前值 -6.1/-18.4)
2026-08-13 09:35:04 - INFO - [上穿信号] 全部标的均未出现
2026-08-13 09:35:04 - INFO - [宽松反转] 数量=7
2026-08-13 09:35:04 - INFO - [宽松反转#1] 代码=518880.SS 转强数=3 买入评分=30 反转评分=0 转强=RSI,MACD,KDJ
2026-08-13 09:35:04 - DEBUG - [指标明细][宽松反转#1][518880.SS] RSI转强=True RSI变化=2.48 MACD转强=True DIF变化=0.0274 KDJ转强=True K值变化=3.35 J值变化=0.61 RSI[6/12/24]=89.3/74.5/58.9 MACD[DIF/DEA/HIST]=0.0982/0.0075/0.1813 KDJ[K/D/J]=85.6/76.1/104.5 BOLL[U/M/L]=9.073/8.566/8.059 MA[5/10/20/60]=8.961/8.706/8.566/8.756 VOL[5/20]=739842226/441686566 ATR14=0.1329 DMI[+DI/-DI/ADX]=57.9/22.3/24.9 RSI_DIFF[6-12/6-24]=14.8/30.3(前值 15.0/29.8) MACD_DIFF[DIF-DEA]=0.0907(前值 0.0859) KDJ_DIFF[K-D/J-D]=9.5/28.4(前值 10.8/32.5)
2026-08-13 09:35:04 - INFO - [宽松反转#2] 代码=513880.SS 转强数=3 买入评分=15 反转评分=0 转强=RSI,MACD,KDJ
2026-08-13 09:35:04 - DEBUG - [指标明细][宽松反转#2][513880.SS] RSI转强=True RSI变化=4.65 MACD转强=True DIF变化=0.0065 KDJ转强=True K值变化=3.81 J值变化=1.99 RSI[6/12/24]=68.2/57.7/53.6 MACD[DIF/DEA/HIST]=0.0012/-0.0199/0.0422 KDJ[K/D/J]=90.8/81.3/109.7 BOLL[U/M/L]=2.219/2.073/1.928 MA[5/10/20/60]=2.155/2.103/2.073/2.151 VOL[5/20]=93915527/150879592 ATR14=0.0598 DMI[+DI/-DI/ADX]=28.5/19.9/23.6 RSI_DIFF[6-12/6-24]=10.4/14.6(前值 8.2/11.2) MACD_DIFF[DIF-DEA]=0.0211(前值 0.0199) KDJ_DIFF[K-D/J-D]=9.5/28.4(前值 10.4/31.1)
2026-08-13 09:35:04 - INFO - [宽松反转#3] 代码=159915.SZ 转强数=3 买入评分=0 反转评分=0 转强=RSI,MACD,KDJ
2026-08-13 09:35:04 - DEBUG - [指标明细][宽松反转#3][159915.SZ] RSI转强=True RSI变化=6.68 MACD转强=True DIF变化=0.0138 KDJ转强=True K值变化=4.83 J值变化=4.25 RSI[6/12/24]=62.4/51.0/47.9 MACD[DIF/DEA/HIST]=-0.0763/-0.1125/0.0725 KDJ[K/D/J]=83.9/73.7/104.4 BOLL[U/M/L]=3.762/3.517/3.272 MA[5/10/20/60]=3.574/3.491/3.517/3.869 VOL[5/20]=1732523812/2889971203 ATR14=0.1509 DMI[+DI/-DI/ADX]=17.5/19.4/32.5 RSI_DIFF[6-12/6-24]=11.4/14.5(前值 7.7/9.2) MACD_DIFF[DIF-DEA]=0.0363(前值 0.0316) KDJ_DIFF[K-D/J-D]=10.2/30.7(前值 10.5/31.6)
2026-08-13 09:35:04 - INFO - [宽松反转#4] 代码=512100.SS 转强数=3 买入评分=0 反转评分=0 转强=RSI,MACD,KDJ
2026-08-13 09:35:04 - DEBUG - [指标明细][宽松反转#4][512100.SS] RSI转强=True RSI变化=3.98 MACD转强=True DIF变化=0.0140 KDJ转强=True K值变化=2.46 J值变化=-0.25 RSI[6/12/24]=75.1/58.1/50.2 MACD[DIF/DEA/HIST]=-0.0307/-0.0793/0.0972 KDJ[K/D/J]=93.2/85.5/108.4 BOLL[U/M/L]=3.189/2.956/2.723 MA[5/10/20/60]=3.113/3.007/2.956/3.264 VOL[5/20]=1617587530/2013884088 ATR14=0.0870 DMI[+DI/-DI/ADX]=21.7/8.1/56.8 RSI_DIFF[6-12/6-24]=17.1/25.0(前值 15.6/22.4) MACD_DIFF[DIF-DEA]=0.0486(前值 0.0468) KDJ_DIFF[K-D/J-D]=7.6/22.9(前值 9.0/26.9)
2026-08-13 09:35:04 - INFO - [宽松反转#5] 代码=159928.SZ 转强数=2 买入评分=21 反转评分=0 转强=RSI,KDJ
2026-08-13 09:35:04 - DEBUG - [指标明细][宽松反转#5][159928.SZ] RSI转强=True RSI变化=2.00 MACD转强=False DIF变化=-0.0002 KDJ转强=True K值变化=0.51 J值变化=3.83 RSI[6/12/24]=55.5/56.6/53.9 MACD[DIF/DEA/HIST]=0.0085/0.0087/-0.0004 KDJ[K/D/J]=50.4/52.7/45.8 BOLL[U/M/L]=0.700/0.676/0.651 MA[5/10/20/60]=0.679/0.683/0.676/0.657 VOL[5/20]=628304488/657186026 ATR14=0.0132 DMI[+DI/-DI/ADX]=25.7/14.9/44.1 RSI_DIFF[6-12/6-24]=-1.2/1.6(前值 -2.3/0.1) MACD_DIFF[DIF-DEA]=-0.0002(前值 -0.0000) KDJ_DIFF[K-D/J-D]=-2.3/-6.9(前值 -4.0/-11.9)
2026-08-13 09:35:04 - INFO - [阶段4/5][卖出评估] 当前持仓=3
2026-08-13 09:35:05 - INFO - [卖出风险观察] 513050.SS卖出评分=34，仅记录、不收紧止损
2026-08-13 09:35:05 - INFO - [阶段5/5][买入评估] 使用冻结候选执行买入筛选
2026-08-13 09:35:05 - INFO - [交易日汇总] 有效评分=8 上穿标的=0 宽松反转标的=7 ATR止损触发=0 新提交卖单=0 新提交买单=0 待卖委托=0 待买委托=0 延后买入=否
2026-08-13 09:35:05 - INFO - [交易日结束] 执行日期=2026-08-13
2026-08-13 10:35:00 - INFO - [复牌评分] 来源=10:35复牌/卖单补偿 信号日期=2026-08-12 代码=513100.SS 买入评分=43 反转评分=12 位置评分=7 趋势评分=20 量能评分=4 卖出评分=11 买入筛选=拒绝:评分不足(43<60),已有持仓或待买
2026-08-13 10:35:00 - INFO - [复牌交叉] 来源=10:35复牌/卖单补偿 信号日期=2026-08-12 代码=513100.SS 上穿=RSI6上穿RSI12(近3日有效,当日新发生) 下穿=K下穿D(近3日有效,当日新发生),J下穿D(近3日有效,当日新发生)
2026-08-13 10:35:01 - DEBUG - [指标明细][复牌评分][513100.SS] 信号日期=2026-08-12 RSI6上穿RSI12=是 RSI6上穿RSI24=否 DIF上穿DEA=否 K上穿D=否 J上穿D=否 RSI6下穿RSI12=否 RSI6下穿RSI24=否 DIF下穿DEA=否 K下穿D=是 J下穿D=是 RSI[6/12/24]=58.3/57.5/55.4 MACD[DIF/DEA/HIST]=0.0225/0.0081/0.0288 KDJ[K/D/J]=75.5/76.9/72.8 BOLL[U/M/L]=2.296/2.154/2.012 MA[5/10/20/60]=2.242/2.195/2.154/2.184 VOL[5/20]=182184022/176314565 ATR14=0.0422 DMI[+DI/-DI/ADX]=53.0/33.1/29.2 RSI_DIFF[6-12/6-24]=0.8/3.0(前值 -0.6/0.9) MACD_DIFF[DIF-DEA]=0.0144(前值 0.0170) KDJ_DIFF[K-D/J-D]=-1.4/-4.1(前值 3.5/10.6)
2026-08-13 10:35:01 - INFO - [复牌补偿] 已复牌=513100.SS，已执行延后卖出与买入评估
2026-08-13 15:30:00 - INFO - [盘后委托核对] 未发现未完成委托
2026-08-13 15:30:00 - INFO - [订单生命周期汇总] 来源=盘后 待买委托=0 待卖委托=0 延后买入=否 委托状态未知=否
2026-08-13 15:30:01 - INFO - ============================================================
2026-08-13 15:30:02 - INFO - [cross-v0.3.2 收盘] 总资产=17761.23 可用资金=132.63 持仓数=3/3
2026-08-13 15:30:02 - INFO - [盘后观察] 513050.SS 成本价=1.135 盘后观察价=1.115 临时最高收盘价=1.189 收益率=-1.8% 买入评分=21 卖出评分=34 止损价=1.093；已写入临时风险状态，次日盘前确认并用最终T-1日线纠正
2026-08-13 15:30:03 - INFO - [盘后观察] 513100.SS 成本价=2.254 盘后观察价=2.226 临时最高收盘价=2.267 收益率=-1.3% 买入评分=43 卖出评分=11 止损价=2.154；已写入临时风险状态，次日盘前确认并用最终T-1日线纠正
2026-08-13 15:30:03 - INFO - [盘后观察] 513500.SS 成本价=2.561 盘后观察价=2.711 临时最高收盘价=2.716 收益率=5.9% 买入评分=31 卖出评分=0 止损价=2.580；已写入临时风险状态，次日盘前确认并用最终T-1日线纠正
2026-08-13 15:30:04 - INFO - ============================================================
2026-08-14 09:10:01 - INFO - [盘前收盘确认] 513050.SS 区间=2026-08-13~2026-08-13 交易日数=1 零成交量日数=0 确认前最高收盘价=1.189000 已确认最高收盘价=1.189000
2026-08-14 09:10:04 - INFO - [盘前收盘确认] 513100.SS 区间=2026-08-13~2026-08-13 交易日数=1 零成交量日数=0 确认前最高收盘价=2.267000 已确认最高收盘价=2.267000
2026-08-14 09:10:05 - INFO - [盘前收盘确认] 513500.SS 区间=2026-08-13~2026-08-13 交易日数=1 零成交量日数=0 确认前最高收盘价=2.716000 已确认最高收盘价=2.716000
2026-08-14 09:10:07 - INFO - [PTrade框架g] 状态=未提供 代次=不适用 原因=未发现持久状态元数据
2026-08-14 09:10:08 - INFO - [连续状态恢复] 来源=状态台账 代次=56
2026-08-14 09:10:09 - INFO - [持仓风险恢复] 来源=状态台账
2026-08-14 09:10:09 - INFO - [持仓风险恢复] 代码=513050.SS 数量=4800 成本=1.135100 买入日期=2026-07-30 ATR=0.038214 持仓最高收盘价=1.189000 状态=已验证 来源=状态台账
2026-08-14 09:10:09 - INFO - [持仓风险恢复] 代码=513100.SS 数量=400 成本=2.254300 买入日期=2026-08-05 ATR=0.038500 持仓最高收盘价=2.267000 状态=已验证 来源=状态台账
2026-08-14 09:10:10 - INFO - [持仓风险恢复] 代码=513500.SS 数量=4200 成本=2.561100 买入日期=2026-07-16 ATR=0.025429 持仓最高收盘价=2.716000 状态=已验证 来源=状态台账
2026-08-14 09:35:00 - INFO - [交易日开始] 执行日期=2026-08-14 信号日期=2026-08-13 策略=cross-v0.3.2 是否调仓=是
2026-08-14 09:35:00 - INFO - [阶段1/5][风险检查] 检查当前持仓ATR止损
2026-08-14 09:35:00 - INFO - [阶段2/5][全池评分] ETF总数=9 停牌跳过=1
2026-08-14 09:35:00 - INFO - [评分跳过汇总] 停牌=1
2026-08-14 09:35:00 - INFO - [阶段3/5][信号摘要] 有效评分=8
2026-08-14 09:35:00 - INFO - [候选#1] 代码=513050.SS 买入评分=31 反转评分=0 位置评分=17 趋势评分=14 量能评分=0 卖出评分=44 收盘价=1.115
2026-08-14 09:35:01 - DEBUG - [指标明细][候选#1][513050.SS] RSI[6/12/24]=33.4/46.5/49.5 MACD[DIF/DEA/HIST]=0.0175/0.0210/-0.0070 KDJ[K/D/J]=33.1/53.5/-7.7 BOLL[U/M/L]=1.206/1.133/1.060 MA[5/10/20/60]=1.149/1.160/1.133/1.094 VOL[5/20]=1910679080/2576046450 ATR14=0.0293 DMI[+DI/-DI/ADX]=29.7/13.7/21.2 RSI_DIFF[6-12/6-24]=-13.1/-16.1(前值 -10.0/-10.7) MACD_DIFF[DIF-DEA]=-0.0035(前值 -0.0001) KDJ_DIFF[K-D/J-D]=-20.4/-61.2(前值 -14.6/-43.9)
2026-08-14 09:35:02 - INFO - [候选#2] 代码=159928.SZ 买入评分=27 反转评分=0 位置评分=7 趋势评分=20 量能评分=0 卖出评分=22 收盘价=0.684
2026-08-14 09:35:02 - DEBUG - [指标明细][候选#2][159928.SZ] RSI[6/12/24]=56.6/57.1/54.1 MACD[DIF/DEA/HIST]=0.0084/0.0086/-0.0005 KDJ[K/D/J]=51.7/52.4/50.3 BOLL[U/M/L]=0.701/0.676/0.652 MA[5/10/20/60]=0.682/0.682/0.676/0.656 VOL[5/20]=568236288/644694276 ATR14=0.0129 DMI[+DI/-DI/ADX]=27.6/13.3/43.5 RSI_DIFF[6-12/6-24]=-0.5/2.5(前值 -1.2/1.6) MACD_DIFF[DIF-DEA]=-0.0003(前值 -0.0002) KDJ_DIFF[K-D/J-D]=-0.7/-2.0(前值 -2.3/-6.9)
2026-08-14 09:35:02 - INFO - [候选#3] 代码=159985.SZ 买入评分=26 反转评分=0 位置评分=17 趋势评分=9 量能评分=0 卖出评分=0 收盘价=2.126
2026-08-14 09:35:02 - DEBUG - [指标明细][候选#3][159985.SZ] RSI[6/12/24]=50.0/49.2/50.7 MACD[DIF/DEA/HIST]=-0.0015/0.0041/-0.0113 KDJ[K/D/J]=65.4/49.5/97.1 BOLL[U/M/L]=2.268/2.148/2.028 MA[5/10/20/60]=2.125/2.113/2.148/2.090 VOL[5/20]=102413998/216267135 ATR14=0.0394 DMI[+DI/-DI/ADX]=7.7/24.8/22.7 RSI_DIFF[6-12/6-24]=0.8/-0.7(前值 -3.4/-6.1) MACD_DIFF[DIF-DEA]=-0.0056(前值 -0.0071) KDJ_DIFF[K-D/J-D]=15.9/47.6(前值 14.9/44.8)
2026-08-14 09:35:02 - INFO - [候选#4] 代码=513500.SS 买入评分=24 反转评分=0 位置评分=0 趋势评分=20 量能评分=4 卖出评分=0 收盘价=2.711
2026-08-14 09:35:02 - DEBUG - [指标明细][候选#4][513500.SS] RSI[6/12/24]=77.7/71.9/65.2 MACD[DIF/DEA/HIST]=0.0510/0.0329/0.0361 KDJ[K/D/J]=89.8/86.6/96.2 BOLL[U/M/L]=2.761/2.579/2.396 MA[5/10/20/60]=2.703/2.650/2.579/2.548 VOL[5/20]=190621998/174572982 ATR14=0.0409 DMI[+DI/-DI/ADX]=50.7/10.0/32.1 RSI_DIFF[6-12/6-24]=5.9/12.5(前值 4.8/10.9) MACD_DIFF[DIF-DEA]=0.0180(前值 0.0199) KDJ_DIFF[K-D/J-D]=3.2/9.6(前值 5.7/17.1)
2026-08-14 09:35:02 - INFO - [候选#5] 代码=518880.SS 买入评分=24 反转评分=0 位置评分=0 趋势评分=20 量能评分=4 卖出评分=6 收盘价=9.042
2026-08-14 09:35:03 - DEBUG - [指标明细][候选#5][518880.SS] RSI[6/12/24]=77.9/69.8/57.2 MACD[DIF/DEA/HIST]=0.1137/0.0288/0.1698 KDJ[K/D/J]=85.2/79.2/97.3 BOLL[U/M/L]=9.140/8.600/8.060 MA[5/10/20/60]=9.010/8.774/8.600/8.751 VOL[5/20]=683306800/459554756 ATR14=0.1277 DMI[+DI/-DI/ADX]=57.0/13.1/27.1 RSI_DIFF[6-12/6-24]=8.1/20.7(前值 14.8/30.3) MACD_DIFF[DIF-DEA]=0.0849(前值 0.0907) KDJ_DIFF[K-D/J-D]=6.1/18.2(前值 9.5/28.4)
2026-08-14 09:35:03 - INFO - [上穿信号] 全部标的均未出现
2026-08-14 09:35:03 - INFO - [宽松反转] 数量=7
2026-08-14 09:35:03 - INFO - [宽松反转#1] 代码=159985.SZ 转强数=3 买入评分=26 反转评分=0 转强=RSI,MACD,KDJ
2026-08-14 09:35:03 - DEBUG - [指标明细][宽松反转#1][159985.SZ] RSI转强=True RSI变化=6.35 MACD转强=True DIF变化=0.0000 KDJ转强=True K值变化=8.85 J值变化=10.67 RSI[6/12/24]=50.0/49.2/50.7 MACD[DIF/DEA/HIST]=-0.0015/0.0041/-0.0113 KDJ[K/D/J]=65.4/49.5/97.1 BOLL[U/M/L]=2.268/2.148/2.028 MA[5/10/20/60]=2.125/2.113/2.148/2.090 VOL[5/20]=102413998/216267135 ATR14=0.0394 DMI[+DI/-DI/ADX]=7.7/24.8/22.7 RSI_DIFF[6-12/6-24]=0.8/-0.7(前值 -3.4/-6.1) MACD_DIFF[DIF-DEA]=-0.0056(前值 -0.0071) KDJ_DIFF[K-D/J-D]=15.9/47.6(前值 14.9/44.8)
2026-08-14 09:35:03 - INFO - [宽松反转#2] 代码=159928.SZ 转强数=2 买入评分=27 反转评分=0 转强=RSI,KDJ
2026-08-14 09:35:03 - DEBUG - [指标明细][宽松反转#2][159928.SZ] RSI转强=True RSI变化=1.12 MACD转强=False DIF变化=-0.0002 KDJ转强=True K值变化=1.29 J值变化=4.55 RSI[6/12/24]=56.6/57.1/54.1 MACD[DIF/DEA/HIST]=0.0084/0.0086/-0.0005 KDJ[K/D/J]=51.7/52.4/50.3 BOLL[U/M/L]=0.701/0.676/0.652 MA[5/10/20/60]=0.682/0.682/0.676/0.656 VOL[5/20]=568236288/644694276 ATR14=0.0129 DMI[+DI/-DI/ADX]=27.6/13.3/43.5 RSI_DIFF[6-12/6-24]=-0.5/2.5(前值 -1.2/1.6) MACD_DIFF[DIF-DEA]=-0.0003(前值 -0.0002) KDJ_DIFF[K-D/J-D]=-0.7/-2.0(前值 -2.3/-6.9)
2026-08-14 09:35:03 - INFO - [宽松反转#3] 代码=513500.SS 转强数=2 买入评分=24 反转评分=0 转强=RSI,MACD
2026-08-14 09:35:03 - DEBUG - [指标明细][宽松反转#3][513500.SS] RSI转强=True RSI变化=2.48 MACD转强=True DIF变化=0.0026 KDJ转强=False K值变化=-0.92 J值变化=-5.95 RSI[6/12/24]=77.7/71.9/65.2 MACD[DIF/DEA/HIST]=0.0510/0.0329/0.0361 KDJ[K/D/J]=89.8/86.6/96.2 BOLL[U/M/L]=2.761/2.579/2.396 MA[5/10/20/60]=2.703/2.650/2.579/2.548 VOL[5/20]=190621998/174572982 ATR14=0.0409 DMI[+DI/-DI/ADX]=50.7/10.0/32.1 RSI_DIFF[6-12/6-24]=5.9/12.5(前值 4.8/10.9) MACD_DIFF[DIF-DEA]=0.0180(前值 0.0199) KDJ_DIFF[K-D/J-D]=3.2/9.6(前值 5.7/17.1)
2026-08-14 09:35:03 - INFO - [宽松反转#4] 代码=513880.SS 转强数=2 买入评分=20 反转评分=0 转强=RSI,MACD
2026-08-14 09:35:03 - DEBUG - [指标明细][宽松反转#4][513880.SS] RSI转强=True RSI变化=1.43 MACD转强=True DIF变化=0.0057 KDJ转强=False K值变化=-1.05 J值变化=-8.75 RSI[6/12/24]=69.6/58.5/54.0 MACD[DIF/DEA/HIST]=0.0068/-0.0146/0.0428 KDJ[K/D/J]=89.7/84.1/100.9 BOLL[U/M/L]=2.229/2.076/1.923 MA[5/10/20/60]=2.168/2.127/2.076/2.157 VOL[5/20]=90617047/149428491 ATR14=0.0580 DMI[+DI/-DI/ADX]=32.2/15.4/23.3 RSI_DIFF[6-12/6-24]=11.1/15.6(前值 10.4/14.6) MACD_DIFF[DIF-DEA]=0.0214(前值 0.0211) KDJ_DIFF[K-D/J-D]=5.6/16.8(前值 9.5/28.4)
2026-08-14 09:35:03 - INFO - [宽松反转#5] 代码=518880.SS 转强数=1 买入评分=24 反转评分=0 转强=MACD
2026-08-14 09:35:03 - DEBUG - [指标明细][宽松反转#5][518880.SS] RSI转强=False RSI变化=-11.37 MACD转强=True DIF变化=0.0155 KDJ转强=False K值变化=-0.37 J值变化=-7.17 RSI[6/12/24]=77.9/69.8/57.2 MACD[DIF/DEA/HIST]=0.1137/0.0288/0.1698 KDJ[K/D/J]=85.2/79.2/97.3 BOLL[U/M/L]=9.140/8.600/8.060 MA[5/10/20/60]=9.010/8.774/8.600/8.751 VOL[5/20]=683306800/459554756 ATR14=0.1277 DMI[+DI/-DI/ADX]=57.0/13.1/27.1 RSI_DIFF[6-12/6-24]=8.1/20.7(前值 14.8/30.3) MACD_DIFF[DIF-DEA]=0.0849(前值 0.0907) KDJ_DIFF[K-D/J-D]=6.1/18.2(前值 9.5/28.4)
2026-08-14 09:35:03 - INFO - [阶段4/5][卖出评估] 当前持仓=3
2026-08-14 09:35:03 - INFO - [卖出] 513050.SS 原因=卖出分 44 数量=4800 限价=1.004
2026-08-14 09:35:03 - INFO - [卖出委托] 513050.SS 委托编号=d3401f502f8c4cbd995f84d2e5f11583
2026-08-14 09:35:03 - INFO - [订单生命周期] 事件=已提交 来源=策略下单 方向=卖出 代码=513050.SS 委托编号=d3401f502f8c4cbd995f84d2e5f11583 请求数量=4800 累计成交=0 剩余数量=4800 耗时=0.005秒 状态=进行中
2026-08-14 09:35:03 - INFO - [阶段5/5][买入评估] 使用冻结候选执行买入筛选
2026-08-14 09:35:03 - INFO - [买入延后] 正在等待1笔卖出委托完成
2026-08-14 09:35:03 - INFO - [交易日汇总] 有效评分=8 上穿标的=0 宽松反转标的=7 ATR止损触发=0 新提交卖单=1 新提交买单=0 待卖委托=1 待买委托=0 延后买入=是
2026-08-14 09:35:03 - INFO - [交易日结束] 执行日期=2026-08-14
2026-08-14 09:35:03 - INFO - [成交主推入口] 实盘标志=是 记录数=1
2026-08-14 09:35:03 - INFO - [成交主推明细] 序号=1 类型=dict 代码=513050.SS 方向=2 成交数量=-1400 成交价格=1.099 成交额=-1538.6 order_id=d3401f502f8c4cbd995f84d2e5f11583 委托号=635022089 成交编号=6351292 委托状态=7 成交类型=0 成交状态=0 撤单原委托号=0 废单原因=  成交时间=2026-08-14 09:35:03
2026-08-14 09:35:03 - INFO - [订单生命周期] 事件=部分成交 来源=成交主推 方向=卖出 代码=513050.SS 委托编号=d3401f502f8c4cbd995f84d2e5f11583 请求数量=4800 累计成交=1400 剩余数量=3400 耗时=0.101秒 状态=进行中
2026-08-14 09:35:03 - INFO - [成交回报] 卖出 513050.SS 数量=1400 价格=1.099 累计成交=1400
2026-08-14 09:35:03 - INFO - [成交主推入口] 实盘标志=是 记录数=1
2026-08-14 09:35:03 - INFO - [成交主推明细] 序号=1 类型=dict 代码=513050.SS 方向=2 成交数量=-3400 成交价格=1.099 成交额=-3736.6 order_id=d3401f502f8c4cbd995f84d2e5f11583 委托号=635022089 成交编号=6351293 委托状态=8 成交类型=0 成交状态=0 撤单原委托号=0 废单原因=  成交时间=2026-08-14 09:35:03
2026-08-14 09:35:03 - INFO - [订单生命周期] 事件=成交完成 来源=成交主推 方向=卖出 代码=513050.SS 委托编号=d3401f502f8c4cbd995f84d2e5f11583 请求数量=4800 累计成交=4800 剩余数量=0 耗时=0.110秒 状态=已完成
2026-08-14 09:35:03 - INFO - [成交回报] 卖出 513050.SS 数量=3400 价格=1.099 累计成交=4800
2026-08-14 09:35:03 - INFO - [成交主推] 卖出已确认完成，立即恢复延后买入评估 当前现金=132.63 确认卖出释放=5275.20 可用现金=5407.83
2026-08-14 09:35:03 - INFO - [cross-v0.3.2] 没有达到阈值的买入候选
2026-08-14 09:35:03 - INFO - [买入筛选汇总] 来源=成交主推 总数=8 通过=0 评分不足=8 已有持仓或待买=1 卖出风险过高=1 缺少新鲜低位=4 冲突组合=0 禁止买入=0 当日已卖出=1 当日买入失败=0
2026-08-14 09:35:03 - DEBUG - [买入筛选明细] 来源=成交主推 代码=513050.SS 买入评分=31 卖出评分=44 原因=评分不足(31<60),卖出风险过高(44>=30),当日已卖出
2026-08-14 09:35:03 - DEBUG - [买入筛选明细] 来源=成交主推 代码=159928.SZ 买入评分=27 卖出评分=22 原因=评分不足(27<60)
2026-08-14 09:35:03 - DEBUG - [买入筛选明细] 来源=成交主推 代码=159985.SZ 买入评分=26 卖出评分=0 原因=评分不足(26<60)
2026-08-14 09:35:03 - DEBUG - [买入筛选明细] 来源=成交主推 代码=513500.SS 买入评分=24 卖出评分=0 原因=评分不足(24<60),缺少新鲜低位,已有持仓或待买
2026-08-14 09:35:03 - DEBUG - [买入筛选明细] 来源=成交主推 代码=518880.SS 买入评分=24 卖出评分=6 原因=评分不足(24<60),缺少新鲜低位
2026-08-14 09:35:03 - DEBUG - [买入筛选明细] 来源=成交主推 代码=513880.SS 买入评分=20 卖出评分=0 原因=评分不足(20<60),缺少新鲜低位
2026-08-14 09:35:03 - DEBUG - [买入筛选明细] 来源=成交主推 代码=159915.SZ 买入评分=4 卖出评分=0 原因=评分不足(4<60)
2026-08-14 09:35:03 - DEBUG - [买入筛选明细] 来源=成交主推 代码=512100.SS 买入评分=0 卖出评分=0 原因=评分不足(0<60),缺少新鲜低位
2026-08-14 09:35:03 - INFO - [成交主推] 本次未提交补买委托，保留09:36主动核对
2026-08-14 09:36:00 - INFO - [成交兜底] 卖出已确认完成，立即恢复延后买入评估 当前现金=5407.33 确认卖出释放=5275.20 可用现金=5407.83
2026-08-14 09:36:00 - INFO - [cross-v0.3.2] 没有达到阈值的买入候选
2026-08-14 09:36:00 - INFO - [买入筛选汇总] 来源=成交兜底 总数=8 通过=0 评分不足=8 已有持仓或待买=1 卖出风险过高=1 缺少新鲜低位=4 冲突组合=0 禁止买入=0 当日已卖出=1 当日买入失败=0
2026-08-14 09:36:00 - DEBUG - [买入筛选明细] 来源=成交兜底 代码=513050.SS 买入评分=31 卖出评分=44 原因=评分不足(31<60),卖出风险过高(44>=30),当日已卖出
2026-08-14 09:36:00 - DEBUG - [买入筛选明细] 来源=成交兜底 代码=159928.SZ 买入评分=27 卖出评分=22 原因=评分不足(27<60)
2026-08-14 09:36:00 - DEBUG - [买入筛选明细] 来源=成交兜底 代码=159985.SZ 买入评分=26 卖出评分=0 原因=评分不足(26<60)
2026-08-14 09:36:01 - DEBUG - [买入筛选明细] 来源=成交兜底 代码=513500.SS 买入评分=24 卖出评分=0 原因=评分不足(24<60),缺少新鲜低位,已有持仓或待买
2026-08-14 09:36:01 - DEBUG - [买入筛选明细] 来源=成交兜底 代码=518880.SS 买入评分=24 卖出评分=6 原因=评分不足(24<60),缺少新鲜低位
2026-08-14 09:36:02 - DEBUG - [买入筛选明细] 来源=成交兜底 代码=513880.SS 买入评分=20 卖出评分=0 原因=评分不足(20<60),缺少新鲜低位
2026-08-14 09:36:02 - DEBUG - [买入筛选明细] 来源=成交兜底 代码=159915.SZ 买入评分=4 卖出评分=0 原因=评分不足(4<60)
2026-08-14 09:36:02 - DEBUG - [买入筛选明细] 来源=成交兜底 代码=512100.SS 买入评分=0 卖出评分=0 原因=评分不足(0<60),缺少新鲜低位
2026-08-14 10:35:00 - INFO - [复牌评分] 来源=10:35复牌/卖单补偿 信号日期=2026-08-13 代码=513100.SS 买入评分=39 反转评分=12 位置评分=7 趋势评分=20 量能评分=0 卖出评分=11 买入筛选=拒绝:评分不足(39<60),已有持仓或待买
2026-08-14 10:35:00 - INFO - [复牌交叉] 来源=10:35复牌/卖单补偿 信号日期=2026-08-13 代码=513100.SS 上穿=RSI6上穿RSI12(近3日有效,距发生1个交易日) 下穿=K下穿D(近3日有效,距发生1个交易日),J下穿D(近3日有效,距发生1个交易日)
2026-08-14 10:35:00 - DEBUG - [指标明细][复牌评分][513100.SS] 信号日期=2026-08-13 RSI6上穿RSI12=是 RSI6上穿RSI24=否 DIF上穿DEA=否 K上穿D=否 J上穿D=否 RSI6下穿RSI12=否 RSI6下穿RSI24=否 DIF下穿DEA=否 K下穿D=是 J下穿D=是 RSI[6/12/24]=58.3/57.5/55.4 MACD[DIF/DEA/HIST]=0.0231/0.0111/0.0239 KDJ[K/D/J]=71.2/75.0/63.7 BOLL[U/M/L]=2.302/2.157/2.011 MA[5/10/20/60]=2.239/2.214/2.157/2.187 VOL[5/20]=170050744/173307403 ATR14=0.0411 DMI[+DI/-DI/ADX]=54.3/27.2/29.2 RSI_DIFF[6-12/6-24]=0.8/3.0(前值 0.8/3.0) MACD_DIFF[DIF-DEA]=0.0120(前值 0.0144) KDJ_DIFF[K-D/J-D]=-3.7/-11.2(前值 -1.4/-4.1)
2026-08-14 10:35:00 - INFO - [复牌补偿] 已复牌=513100.SS，已执行延后卖出与买入评估
2026-08-14 10:35:01 - INFO - [cross-v0.3.2] 没有达到阈值的买入候选
2026-08-14 10:35:02 - INFO - [买入筛选汇总] 来源=10:35复牌/卖单补偿 总数=9 通过=0 评分不足=9 已有持仓或待买=2 卖出风险过高=1 缺少新鲜低位=4 冲突组合=0 禁止买入=0 当日已卖出=1 当日买入失败=0
2026-08-14 10:35:02 - DEBUG - [买入筛选明细] 来源=10:35复牌/卖单补偿 代码=513100.SS 买入评分=39 卖出评分=11 原因=评分不足(39<60),已有持仓或待买
2026-08-14 10:35:02 - DEBUG - [买入筛选明细] 来源=10:35复牌/卖单补偿 代码=513050.SS 买入评分=31 卖出评分=44 原因=评分不足(31<60),卖出风险过高(44>=30),当日已卖出
2026-08-14 10:35:02 - DEBUG - [买入筛选明细] 来源=10:35复牌/卖单补偿 代码=159928.SZ 买入评分=27 卖出评分=22 原因=评分不足(27<60)
2026-08-14 10:35:03 - DEBUG - [买入筛选明细] 来源=10:35复牌/卖单补偿 代码=159985.SZ 买入评分=26 卖出评分=0 原因=评分不足(26<60)
2026-08-14 10:35:03 - DEBUG - [买入筛选明细] 来源=10:35复牌/卖单补偿 代码=513500.SS 买入评分=24 卖出评分=0 原因=评分不足(24<60),缺少新鲜低位,已有持仓或待买
2026-08-14 10:35:03 - DEBUG - [买入筛选明细] 来源=10:35复牌/卖单补偿 代码=518880.SS 买入评分=24 卖出评分=6 原因=评分不足(24<60),缺少新鲜低位
2026-08-14 10:35:03 - DEBUG - [买入筛选明细] 来源=10:35复牌/卖单补偿 代码=513880.SS 买入评分=20 卖出评分=0 原因=评分不足(20<60),缺少新鲜低位
2026-08-14 10:35:03 - DEBUG - [买入筛选明细] 来源=10:35复牌/卖单补偿 代码=159915.SZ 买入评分=4 卖出评分=0 原因=评分不足(4<60)
2026-08-14 10:35:03 - DEBUG - [买入筛选明细] 来源=10:35复牌/卖单补偿 代码=512100.SS 买入评分=0 卖出评分=0 原因=评分不足(0<60),缺少新鲜低位
2026-08-14 15:30:00 - INFO - [盘后委托核对] 未发现未完成委托
2026-08-14 15:30:01 - INFO - [订单生命周期汇总] 来源=盘后 待买委托=0 待卖委托=0 延后买入=否 委托状态未知=否
2026-08-14 15:30:02 - INFO - ============================================================
2026-08-14 15:30:03 - INFO - [cross-v0.3.2 收盘] 总资产=17980.52 可用资金=407.32 持仓数=2/3
2026-08-14 15:30:03 - INFO - [盘后观察] 513100.SS 成本价=2.254 盘后观察价=2.264 临时最高收盘价=2.267 收益率=0.4% 买入评分=39 卖出评分=11 止损价=2.154；已写入临时风险状态，次日盘前确认并用最终T-1日线纠正
2026-08-14 15:30:03 - INFO - [盘后观察] 513500.SS 成本价=2.561 盘后观察价=2.778 临时最高收盘价=2.778 收益率=8.5% 买入评分=24 卖出评分=0 止损价=2.639；已写入临时风险状态，次日盘前确认并用最终T-1日线纠正
2026-08-14 15:30:03 - INFO - ============================================================
2026-08-15 09:10:00 - INFO - [盘前收盘确认] 513100.SS 区间=2026-08-14~2026-08-14 交易日数=1 零成交量日数=0 确认前最高收盘价=2.267000 已确认最高收盘价=2.267000
2026-08-15 09:10:00 - INFO - [盘前收盘确认] 513500.SS 区间=2026-08-14~2026-08-14 交易日数=1 零成交量日数=0 确认前最高收盘价=2.716000 已确认最高收盘价=2.778000
2026-08-15 09:10:02 - INFO - [PTrade框架g] 状态=未提供 代次=不适用 原因=未发现持久状态元数据
2026-08-15 09:10:03 - INFO - [连续状态恢复] 来源=状态台账 代次=56
2026-08-15 09:10:05 - INFO - [持仓风险恢复] 来源=状态台账
2026-08-15 09:10:07 - INFO - [持仓风险恢复] 代码=513100.SS 数量=400 成本=2.254300 买入日期=2026-08-05 ATR=0.038500 持仓最高收盘价=2.267000 状态=已验证 来源=状态台账
2026-08-15 09:10:07 - INFO - [持仓风险恢复] 代码=513500.SS 数量=4200 成本=2.561100 买入日期=2026-07-16 ATR=0.025429 持仓最高收盘价=2.778000 状态=已验证 来源=状态台账
