date,open,close,high,low,volume
2014-01-02,2323.430,2321.980,2325.990,2310.650,45194291.000
2014-01-03,2311.970,2290.780,2314.840,2280.890,59782645.000
2014-01-06,2286.370,2238.640,2286.370,2229.330,66300403.000
2014-01-07,2222.310,2238.000,2246.790,2218.650,43753103.000
2014-01-08,2240.640,2241.910,2262.580,2228.420,51348854.000
2014-01-09,2236.970,2222.220,2258.890,2220.800,55987041.000
2014-01-10,2216.520,2204.850,2224.490,2200.220,54169293.000
2014-01-13,2207.000,2193.680,2222.070,2183.600,50122772.000
2014-01-14,2192.840,2212.850,2214.120,2179.910,54049947.000
2014-01-15,2210.020,2208.940,2215.900,2193.800,48962395.000
2014-01-16,2209.450,2211.840,2227.260,2201.560,52298902.000
2014-01-17,2203.820,2178.490,2205.970,2175.880,50273155.000
2014-01-20,2173.650,2165.990,2182.460,2156.460,40560154.000
2014-01-21,2168.420,2187.410,2197.920,2168.420,40306247.000
2014-01-22,2190.430,2243.800,2244.130,2187.530,70641375.000
2014-01-23,2242.250,2231.890,2248.920,2228.060,56345951.000
2014-01-24,2225.760,2245.680,2257.350,2222.890,61167670.000
2014-01-27,2233.010,2215.920,2233.230,2211.800,70344246.000
2014-01-28,2220.780,2219.850,2233.260,2205.970,53269130.000
2014-01-29,2225.710,2227.780,2233.060,2219.930,50222717.000
2014-01-30,2223.160,2202.450,2223.160,2200.220,43632304.000
2014-02-07,2187.340,2212.480,2212.500,2177.120,50459315.000
2014-02-10,2221.540,2267.530,2270.190,2221.540,83065716.000
2014-02-11,2267.740,2285.560,2296.520,2262.600,99229829.000
2014-02-12,2286.190,2291.250,2294.320,2276.440,76592161.000
2014-02-13,2288.450,2279.550,2307.470,2278.260,96217789.000
2014-02-14,2278.400,2295.570,2295.850,2274.430,67082997.000
2014-02-17,2308.790,2311.650,2315.580,2293.550,87831666.000
2014-02-18,2310.310,2282.440,2310.310,2276.110,87049743.000
2014-02-19,2280.930,2308.660,2317.420,2274.150,99352561.000
2014-02-20,2314.090,2287.440,2331.700,2286.200,106439533.000
2014-02-21,2284.030,2264.290,2287.870,2250.650,76368993.000
2014-02-24,2246.720,2214.510,2246.720,2194.160,89215939.000
2014-02-25,2216.510,2157.910,2225.210,2150.090,93237551.000
2014-02-26,2147.740,2163.410,2164.700,2137.080,77993297.000
2014-02-27,2170.810,2154.110,2180.060,2150.140,90104296.000
2014-02-28,2149.450,2178.970,2180.470,2133.550,76668057.000
2014-03-03,2173.910,2190.370,2194.220,2167.910,82072314.000
2014-03-04,2183.860,2184.270,2188.600,2161.590,73069250.000
2014-03-05,2187.350,2163.980,2189.090,2159.590,61332015.000
2014-03-06,2159.400,2173.630,2181.430,2136.450,69093767.000
2014-03-07,2170.040,2168.360,2189.390,2161.440,64265177.000
2014-03-10,2149.680,2097.790,2149.680,2095.070,71416407.000
2014-03-11,2092.610,2108.660,2118.790,2088.730,57621243.000
2014-03-12,2102.800,2114.130,2130.590,2090.760,70069747.000
2014-03-13,2119.550,2140.330,2149.440,2115.990,69226028.000
2014-03-14,2129.870,2122.840,2140.380,2109.570,58617737.000
2014-03-17,2132.790,2143.040,2143.200,2118.950,52409445.000
2014-03-18,2146.120,2138.130,2152.460,2134.920,55354132.000
2014-03-19,2131.280,2120.870,2131.280,2101.280,59303905.000
2014-03-20,2116.190,2086.970,2134.790,2086.500,67631285.000
2014-03-21,2079.870,2158.800,2163.230,2077.760,104024807.000
2014-03-24,2161.900,2176.550,2186.730,2150.870,104491984.000
2014-03-25,2170.780,2174.440,2191.490,2164.670,86877510.000
2014-03-26,2181.230,2171.050,2186.080,2165.220,58276176.000
2014-03-27,2168.340,2155.710,2186.890,2146.920,71275132.000
2014-03-28,2154.510,2151.970,2172.670,2144.580,70086073.000
2014-03-31,2156.050,2146.300,2165.250,2134.420,55457488.000
2014-04-01,2143.720,2163.110,2170.090,2141.150,48866403.000
2014-04-02,2166.070,2180.730,2182.680,2164.010,65039257.000
2014-04-03,2188.640,2165.010,2196.140,2160.750,71536032.000
2014-04-04,2157.980,2185.470,2186.150,2155.280,47945888.000
2014-04-08,2179.920,2237.320,2243.970,2178.910,97219117.000
2014-04-09,2239.790,2238.620,2246.790,2228.990,66357268.000
2014-04-10,2241.450,2273.760,2290.740,2229.510,114545405.000
2014-04-11,2269.560,2270.670,2281.100,2261.130,90615897.000
2014-04-14,2267.940,2268.610,2275.830,2255.460,62264998.000
2014-04-15,2261.410,2229.460,2261.470,2225.690,68218130.000
2014-04-16,2223.470,2232.530,2245.310,2221.150,51678010.000
2014-04-17,2238.780,2224.800,2241.620,2221.950,48333628.000
2014-04-18,2215.880,2224.480,2228.770,2203.050,50757995.000
2014-04-21,2209.940,2187.250,2231.710,2186.750,56278280.000
2014-04-22,2184.020,2196.790,2196.850,2165.070,57094694.000
2014-04-23,2191.230,2194.240,2205.590,2187.390,45197052.000
2014-04-24,2192.770,2190.470,2209.450,2186.760,45058911.000
2014-04-25,2195.810,2167.830,2201.710,2167.640,60245383.000
2014-04-28,2165.770,2134.970,2171.390,2132.700,60485187.000
2014-04-29,2134.410,2158.470,2159.380,2131.780,48204931.000
2014-04-30,2158.760,2158.660,2164.180,2153.120,45334624.000
2014-05-05,2152.590,2156.470,2161.700,2131.230,49344073.000
2014-05-06,2151.390,2157.330,2173.620,2150.110,48086519.000
2014-05-07,2151.470,2137.320,2153.720,2136.990,44607470.000
2014-05-08,2132.040,2135.500,2168.210,2128.320,48332452.000
2014-05-09,2138.840,2133.910,2141.560,2120.590,49181135.000
2014-05-12,2150.310,2180.050,2184.330,2139.480,83472560.000
2014-05-13,2180.060,2174.850,2185.050,2167.770,64912518.000
2014-05-14,2175.090,2172.370,2184.220,2169.000,48514206.000
2014-05-15,2169.280,2144.080,2171.450,2142.340,46734032.000
2014-05-16,2143.930,2145.950,2150.500,2132.190,42253197.000
2014-05-19,2139.360,2115.140,2139.360,2105.710,42893607.000
2014-05-20,2124.710,2115.770,2131.570,2110.720,37299683.000
2014-05-21,2106.760,2135.910,2136.100,2096.510,38946042.000
2014-05-22,2134.090,2130.870,2160.910,2128.860,46252736.000
2014-05-23,2130.770,2148.410,2148.580,2128.660,37623105.000
2014-05-26,2161.890,2155.980,2165.420,2147.450,39550656.000
2014-05-27,2154.400,2147.280,2160.030,2145.750,35897171.000
2014-05-28,2147.470,2169.350,2171.170,2142.010,50056260.000
2014-05-29,2171.260,2155.160,2178.090,2154.930,44891556.000
2014-05-30,2156.380,2156.460,2166.910,2146.220,43923863.000
2014-06-03,2157.640,2149.920,2169.000,2149.290,41982954.000
2014-06-04,2149.410,2128.270,2149.450,2117.310,41817249.000
2014-06-05,2126.610,2150.600,2150.930,2123.520,36477424.000
2014-06-06,2149.210,2134.720,2149.780,2123.980,35738058.000
2014-06-09,2128.230,2134.280,2153.900,2126.670,39311060.000
2014-06-10,2138.670,2161.270,2161.530,2132.450,50507902.000
2014-06-11,2156.150,2160.770,2163.610,2152.080,42563718.000
2014-06-12,2156.760,2153.410,2160.990,2148.410,43025843.000
2014-06-13,2150.990,2176.240,2183.650,2150.570,59252876.000
2014-06-16,2176.440,2191.850,2196.340,2174.280,63296875.000
2014-06-17,2185.680,2169.670,2185.680,2168.450,49933665.000
2014-06-18,2169.250,2160.240,2172.550,2158.500,49463897.000
2014-06-19,2161.430,2126.910,2166.410,2119.500,53162645.000
2014-06-20,2124.960,2136.730,2137.030,2120.810,42393719.000
2014-06-23,2137.930,2134.110,2147.230,2132.450,41179258.000
2014-06-24,2131.690,2144.820,2145.210,2130.290,40164356.000
2014-06-25,2141.730,2133.370,2141.730,2126.030,37666100.000
2014-06-26,2135.160,2149.080,2151.110,2134.890,44351166.000
2014-06-27,2146.370,2150.260,2159.530,2138.930,52722896.000
2014-06-30,2152.310,2165.120,2168.220,2152.310,54304188.000
2014-07-01,2169.200,2164.560,2171.150,2157.130,53323100.000
2014-07-02,2164.000,2170.870,2171.510,2155.610,59685501.000
2014-07-03,2169.000,2180.190,2184.960,2164.840,63690690.000
2014-07-04,2180.450,2178.700,2183.800,2174.070,52851106.000
2014-07-07,2178.550,2176.290,2186.200,2171.080,50242334.000
2014-07-08,2174.830,2180.470,2180.780,2163.360,50743599.000
2014-07-09,2178.140,2148.710,2178.510,2148.260,62022046.000
2014-07-10,2146.600,2142.850,2151.770,2139.520,55732497.000
2014-07-11,2136.320,2148.010,2154.740,2134.790,61374274.000
2014-07-14,2149.540,2171.760,2171.900,2145.280,66158863.000
2014-07-15,2170.090,2174.980,2176.270,2165.210,71815694.000
2014-07-16,2172.820,2170.870,2183.250,2166.770,81560230.000
2014-07-17,2166.830,2157.070,2166.930,2147.080,59453568.000
2014-07-18,2147.660,2164.140,2176.320,2145.450,65473295.000
2014-07-21,2164.220,2166.290,2171.940,2158.960,54172260.000
2014-07-22,2162.440,2192.700,2197.590,2162.240,78542583.000
2014-07-23,2191.390,2197.830,2210.280,2190.550,84213872.000
2014-07-24,2199.830,2237.010,2239.810,2199.830,119435534.000
2014-07-25,2243.070,2260.450,2260.890,2239.070,98972838.000
2014-07-28,2272.380,2323.900,2331.470,2272.380,179869333.000
2014-07-29,2326.040,2331.370,2342.770,2316.220,134269641.000
2014-07-30,2324.690,2322.010,2339.040,2316.060,123022832.000
2014-07-31,2321.970,2350.250,2350.550,2316.580,110987769.000
2014-08-01,2341.230,2329.400,2371.500,2328.970,126317390.000
2014-08-04,2336.630,2375.620,2375.620,2332.140,116713754.000
2014-08-05,2376.800,2369.350,2380.770,2353.790,111861789.000
2014-08-06,2358.210,2363.220,2371.670,2334.330,116341829.000
2014-08-07,2363.610,2327.460,2369.200,2326.270,116729210.000
2014-08-08,2329.180,2331.130,2339.270,2319.290,86739694.000
2014-08-11,2338.010,2365.350,2367.000,2337.010,91601171.000
2014-08-12,2361.170,2357.050,2361.170,2344.720,91822608.000
2014-08-13,2358.460,2358.900,2370.510,2335.690,110447789.000
2014-08-14,2357.200,2335.950,2363.180,2334.080,97969493.000
2014-08-15,2337.990,2360.640,2366.900,2333.120,93592546.000
2014-08-18,2366.270,2374.560,2379.800,2361.200,104509554.000
2014-08-19,2378.890,2374.770,2379.470,2358.970,115850020.000
2014-08-20,2371.650,2366.140,2375.480,2360.840,101288088.000
2014-08-21,2365.730,2354.240,2367.460,2333.300,100690211.000
2014-08-22,2352.320,2365.360,2368.460,2350.990,89823938.000
2014-08-25,2367.020,2342.860,2367.610,2338.460,97373717.000
2014-08-26,2339.600,2324.090,2350.390,2317.180,93844222.000
2014-08-27,2323.790,2327.590,2336.740,2322.890,67676221.000
2014-08-28,2328.060,2311.280,2336.360,2309.640,70490655.000
2014-08-29,2317.300,2338.290,2338.770,2313.260,63211423.000
2014-09-01,2340.930,2355.320,2355.550,2338.530,77320870.000
2014-09-02,2359.860,2386.460,2387.660,2349.950,114436733.000
2014-09-03,2389.690,2408.840,2414.260,2389.680,129734204.000
2014-09-04,2411.930,2426.220,2427.300,2404.080,111272298.000
2014-09-05,2433.170,2449.260,2450.630,2427.990,133551764.000
2014-09-09,2452.230,2445.220,2454.890,2437.080,118194344.000
2014-09-10,2435.590,2432.430,2437.080,2422.650,109175517.000
2014-09-11,2430.680,2423.450,2461.470,2417.270,132982583.000
2014-09-12,2418.750,2438.360,2438.360,2412.620,109160170.000
2014-09-15,2433.000,2437.190,2439.250,2418.960,122247159.000
2014-09-16,2440.340,2388.760,2442.920,2386.980,186742791.000
2014-09-17,2395.360,2401.330,2405.370,2379.090,125269028.000
2014-09-18,2396.380,2408.660,2414.950,2389.620,115926376.000
2014-09-19,2409.310,2425.210,2430.150,2402.310,101813577.000
2014-09-22,2419.330,2378.920,2419.330,2374.110,102240870.000
2014-09-23,2379.520,2399.460,2402.480,2379.520,84033341.000
2014-09-24,2391.420,2441.860,2443.980,2387.070,142713530.000
2014-09-25,2453.420,2436.970,2462.670,2429.590,138661891.000
2014-09-26,2430.810,2437.200,2439.650,2420.500,100299494.000
2014-09-29,2443.910,2447.800,2453.670,2435.610,123401727.000
2014-09-30,2452.170,2450.990,2454.890,2444.200,115804229.000
2014-10-08,2460.870,2478.380,2478.380,2445.270,121953604.000
2014-10-09,2480.200,2481.960,2488.110,2461.110,137923920.000
2014-10-10,2472.100,2466.790,2482.140,2457.680,147634307.000
2014-10-13,2457.410,2454.950,2460.390,2430.550,131593362.000
2014-10-14,2451.090,2446.560,2467.900,2436.340,127393705.000
2014-10-15,2444.540,2463.870,2465.500,2431.190,135801882.000
2014-10-16,2448.970,2444.400,2480.300,2441.820,158166603.000
2014-10-17,2443.220,2441.730,2456.100,2410.400,132759988.000
2014-10-20,2448.450,2454.710,2456.620,2441.900,91435401.000
2014-10-21,2453.410,2433.390,2459.250,2432.550,96241912.000
2014-10-22,2434.890,2418.640,2447.470,2417.560,88656193.000
2014-10-23,2415.440,2395.940,2424.660,2392.530,103491839.000
2014-10-24,2397.850,2390.710,2404.990,2385.730,74974869.000
2014-10-27,2377.540,2368.830,2377.540,2361.680,73862447.000
2014-10-28,2373.160,2416.650,2416.770,2373.160,101523055.000
2014-10-29,2423.810,2451.380,2461.270,2415.700,158584062.000
2014-10-30,2450.360,2468.930,2474.380,2443.760,189626353.000
2014-10-31,2473.500,2508.320,2512.190,2466.500,239172412.000
2014-11-03,2515.820,2512.550,2524.170,2502.060,205801228.000
2014-11-04,2511.040,2513.170,2517.460,2498.600,218247005.000
2014-11-05,2516.870,2503.450,2519.400,2499.230,190491862.000
2014-11-06,2505.170,2506.070,2510.990,2482.980,149651117.000
2014-11-07,2508.760,2502.150,2541.550,2489.420,208760911.000
2014-11-10,2529.830,2565.730,2565.730,2514.710,226599735.000
2014-11-11,2578.440,2558.610,2602.370,2532.570,323711656.000
2014-11-12,2545.400,2594.320,2594.320,2539.600,184686261.000
2014-11-13,2597.390,2579.750,2607.520,2567.460,219815615.000
2014-11-14,2569.210,2581.090,2581.930,2557.670,165049965.000
2014-11-17,2613.510,2567.100,2614.090,2565.940,158478095.000
2014-11-18,2565.270,2541.420,2570.210,2534.930,142941356.000
2014-11-19,2538.230,2537.220,2550.500,2531.320,122146974.000
2014-11-20,2528.780,2537.100,2545.470,2522.840,106149864.000
2014-11-21,2537.540,2583.460,2585.360,2530.030,151028139.000
2014-11-24,2614.160,2649.260,2667.670,2602.940,279839720.000
2014-11-25,2650.080,2685.560,2686.060,2643.840,222611699.000
2014-11-26,2695.260,2723.020,2723.360,2690.310,243962485.000
2014-11-27,2737.030,2754.490,2754.490,2718.700,265464730.000
2014-11-28,2753.930,2808.820,2809.540,2740.370,375323662.000
2014-12-01,2825.610,2819.810,2855.330,2808.650,365487417.000
2014-12-02,2807.340,2923.940,2944.510,2804.290,361465322.000
2014-12-03,2936.120,2967.550,3028.230,2912.250,466156685.000
2014-12-04,2975.400,3104.350,3104.890,2968.880,426812928.000
2014-12-05,3143.970,3124.890,3195.800,3011.940,524881260.000
2014-12-08,3108.270,3252.880,3270.880,3075.700,484462344.000
2014-12-09,3233.100,3106.910,3387.830,3074.520,632874567.000
2014-12-10,3120.210,3221.550,3229.050,3058.190,425018708.000
2014-12-11,3185.160,3183.010,3254.420,3158.440,367091691.000
2014-12-12,3182.920,3193.230,3239.450,3167.930,301065325.000
2014-12-15,3176.830,3217.230,3226.220,3143.300,290193834.000
2014-12-16,3221.360,3303.400,3303.400,3207.690,358123847.000
2014-12-17,3325.820,3360.600,3368.190,3275.740,448140770.000
2014-12-18,3359.090,3345.930,3393.710,3322.230,355970207.000
2014-12-19,3345.630,3383.170,3397.180,3280.920,411211590.000
2014-12-22,3396.250,3394.480,3455.210,3357.660,549801671.000
2014-12-23,3358.800,3324.920,3431.780,3316.910,369736093.000
2014-12-24,3332.150,3230.390,3340.360,3188.500,317449587.000
2014-12-25,3254.480,3335.420,3335.780,3226.320,309799547.000
2014-12-26,3343.640,3445.840,3453.340,3335.010,384614124.000
2014-12-29,3502.180,3455.460,3524.280,3405.840,425015037.000
2014-12-30,3450.810,3457.550,3491.830,3422.170,328233873.000
2014-12-31,3462.390,3533.710,3542.340,3452.500,345934760.000
2015-01-05,3566.090,3641.540,3669.040,3551.510,451198098.000
2015-01-06,3608.430,3641.060,3683.230,3587.230,420962185.000
2015-01-07,3620.920,3643.790,3671.190,3601.700,320191232.000
2015-01-08,3650.070,3559.260,3659.950,3552.100,295003045.000
2015-01-09,3547.570,3546.720,3689.750,3536.400,349982672.000
2015-01-12,3531.510,3513.580,3560.530,3461.320,266567175.000
2015-01-13,3506.450,3514.040,3550.160,3494.770,187153965.000
2015-01-14,3522.910,3502.420,3547.240,3471.560,196012510.000
2015-01-15,3501.720,3604.120,3604.120,3482.270,237812338.000
2015-01-16,3616.250,3635.150,3662.160,3601.260,282681614.000
2015-01-19,3414.010,3355.160,3497.250,3330.980,329505275.000
2015-01-20,3336.790,3396.220,3419.200,3325.680,297843232.000
2015-01-21,3420.490,3548.890,3557.790,3409.430,337928210.000
2015-01-22,3551.050,3567.610,3576.760,3520.050,268853599.000
2015-01-23,3582.090,3571.730,3627.810,3548.630,280172172.000
2015-01-26,3580.120,3607.990,3611.620,3559.380,239766203.000
2015-01-27,3614.040,3574.930,3616.260,3510.020,287669179.000
2015-01-28,3547.240,3525.320,3583.310,3512.390,216220214.000
2015-01-29,3474.920,3481.800,3505.580,3453.900,211618860.000
2015-01-30,3496.890,3434.390,3514.220,3431.940,196479157.000
2015-02-02,3360.190,3353.960,3407.260,3347.080,195183699.000
2015-02-03,3388.600,3437.450,3441.710,3360.720,192846096.000
2015-02-04,3446.140,3401.770,3476.820,3399.560,191304349.000
2015-02-05,3487.950,3366.950,3487.950,3366.860,250430609.000
2015-02-06,3352.330,3312.420,3374.050,3285.940,192664186.000
2015-02-09,3305.730,3345.920,3376.530,3298.600,172353820.000
2015-02-10,3345.080,3406.940,3407.180,3339.550,159309088.000
2015-02-11,3415.980,3434.120,3445.660,3412.140,144613772.000
2015-02-12,3435.360,3442.870,3453.580,3405.630,156081691.000
2015-02-13,3458.830,3469.830,3509.500,3452.080,201089971.000
2015-02-16,3473.290,3499.480,3504.480,3466.610,165641343.000
2015-02-17,3511.540,3522.320,3536.820,3511.090,165328313.000
2015-02-25,3529.550,3478.730,3529.550,3463.960,165539351.000
2015-02-26,3473.710,3566.290,3569.330,3456.870,229328438.000
2015-02-27,3565.230,3572.840,3594.810,3560.460,222786438.000
2015-03-02,3603.450,3601.260,3608.690,3566.530,248176125.000
2015-03-03,3579.310,3507.900,3579.310,3504.200,261866489.000
2015-03-04,3514.670,3530.820,3540.910,3497.170,199663981.000
2015-03-05,3513.250,3496.340,3517.080,3467.680,217508805.000
2015-03-06,3501.180,3478.520,3516.240,3472.390,181518054.000
2015-03-09,3449.700,3537.750,3546.710,3417.490,233940411.000
2015-03-10,3523.640,3520.610,3551.210,3511.990,194267657.000
2015-03-11,3524.570,3524.650,3568.920,3512.220,188947825.000
2015-03-12,3557.690,3592.840,3603.340,3536.530,265664625.000
2015-03-13,3604.670,3617.660,3641.390,3594.740,246864768.000
2015-03-16,3641.770,3705.670,3705.740,3621.120,275438307.000
2015-03-17,3733.960,3757.120,3762.570,3716.810,371625666.000
2015-03-18,3769.090,3846.050,3846.050,3763.850,415190011.000
2015-03-19,3851.250,3839.740,3859.130,3809.710,391547630.000
2015-03-20,3852.490,3892.570,3916.860,3832.420,401817552.000
2015-03-23,3923.080,3972.060,3972.300,3922.210,391119922.000
2015-03-24,3980.070,3973.050,3989.860,3883.780,468581312.000
2015-03-25,3961.580,3940.410,3980.720,3913.990,379968851.000
2015-03-26,3921.750,3950.000,3992.000,3892.880,346756315.000
2015-03-27,3957.542,3971.697,3993.032,3993.032,298756064.000
2015-03-30,3999.020,4088.180,4101.650,3999.020,428297020.000
2015-03-31,4138.880,4051.200,4166.020,4037.770,436065635.000
2015-04-01,4057.500,4123.900,4139.500,4046.940,329512853.000
2015-04-02,4149.950,4124.780,4156.840,4068.650,339070487.000
2015-04-03,4104.670,4170.540,4170.560,4092.380,321303766.000
2015-04-07,4213.890,4260.040,4260.470,4197.020,415362654.000
2015-04-08,4277.450,4295.800,4304.780,4204.830,458676715.000
2015-04-09,4316.960,4262.140,4332.170,4212.610,439699902.000
2015-04-10,4249.380,4344.420,4351.690,4231.200,348190170.000
2015-04-13,4394.050,4421.070,4432.020,4361.590,434153036.000
2015-04-14,4432.130,4438.180,4474.350,4385.910,434432126.000
2015-04-15,4439.310,4380.510,4476.000,4379.610,472154131.000
2015-04-16,4355.490,4513.550,4513.770,4335.630,422603748.000
2015-04-17,4578.680,4596.140,4630.270,4553.900,552802663.000
2015-04-20,4615.030,4521.920,4671.170,4492.600,686439075.000
2015-04-21,4520.460,4619.160,4620.060,4504.560,490314991.000
2015-04-22,4637.060,4739.810,4740.930,4632.590,516213792.000
2015-04-23,4764.480,4740.890,4782.040,4693.970,497430954.000
2015-04-24,4682.630,4702.640,4730.430,4618.320,480152936.000
2015-04-27,4753.870,4807.590,4810.480,4735.310,513076548.000
2015-04-28,4811.320,4741.860,4839.080,4703.570,608638545.000
2015-04-29,4722.900,4774.330,4797.930,4695.790,395056980.000
2015-04-30,4788.410,4749.890,4818.730,4749.480,399727444.000
2015-05-04,4757.640,4787.740,4795.920,4699.400,377843853.000
2015-05-05,4785.190,4596.840,4785.190,4572.980,460419626.000
2015-05-06,4626.230,4553.330,4700.910,4511.760,376073702.000
2015-05-07,4520.820,4470.090,4546.340,4467.460,297759203.000
2015-05-08,4515.550,4558.400,4559.060,4445.590,302407967.000
2015-05-11,4582.090,4690.530,4690.950,4535.150,373838420.000
2015-05-12,4692.120,4747.420,4748.000,4660.020,377053891.000
2015-05-13,4746.710,4718.440,4758.000,4678.850,370730424.000
2015-05-14,4717.960,4700.780,4735.280,4670.170,337725152.000
2015-05-15,4690.750,4617.470,4690.750,4592.050,328431166.000
2015-05-18,4582.060,4575.140,4623.380,4565.060,269180489.000
2015-05-19,4577.640,4731.220,4740.000,4577.640,314785952.000
2015-05-20,4751.570,4754.920,4843.100,4745.210,363180748.000
2015-05-21,4768.690,4840.980,4841.620,4746.030,305054537.000
2015-05-22,4895.920,4951.330,4951.990,4870.600,455846718.000
2015-05-25,4949.110,5099.500,5099.840,4949.110,465736590.000
2015-05-26,5140.800,5198.920,5199.290,5063.150,487949359.000
2015-05-27,5216.170,5181.430,5226.840,5126.860,470798730.000
2015-05-28,5174.100,4834.010,5213.180,4831.330,571829047.000
2015-05-29,4839.530,4840.830,4924.300,4665.520,427878859.000
2015-06-01,4862.760,5076.180,5079.320,4835.770,417503741.000
2015-06-02,5091.270,5161.870,5162.560,5047.080,412973196.000
2015-06-03,5176.600,5143.590,5186.970,5059.500,414258270.000
2015-06-04,5156.010,5181.420,5194.230,4863.460,482767268.000
2015-06-05,5254.900,5230.550,5288.340,5104.180,545961196.000
2015-06-08,5259.410,5353.750,5370.610,5202.600,637313237.000
2015-06-09,5379.470,5317.460,5380.430,5251.210,570427263.000
2015-06-10,5254.300,5309.110,5374.830,5209.680,442165676.000
2015-06-11,5305.140,5306.590,5329.290,5248.160,392338755.000
2015-06-12,5329.280,5335.120,5351.650,5283.090,430131386.000
2015-06-15,5354.010,5221.170,5362.450,5207.310,475745703.000
2015-06-16,5165.020,5064.820,5204.300,5015.270,411675638.000
2015-06-17,5072.310,5138.830,5158.370,4949.290,397124187.000
2015-06-18,5107.690,4930.550,5121.220,4926.430,364395814.000
2015-06-19,4847.060,4637.050,4910.450,4634.690,358104744.000
2015-06-23,4641.420,4786.090,4786.960,4455.330,365087944.000
2015-06-24,4811.600,4880.130,4883.730,4744.310,434638723.000
2015-06-25,4906.240,4706.520,4919.260,4667.220,446135982.000
2015-06-26,4573.870,4336.190,4650.190,4278.670,446639790.000
2015-06-29,4446.840,4191.550,4451.170,4000.930,525662482.000
2015-06-30,4161.070,4473.000,4475.770,4016.010,527045280.000
2015-07-01,4408.980,4253.020,4526.130,4235.700,431721411.000
2015-07-02,4287.730,4108.000,4312.190,4000.060,457062194.000
2015-07-03,4017.200,3885.920,4164.630,3785.900,429300850.000
2015-07-06,4218.270,3998.540,4218.270,3832.470,648094530.000
2015-07-07,3877.850,3928.000,3960.640,3743.620,679385007.000
2015-07-08,3651.060,3663.040,3762.620,3612.250,581467097.000
2015-07-09,3621.680,3897.630,3930.260,3537.830,503870610.000
2015-07-10,3916.270,4106.560,4179.110,3887.550,500701802.000
2015-07-13,4132.230,4211.810,4278.160,4072.430,502092186.000
2015-07-14,4178.630,4112.150,4258.510,4062.500,454422009.000
2015-07-15,4068.880,3966.760,4114.240,3899.510,421956367.000
2015-07-16,3949.640,3997.360,4067.020,3856.320,330531345.000
2015-07-17,4023.760,4151.500,4190.190,4000.230,331107131.000
2015-07-20,4157.060,4160.610,4221.690,4106.390,352673472.000
2015-07-21,4109.760,4166.010,4201.480,4081.700,318374945.000
2015-07-22,4148.560,4157.160,4187.430,4094.710,318945997.000
2015-07-23,4158.930,4250.810,4262.060,4148.820,354471759.000
2015-07-24,4255.200,4176.280,4299.650,4154.620,392045373.000
2015-07-27,4097.800,3818.730,4156.310,3817.170,365054511.000
2015-07-28,3690.970,3811.090,3883.450,3627.420,383527216.000
2015-07-29,3839.960,3930.380,3934.000,3769.190,276972845.000
2015-07-30,3915.780,3815.410,3968.530,3802.880,271548665.000
2015-07-31,3777.160,3816.700,3863.620,3757.990,222376767.000
2015-08-03,3766.070,3829.240,3829.240,3742.580,245805030.000
2015-08-04,3827.370,3948.160,3948.450,3801.030,220236556.000
2015-08-05,3937.620,3866.900,3962.280,3858.660,200484269.000
2015-08-06,3802.930,3831.850,3888.690,3793.240,147278694.000
2015-08-07,3866.430,3906.950,3926.650,3857.910,183349153.000
2015-08-10,3947.470,4084.360,4101.730,3932.840,306780540.000
2015-08-11,4083.590,4066.670,4110.130,4042.000,322034191.000
2015-08-12,4025.670,4016.130,4078.030,4015.350,255146196.000
2015-08-13,4010.010,4075.460,4075.700,3967.820,242836979.000
2015-08-14,4097.920,4073.540,4113.160,4056.730,253392996.000
2015-08-17,4058.110,4077.870,4081.770,4009.990,256939638.000
2015-08-18,4084.310,3825.410,4103.050,3816.550,319881070.000
2015-08-19,3748.270,3886.140,3898.740,3668.190,269049839.000
2015-08-20,3848.400,3761.450,3880.820,3761.450,212167965.000
2015-08-21,3714.290,3589.540,3757.780,3578.180,217986403.000
2015-08-24,3454.600,3275.530,3468.150,3266.550,255436652.000
2015-08-25,3070.010,3042.930,3200.110,3019.560,276081306.000
2015-08-26,3062.570,3025.690,3192.930,2952.010,308270623.000
2015-08-27,3092.810,3205.640,3206.720,3028.400,267294930.000
2015-08-28,3246.240,3342.290,3353.240,3223.620,299498426.000
2015-08-31,3307.400,3366.540,3368.280,3205.540,280250403.000
2015-09-01,3296.530,3362.080,3370.500,3190.580,352458528.000
2015-09-02,3220.850,3365.830,3387.020,3213.640,347789412.000
2015-09-07,3347.290,3250.490,3422.230,3240.240,204224431.000
2015-09-08,3221.790,3334.020,3340.220,3170.810,154599631.000
2015-09-09,3344.820,3399.300,3426.650,3330.290,220467421.000
2015-09-10,3349.280,3357.560,3398.320,3337.310,144882971.000
2015-09-11,3349.880,3347.190,3383.130,3315.480,108547508.000
2015-09-14,3367.640,3281.130,3373.920,3187.570,205457251.000
2015-09-15,3208.740,3152.230,3240.080,3131.980,143555641.000
2015-09-16,3149.160,3309.250,3345.920,3131.370,159709994.000
2015-09-17,3287.660,3237.000,3354.910,3237.000,169401881.000
2015-09-18,3254.440,3251.270,3280.880,3227.830,106903481.000
2015-09-21,3222.600,3308.250,3312.550,3211.930,122788668.000
2015-09-22,3312.370,3339.030,3371.410,3303.180,146221985.000
2015-09-23,3290.070,3263.030,3315.940,3253.330,123171439.000
2015-09-24,3278.900,3285.000,3300.860,3255.900,102011238.000
2015-09-25,3272.670,3231.950,3290.860,3201.910,121419278.000
2015-09-28,3226.610,3242.750,3246.550,3186.510,74219468.000
2015-09-29,3197.220,3178.850,3208.420,3159.040,87150633.000
2015-09-30,3195.900,3202.950,3223.910,3186.770,78559349.000
2015-10-08,3324.980,3296.480,3337.330,3294.600,132081768.000
2015-10-09,3302.360,3340.120,3352.380,3293.970,124352500.000
2015-10-12,3351.140,3447.690,3486.630,3347.250,221400468.000
2015-10-13,3422.480,3445.040,3452.040,3413.970,145433786.000
2015-10-14,3431.140,3406.110,3458.700,3403.230,152173938.000
2015-10-15,3403.390,3486.810,3486.810,3402.320,171158299.000
2015-10-16,3508.520,3534.060,3537.540,3487.100,208964709.000
2015-10-19,3548.950,3534.180,3573.000,3502.500,207606744.000
2015-10-20,3527.880,3577.700,3577.800,3510.440,179025108.000
2015-10-21,3580.840,3473.250,3601.240,3417.410,282076050.000
2015-10-22,3453.200,3524.530,3530.770,3442.310,184305580.000
2015-10-23,3536.840,3571.240,3581.840,3515.820,198294478.000
2015-10-26,3614.700,3589.260,3620.760,3561.190,204248863.000
2015-10-27,3569.450,3592.880,3601.050,3486.100,192056140.000
2015-10-28,3575.800,3524.920,3598.170,3517.210,170977098.000
2015-10-29,3539.980,3533.310,3561.810,3507.970,127010446.000
2015-10-30,3530.220,3534.080,3574.470,3497.570,139141914.000
2015-11-02,3489.230,3475.960,3543.450,3474.710,130002568.000
2015-11-03,3484.720,3465.490,3501.700,3452.620,101401876.000
2015-11-04,3477.160,3628.540,3628.540,3477.160,205423865.000
2015-11-05,3630.780,3705.970,3781.410,3627.300,398046568.000
2015-11-06,3698.340,3793.370,3801.710,3694.660,298753076.000
2015-11-09,3796.380,3840.350,3891.770,3796.380,356804823.000
2015-11-10,3806.670,3833.240,3876.490,3798.820,286519603.000
2015-11-11,3828.450,3833.650,3843.110,3781.410,232234296.000
2015-11-12,3841.740,3795.320,3843.900,3771.270,217537647.000
2015-11-13,3756.200,3746.240,3793.710,3727.580,203489891.000
2015-11-16,3682.740,3764.130,3764.410,3680.070,161690901.000
2015-11-17,3790.430,3758.390,3852.770,3750.160,248533071.000
2015-11-18,3760.460,3715.580,3771.850,3706.310,185689495.000
2015-11-19,3725.620,3774.970,3775.230,3714.680,154631989.000
2015-11-20,3778.880,3774.380,3793.540,3757.030,186951689.000
2015-11-23,3774.440,3753.330,3802.850,3743.410,175626812.000
2015-11-24,3745.760,3753.890,3754.170,3702.740,143383283.000
2015-11-25,3747.760,3781.610,3781.860,3735.720,151944941.000
2015-11-26,3795.250,3759.430,3805.840,3756.820,173525468.000
2015-11-27,3739.100,3556.990,3742.740,3534.390,208939358.000
2015-11-30,3554.890,3566.410,3587.970,3455.070,173201163.000
2015-12-01,3562.320,3591.700,3617.300,3536.120,136536554.000
2015-12-02,3587.760,3721.960,3725.850,3573.400,213538865.000
2015-12-03,3709.550,3749.300,3758.450,3693.140,197762126.000
2015-12-04,3719.730,3677.590,3726.120,3667.290,151199522.000
2015-12-07,3681.580,3687.610,3699.340,3658.580,113883150.000
2015-12-08,3668.840,3623.020,3668.840,3619.450,125781083.000
2015-12-09,3613.420,3635.940,3655.160,3611.490,113325422.000
2015-12-10,3634.370,3623.080,3678.320,3615.990,120215625.000
2015-12-11,3605.370,3608.060,3630.740,3578.150,110322481.000
2015-12-14,3573.880,3711.320,3712.500,3571.000,151769119.000
2015-12-15,3707.730,3694.390,3717.360,3679.230,126481710.000
2015-12-16,3703.950,3685.440,3713.090,3677.450,111342723.000
2015-12-17,3712.780,3755.890,3768.840,3709.850,177924075.000
2015-12-18,3754.960,3767.910,3810.220,3750.930,173465980.000
2015-12-21,3762.100,3865.970,3877.820,3759.990,217435275.000
2015-12-22,3872.100,3876.730,3880.470,3841.590,180303661.000
2015-12-23,3877.870,3866.380,3926.690,3862.970,207017147.000
2015-12-24,3858.140,3829.400,3867.680,3787.080,147181397.000
2015-12-25,3832.080,3838.200,3848.020,3813.200,119624013.000
2015-12-28,3847.530,3727.630,3853.390,3727.630,153988440.000
2015-12-29,3723.050,3761.870,3762.050,3710.480,101885555.000
2015-12-30,3762.910,3765.180,3765.660,3726.280,105629955.000
2015-12-31,3760.900,3731.000,3772.620,3727.320,101873556.000
2016-01-04,3725.860,3470.410,3726.240,3469.010,115370674.000
2016-01-05,3382.180,3478.780,3518.220,3377.280,162116984.000
2016-01-06,3482.410,3539.810,3543.740,3468.470,145966144.000
2016-01-07,3481.150,3294.380,3481.150,3284.740,44102641.000
2016-01-08,3371.870,3361.560,3418.850,3237.930,185959451.000
2016-01-11,3303.120,3192.450,3342.480,3192.450,174638387.000
2016-01-12,3214.820,3215.710,3242.250,3174.550,128225796.000
2016-01-13,3240.480,3155.880,3257.300,3155.880,120666494.000
2016-01-14,3076.640,3221.570,3226.660,3072.040,134537671.000
2016-01-15,3200.890,3118.730,3216.800,3101.050,124601779.000
2016-01-18,3068.230,3130.730,3165.620,3066.730,101128386.000
2016-01-19,3132.700,3223.120,3227.910,3119.220,127653893.000
2016-01-20,3204.220,3174.380,3225.950,3154.430,130650504.000
2016-01-21,3136.380,3081.350,3202.540,3081.350,111189733.000
2016-01-22,3114.900,3113.460,3132.170,3053.960,89951087.000
2016-01-25,3129.030,3128.890,3149.330,3105.100,81540061.000
2016-01-26,3099.600,2940.510,3106.530,2934.650,126933921.000
2016-01-27,2953.180,2930.350,2963.540,2839.290,132229366.000
2016-01-28,2909.330,2853.760,2941.890,2841.840,99222756.000
2016-01-29,2855.600,2946.090,2965.310,2854.370,113304259.000
2016-02-01,2939.040,2901.050,2944.520,2869.560,86795342.000
2016-02-02,2901.530,2961.330,2972.430,2901.510,88601963.000
2016-02-03,2931.290,2948.640,2954.710,2909.900,77389000.000
2016-02-04,2960.330,2984.760,2999.210,2960.210,91779724.000
2016-02-05,2982.060,2963.790,2988.360,2962.850,76850808.000
2016-02-15,2888.430,2946.710,2961.490,2886.020,72919434.000
2016-02-16,2962.190,3037.040,3042.090,2962.190,112579643.000
2016-02-17,3034.090,3063.320,3065.780,3027.050,128291607.000
2016-02-18,3079.530,3053.700,3093.510,3049.840,124401464.000
2016-02-19,3047.940,3051.580,3065.970,3032.630,87338012.000
2016-02-22,3083.930,3118.870,3128.210,3071.330,140946968.000
2016-02-23,3117.200,3089.360,3119.220,3061.430,112567391.000
2016-02-24,3077.610,3109.550,3109.550,3055.250,111782650.000
2016-02-25,3104.410,2918.750,3104.440,2905.460,157829752.000
2016-02-26,2942.100,2948.030,2964.390,2902.950,106949729.000
2016-02-29,2939.580,2877.470,2939.870,2821.210,129341020.000
2016-03-01,2881.340,2930.690,2950.440,2863.320,116045918.000
2016-03-02,2933.920,3051.330,3054.720,2933.120,175972347.000
2016-03-03,3050.390,3058.420,3078.440,3040.250,173105744.000
2016-03-04,3047.540,3093.890,3101.660,3032.420,219172534.000
2016-03-07,3109.000,3104.840,3130.900,3083.580,132462037.000
2016-03-08,3100.150,3107.670,3109.250,3001.830,136235742.000
2016-03-09,3045.920,3071.910,3072.920,3020.130,111466245.000
2016-03-10,3056.210,3013.150,3074.160,3012.690,76072197.000
2016-03-11,2990.210,3018.280,3026.440,2982.170,73333564.000
2016-03-14,3039.570,3065.690,3106.800,3034.000,117108655.000
2016-03-15,3061.340,3074.780,3077.080,3028.580,98311941.000
2016-03-16,3068.870,3090.030,3100.350,3064.520,124736448.000
2016-03-17,3096.810,3124.200,3147.840,3077.570,121661777.000
2016-03-18,3136.220,3171.960,3197.670,3130.100,197302564.000
2016-03-21,3203.290,3249.440,3267.780,3198.360,233269464.000
2016-03-22,3231.610,3225.790,3249.680,3218.730,161020897.000
2016-03-23,3217.730,3236.090,3242.250,3202.980,125679286.000
2016-03-24,3211.500,3181.850,3221.910,3181.810,133131122.000
2016-03-25,3176.810,3197.820,3204.440,3174.320,97395330.000
2016-03-28,3206.950,3169.730,3229.620,3161.880,103441933.000
2016-03-29,3171.310,3135.410,3178.070,3122.760,97294747.000
2016-03-30,3161.290,3216.280,3216.680,3161.290,117802512.000
2016-03-31,3229.200,3218.090,3241.930,3208.660,121552074.000
2016-04-01,3213.670,3221.890,3222.610,3165.860,118122139.000
2016-04-05,3211.300,3264.490,3271.930,3205.210,146047772.000
2016-04-06,3250.520,3257.530,3267.640,3236.200,120196305.000
2016-04-07,3266.290,3209.290,3270.820,3208.640,112409467.000
2016-04-08,3189.850,3185.730,3197.770,3163.300,101005625.000
2016-04-11,3213.510,3230.100,3251.570,3213.510,125212709.000
2016-04-12,3227.370,3218.450,3232.260,3198.900,92869437.000
2016-04-13,3237.860,3261.380,3296.520,3237.860,195613866.000
2016-04-14,3277.100,3275.830,3286.070,3252.050,113157327.000
2016-04-15,3279.860,3272.210,3282.980,3261.730,99807529.000
2016-04-18,3252.670,3228.450,3252.670,3221.660,97090069.000
2016-04-19,3243.970,3238.300,3250.730,3221.580,80871440.000
2016-04-20,3244.140,3181.030,3248.420,3107.370,162207858.000
2016-04-21,3160.800,3160.600,3198.560,3150.940,104752651.000
2016-04-22,3142.560,3174.900,3175.380,3137.990,77078492.000
2016-04-25,3164.740,3162.030,3172.270,3137.110,67519351.000
2016-04-26,3159.770,3179.160,3181.100,3150.400,59020734.000
2016-04-27,3181.930,3165.920,3188.830,3162.690,60004147.000
2016-04-28,3169.330,3160.580,3174.770,3135.640,69870660.000
2016-04-29,3153.540,3156.750,3171.290,3149.400,58029776.000
2016-05-03,3159.820,3213.540,3218.490,3151.400,98164835.000
2016-05-04,3203.470,3209.460,3222.880,3198.290,90862408.000
2016-05-05,3204.170,3213.920,3217.280,3196.570,74733681.000
2016-05-06,3213.140,3130.350,3216.890,3130.150,108680240.000
2016-05-09,3115.430,3065.620,3115.430,3055.010,99230477.000
2016-05-10,3055.210,3069.110,3084.720,3055.180,68849935.000
2016-05-11,3080.640,3082.810,3102.880,3063.090,81794258.000
2016-05-12,3059.380,3090.140,3095.350,3035.020,78765726.000
2016-05-13,3081.680,3074.940,3103.100,3064.690,62629755.000
2016-05-16,3064.530,3095.310,3095.560,3053.660,59461856.000
2016-05-17,3095.520,3086.020,3105.200,3073.460,65278125.000
2016-05-18,3071.530,3068.040,3072.610,3039.460,82715369.000
2016-05-19,3060.340,3062.500,3086.980,3058.150,60444166.000
2016-05-20,3047.780,3078.220,3078.530,3041.520,56080842.000
2016-05-23,3078.510,3087.220,3098.480,3076.500,59697216.000
2016-05-24,3083.240,3063.560,3083.260,3052.590,58734385.000
2016-05-25,3079.750,3059.230,3089.100,3054.870,56652803.000
2016-05-26,3056.600,3064.210,3072.520,3027.440,60392981.000
2016-05-27,3059.730,3062.500,3073.760,3052.180,60468750.000
2016-05-30,3056.310,3066.710,3075.260,3037.660,63098579.000
2016-05-31,3068.600,3169.560,3170.930,3068.600,138863111.000
2016-06-01,3172.960,3160.550,3181.790,3159.820,113148482.000
2016-06-02,3158.030,3167.100,3168.820,3151.070,86003427.000
2016-06-03,3172.950,3189.330,3201.750,3162.090,101491783.000
2016-06-06,3192.780,3178.790,3197.220,3168.550,76693751.000
2016-06-07,3182.440,3177.050,3186.620,3168.180,68928314.000
2016-06-08,3171.810,3163.990,3174.970,3148.350,76291775.000
2016-06-13,3134.050,3066.340,3145.610,3065.770,92975947.000
2016-06-14,3058.440,3075.980,3078.750,3055.660,66279457.000
2016-06-15,3043.960,3116.370,3128.670,3042.230,87393257.000
2016-06-16,3104.360,3094.670,3112.480,3089.480,82974703.000
2016-06-17,3096.090,3110.360,3131.050,3096.090,85402985.000
2016-06-20,3114.910,3112.670,3118.730,3089.710,63587141.000
2016-06-21,3124.900,3106.320,3155.490,3097.940,87965345.000
2016-06-22,3100.450,3133.960,3134.060,3096.990,66487113.000
2016-06-23,3129.720,3117.320,3129.720,3102.480,67751738.000
2016-06-24,3110.650,3077.160,3130.540,3033.970,104792208.000
2016-06-27,3065.130,3120.540,3120.640,3064.970,83267259.000
2016-06-28,3107.400,3136.400,3139.430,3099.700,92024637.000
2016-06-29,3142.480,3151.390,3158.080,3139.130,103723668.000
2016-06-30,3152.830,3153.920,3163.720,3148.200,79692617.000
2016-07-01,3156.930,3154.200,3170.260,3148.290,71746283.000
2016-07-04,3136.390,3204.700,3210.600,3134.020,133310529.000
2016-07-05,3199.160,3207.380,3216.700,3198.000,130226895.000
2016-07-06,3197.620,3216.800,3217.520,3183.450,124897458.000
2016-07-07,3206.550,3209.950,3220.540,3190.120,118595202.000
2016-07-08,3199.750,3192.280,3204.930,3183.960,89734855.000
2016-07-11,3199.040,3203.330,3235.960,3197.630,138529511.000
2016-07-12,3201.910,3273.180,3273.470,3200.300,172534217.000
2016-07-13,3274.020,3282.870,3300.990,3271.780,175196090.000
2016-07-14,3277.480,3276.760,3281.950,3259.070,107525798.000
2016-07-15,3278.840,3276.280,3285.030,3265.290,102665026.000
2016-07-18,3269.710,3262.020,3281.640,3251.770,110312518.000
2016-07-19,3260.430,3248.230,3264.730,3226.200,88886861.000
2016-07-20,3246.860,3237.600,3254.510,3232.260,72701255.000
2016-07-21,3238.340,3252.520,3271.370,3238.300,86004825.000
2016-07-22,3251.240,3225.160,3253.770,3220.890,86029128.000
2016-07-25,3220.170,3230.890,3243.790,3218.140,70203185.000
2016-07-26,3228.230,3269.590,3269.750,3228.010,81051089.000
2016-07-27,3270.080,3218.240,3276.510,3157.410,160188665.000
2016-07-28,3204.460,3221.140,3235.780,3195.270,112779964.000
2016-07-29,3217.190,3203.930,3225.420,3198.680,88044837.000
2016-08-01,3196.430,3176.810,3199.980,3156.750,87003497.000
2016-08-02,3173.760,3189.050,3189.050,3165.540,62167639.000
2016-08-03,3179.680,3193.510,3197.160,3173.540,72864102.000
2016-08-04,3190.550,3201.290,3201.550,3170.420,73504373.000
2016-08-05,3201.350,3205.110,3224.870,3192.860,77196366.000
2016-08-08,3199.570,3234.180,3234.480,3187.250,86676051.000
2016-08-09,3232.600,3256.980,3257.330,3229.170,91065259.000
2016-08-10,3255.180,3243.340,3261.860,3242.750,90430372.000
2016-08-11,3239.560,3233.360,3274.030,3232.610,101041213.000
2016-08-12,3231.810,3294.230,3294.230,3231.140,116254044.000
2016-08-15,3303.470,3393.420,3417.910,3302.380,220543421.000
2016-08-16,3403.380,3378.250,3418.690,3372.020,196389740.000
2016-08-17,3377.770,3373.050,3394.390,3356.920,138847688.000
2016-08-18,3369.950,3364.490,3394.790,3349.690,142380169.000
2016-08-19,3358.550,3365.020,3374.040,3341.190,119961508.000
2016-08-22,3364.680,3336.790,3372.830,3335.470,107951008.000
2016-08-23,3332.620,3341.830,3359.650,3324.960,92924516.000
2016-08-24,3341.930,3329.860,3348.130,3323.730,81191429.000
2016-08-25,3314.080,3308.970,3315.080,3279.810,100589153.000
2016-08-26,3312.500,3307.090,3328.950,3301.740,81530691.000
2016-08-29,3306.570,3307.780,3315.080,3297.070,77036333.000
2016-08-30,3310.320,3311.990,3325.120,3304.600,75725987.000
2016-08-31,3310.570,3327.790,3333.970,3304.660,79570805.000
2016-09-01,3326.740,3301.580,3329.350,3301.210,84947219.000
2016-09-02,3298.720,3314.110,3320.430,3295.760,82791803.000
2016-09-05,3321.010,3319.680,3338.420,3314.630,78292477.000
2016-09-06,3322.020,3342.630,3347.950,3300.130,98283998.000
2016-09-07,3344.070,3340.820,3357.360,3337.750,102940106.000
2016-09-08,3338.010,3339.560,3343.400,3328.230,71916158.000
2016-09-09,3339.370,3318.040,3344.950,3318.040,82657036.000
2016-09-12,3271.870,3262.600,3276.720,3234.570,122917682.000
2016-09-13,3265.340,3260.330,3269.220,3246.390,67180288.000
2016-09-14,3245.740,3238.730,3255.000,3231.340,70432697.000
2016-09-19,3242.740,3263.120,3264.900,3242.740,58831082.000
2016-09-20,3264.660,3257.400,3265.040,3252.390,52784206.000
2016-09-21,3257.710,3266.640,3270.900,3254.320,59142979.000
2016-09-22,3281.470,3291.120,3303.200,3277.980,75753542.000
2016-09-23,3292.280,3275.670,3293.920,3275.020,57993986.000
2016-09-26,3267.690,3220.280,3267.690,3220.280,70452186.000
2016-09-27,3214.870,3240.750,3240.780,3214.440,58460550.000
2016-09-28,3243.650,3230.890,3243.650,3228.000,44727498.000
2016-09-29,3234.860,3244.390,3257.770,3234.800,55452556.000
2016-09-30,3240.180,3253.280,3260.940,3239.040,44978022.000
2016-10-10,3265.360,3293.870,3294.640,3258.960,80519260.000
2016-10-11,3296.870,3306.560,3308.000,3292.880,87713163.000
2016-10-12,3299.140,3300.010,3302.560,3289.750,68669781.000
2016-10-13,3299.160,3302.650,3307.410,3292.400,81224198.000
2016-10-14,3298.730,3305.850,3306.690,3285.730,82316271.000
2016-10-17,3305.960,3277.880,3309.010,3271.540,86113509.000
2016-10-18,3272.680,3321.330,3321.330,3272.680,102860714.000
2016-10-19,3323.300,3316.240,3332.520,3309.830,101167725.000
2016-10-20,3317.180,3318.600,3324.900,3312.170,79238871.000
2016-10-21,3315.720,3327.740,3341.560,3309.180,109785176.000
2016-10-24,3332.510,3367.580,3382.830,3330.970,153014345.000
2016-10-25,3367.480,3367.450,3373.910,3356.590,111191693.000
2016-10-26,3365.200,3354.800,3367.830,3349.570,98024786.000
2016-10-27,3351.460,3345.700,3352.350,3335.130,77629851.000
2016-10-28,3347.140,3340.130,3370.750,3337.290,93133309.000
2016-10-31,3332.410,3336.280,3340.470,3317.330,71352863.000
2016-11-01,3338.710,3359.050,3359.390,3334.460,74938199.000
2016-11-02,3350.710,3333.350,3356.400,3331.380,91197104.000
2016-11-03,3326.900,3365.080,3379.990,3324.840,126223504.000
2016-11-04,3362.210,3354.170,3377.640,3348.430,104069655.000
2016-11-07,3353.440,3356.590,3362.740,3342.310,99877988.000
2016-11-08,3367.700,3371.120,3383.920,3361.130,103148282.000
2016-11-09,3370.600,3353.050,3373.100,3322.080,139110059.000
2016-11-10,3374.910,3390.610,3403.020,3374.910,134705535.000
2016-11-11,3387.950,3417.220,3422.670,3382.890,198781496.000
2016-11-14,3409.220,3430.250,3452.620,3408.140,213247105.000
2016-11-15,3428.870,3429.870,3434.920,3415.990,134566320.000
2016-11-16,3432.430,3429.590,3435.640,3419.240,129808511.000
2016-11-17,3423.470,3436.530,3437.670,3412.880,121561731.000
2016-11-18,3437.490,3417.460,3443.120,3413.270,115951205.000
2016-11-21,3412.650,3441.110,3463.140,3412.080,146434529.000
2016-11-22,3443.220,3468.360,3469.220,3443.220,168523446.000
2016-11-23,3473.900,3474.730,3492.960,3465.760,162388504.000
2016-11-24,3468.810,3488.740,3508.160,3467.010,145746301.000
2016-11-25,3490.040,3521.300,3521.300,3463.950,153621506.000
2016-11-28,3538.680,3535.080,3553.360,3528.320,207375483.000
2016-11-29,3525.900,3564.040,3583.720,3521.380,236918356.000
2016-11-30,3557.640,3538.000,3567.070,3527.020,178560178.000
2016-12-01,3543.960,3565.040,3575.970,3543.250,180170761.000
2016-12-02,3559.770,3528.950,3562.550,3516.790,196355480.000
2016-12-05,3473.690,3469.410,3496.880,3457.340,180852355.000
2016-12-06,3466.240,3459.150,3477.590,3456.810,115529090.000
2016-12-07,3458.370,3475.750,3475.750,3445.760,114345103.000
2016-12-08,3481.810,3470.140,3484.340,3466.510,117383922.000
2016-12-09,3464.870,3493.700,3507.930,3461.760,150303308.000
2016-12-12,3489.270,3409.180,3495.800,3400.790,187467751.000
2016-12-13,3394.210,3405.040,3416.210,3370.600,121105097.000
2016-12-14,3399.410,3378.950,3412.280,3378.270,124007744.000
2016-12-15,3363.860,3340.430,3378.040,3327.140,114960660.000
2016-12-16,3335.360,3346.030,3356.290,3330.490,90775422.000
2016-12-19,3342.340,3328.980,3344.860,3325.000,81640678.000
2016-12-20,3328.300,3309.060,3329.100,3289.270,87569592.000
2016-12-21,3313.750,3338.540,3342.480,3313.750,108254995.000
2016-12-22,3335.120,3335.670,3340.360,3322.720,92277249.000
2016-12-23,3333.400,3307.600,3334.890,3300.880,97444713.000
2016-12-26,3293.220,3322.400,3322.420,3267.050,89793982.000
2016-12-27,3319.210,3316.390,3330.230,3315.830,75486359.000
2016-12-28,3315.750,3301.890,3320.550,3293.170,69000437.000
2016-12-29,3297.040,3297.760,3312.110,3288.100,70087923.000
2016-12-30,3302.600,3310.080,3313.550,3295.750,71744116.000
2017-01-03,3313.950,3342.230,3345.260,3313.950,86567896.000
2017-01-04,3340.560,3368.310,3369.570,3338.150,90050827.000
2017-01-05,3368.340,3367.790,3373.410,3361.460,88336357.000
2017-01-06,3366.850,3347.670,3368.870,3346.890,87459114.000
2017-01-09,3345.750,3363.900,3366.220,3344.350,83707942.000
2017-01-10,3361.640,3358.270,3370.510,3354.090,83819160.000
2017-01-11,3355.800,3334.500,3366.630,3334.300,91071438.000
2017-01-12,3332.690,3317.620,3343.130,3315.960,81239135.000
2017-01-13,3317.960,3319.910,3338.170,3309.370,84180589.000
2017-01-16,3314.150,3319.450,3322.780,3264.210,157779135.000
2017-01-17,3305.600,3326.360,3327.380,3292.200,69453328.000
2017-01-18,3323.340,3339.370,3350.960,3320.410,70623227.000
2017-01-19,3330.950,3329.290,3346.500,3324.680,66159808.000
2017-01-20,3326.980,3354.890,3358.410,3326.370,65300462.000
2017-01-23,3359.050,3364.080,3378.740,3355.850,75557498.000
2017-01-24,3363.140,3364.450,3371.320,3355.900,66194226.000
2017-01-25,3361.660,3375.900,3376.440,3357.220,58376931.000
2017-01-26,3378.260,3387.960,3395.880,3378.260,65316647.000
2017-02-03,3390.930,3364.490,3392.480,3362.570,55188861.000
2017-02-06,3368.110,3373.210,3381.330,3358.750,68521360.000
2017-02-07,3371.770,3365.680,3376.710,3354.620,63754462.000
2017-02-08,3361.780,3383.290,3383.690,3347.430,75402879.000
2017-02-09,3381.900,3396.290,3406.590,3379.790,97558515.000
2017-02-10,3398.320,3413.490,3422.330,3398.030,123768720.000
2017-02-13,3416.920,3436.270,3439.540,3416.870,120144538.000
2017-02-14,3438.510,3435.800,3440.670,3424.400,94809465.000
2017-02-15,3435.390,3421.710,3448.030,3417.080,127643338.000
2017-02-16,3421.830,3440.930,3440.930,3418.350,108276962.000
2017-02-17,3443.620,3421.440,3457.560,3419.610,114600036.000
2017-02-20,3421.640,3471.390,3472.600,3421.640,132628862.000
2017-02-21,3475.060,3482.820,3490.090,3472.020,114842009.000
2017-02-22,3483.200,3489.760,3489.950,3473.520,102815994.000
2017-02-23,3487.570,3473.320,3492.960,3460.120,99536330.000
2017-02-24,3468.960,3473.850,3473.850,3455.250,95535133.000
2017-02-27,3471.130,3446.220,3472.840,3441.390,98672160.000
2017-02-28,3445.030,3452.810,3460.910,3441.360,75215260.000
2017-03-01,3452.210,3458.440,3472.700,3449.110,103260354.000
2017-03-02,3463.480,3435.100,3468.470,3434.000,89898077.000
2017-03-03,3424.660,3427.860,3428.880,3412.830,80994652.000
2017-03-06,3427.250,3446.480,3449.030,3425.900,83070882.000
2017-03-07,3446.160,3453.960,3454.040,3440.060,80334720.000
2017-03-08,3452.200,3448.730,3457.040,3441.260,79587690.000
2017-03-09,3442.900,3426.940,3443.050,3414.680,84570381.000
2017-03-10,3423.980,3427.890,3436.240,3423.940,70016199.000
2017-03-13,3425.670,3458.100,3458.100,3412.690,91684124.000
2017-03-14,3456.660,3456.690,3465.390,3448.900,77077963.000
2017-03-15,3452.210,3463.640,3463.920,3445.270,79104954.000
2017-03-16,3472.270,3481.510,3492.130,3472.270,106333913.000
2017-03-17,3485.310,3445.810,3488.500,3441.470,103755560.000
2017-03-20,3449.050,3449.610,3454.060,3429.830,88734322.000
2017-03-21,3449.770,3466.350,3466.700,3445.640,87707855.000
2017-03-22,3450.750,3450.050,3464.330,3433.500,104935894.000
2017-03-23,3452.410,3461.980,3470.820,3435.690,94318062.000
2017-03-24,3464.200,3489.600,3499.320,3461.110,125645833.000
2017-03-27,3488.760,3478.040,3505.980,3474.520,107015377.000
2017-03-28,3480.250,3469.810,3482.290,3461.470,84194820.000
2017-03-29,3472.970,3465.190,3483.060,3455.550,104851706.000
2017-03-30,3461.620,3436.760,3467.300,3422.370,116376922.000
2017-03-31,3434.820,3456.050,3456.310,3430.820,91577491.000
2017-04-05,3476.420,3503.890,3504.540,3475.150,143399017.000
2017-04-06,3507.990,3514.050,3517.780,3495.720,136767004.000
2017-04-07,3514.450,3517.460,3526.810,3506.390,140293204.000
2017-04-10,3519.460,3505.140,3522.800,3502.080,141887380.000
2017-04-11,3503.830,3517.330,3520.130,3466.140,165945832.000
2017-04-12,3514.570,3509.440,3523.100,3498.000,181824537.000
2017-04-13,3500.280,3514.570,3518.440,3496.570,129981813.000
2017-04-14,3516.810,3486.500,3517.470,3476.950,135474078.000
2017-04-17,3475.740,3479.940,3480.570,3453.680,117164961.000
2017-04-18,3474.890,3462.740,3489.080,3462.630,110927823.000
2017-04-19,3452.990,3445.880,3459.350,3418.510,121349264.000
2017-04-20,3444.520,3461.550,3465.610,3440.720,114184208.000
2017-04-21,3461.390,3466.790,3475.560,3449.540,104419110.000
2017-04-24,3458.230,3431.260,3458.230,3403.980,114660791.000
2017-04-25,3427.730,3440.970,3449.670,3422.650,94072148.000
2017-04-26,3440.250,3445.180,3466.570,3439.150,111940029.000
2017-04-27,3435.100,3446.720,3449.270,3399.540,123298425.000
2017-04-28,3439.570,3439.750,3439.900,3417.240,101632351.000
2017-05-02,3427.920,3426.580,3436.310,3418.670,92797462.000
2017-05-03,3421.760,3413.130,3432.220,3403.080,91669624.000
2017-05-04,3404.940,3404.390,3421.400,3391.280,103482075.000
2017-05-05,3393.480,3382.550,3395.450,3366.560,109895333.000
2017-05-08,3369.110,3358.810,3374.160,3339.570,123749287.000
2017-05-09,3342.600,3352.530,3358.050,3327.590,76771668.000
2017-05-10,3350.650,3337.700,3369.430,3336.000,92082628.000
2017-05-11,3322.950,3356.650,3359.600,3312.890,109252890.000
2017-05-12,3350.940,3385.380,3387.270,3349.170,93386466.000
2017-05-15,3391.590,3399.190,3406.580,3391.590,82977611.000
2017-05-16,3390.930,3428.650,3428.850,3373.550,105242416.000
2017-05-17,3423.190,3409.970,3433.970,3408.150,99736837.000
2017-05-18,3387.670,3398.110,3409.930,3383.940,85759589.000
2017-05-19,3395.230,3403.850,3405.940,3392.380,71473525.000
2017-05-22,3400.590,3411.240,3424.180,3391.170,92539559.000
2017-05-23,3405.030,3424.190,3434.770,3401.530,116911033.000
2017-05-24,3409.720,3424.170,3424.170,3383.890,83553161.000
2017-05-25,3414.400,3485.660,3490.420,3413.220,130721631.000
2017-05-26,3479.620,3480.430,3498.310,3473.040,103241153.000
2017-05-31,3495.070,3492.880,3515.080,3474.920,104829744.000
2017-06-01,3485.220,3497.740,3499.810,3476.430,103127724.000
2017-06-02,3491.590,3486.510,3498.120,3470.200,82668010.000
2017-06-05,3480.170,3468.750,3484.120,3462.310,79738152.000
2017-06-06,3464.380,3492.880,3492.880,3460.450,64089388.000
2017-06-07,3493.880,3533.870,3537.090,3491.130,104419968.000
2017-06-08,3531.240,3560.980,3562.270,3528.180,90224905.000
2017-06-09,3561.240,3576.170,3590.890,3560.630,101188265.000
2017-06-12,3570.220,3574.390,3603.690,3565.900,90381167.000
2017-06-13,3569.160,3582.270,3584.410,3559.210,75177138.000
2017-06-14,3571.250,3535.300,3571.250,3530.270,83810783.000
2017-06-15,3530.750,3528.790,3542.280,3508.950,82632535.000
2017-06-16,3522.970,3518.760,3536.140,3514.390,76452707.000
2017-06-19,3520.060,3553.670,3554.910,3520.060,79797141.000
2017-06-20,3560.790,3546.490,3563.700,3539.510,80509559.000
2017-06-21,3567.130,3587.960,3587.990,3545.570,87859824.000
2017-06-22,3583.560,3590.340,3635.530,3581.340,135526987.000
2017-06-23,3583.440,3622.880,3623.240,3569.320,105129134.000
2017-06-26,3627.020,3668.090,3671.940,3627.020,134637995.000
2017-06-27,3665.580,3674.720,3676.530,3648.760,97558702.000
2017-06-28,3664.160,3646.170,3672.190,3644.030,97920858.000
2017-06-29,3649.250,3668.830,3669.130,3644.730,85589498.000
2017-06-30,3654.730,3666.800,3669.760,3646.230,81510028.000
2017-07-03,3667.230,3650.850,3667.600,3633.780,88820860.000
2017-07-04,3646.830,3619.980,3646.850,3611.690,95071413.000
2017-07-05,3611.900,3659.680,3660.730,3610.460,88232425.000
2017-07-06,3654.560,3660.100,3666.770,3629.560,102379245.000
2017-07-07,3647.640,3655.930,3657.110,3631.870,103735497.000
2017-07-10,3647.940,3653.690,3667.850,3641.530,120591910.000
2017-07-11,3646.880,3670.810,3701.210,3645.990,118760826.000
2017-07-12,3672.630,3658.820,3691.580,3640.590,122287792.000
2017-07-13,3656.350,3686.920,3690.480,3652.570,125669549.000
2017-07-14,3682.620,3703.090,3703.090,3672.740,105514005.000
2017-07-17,3700.620,3663.560,3716.470,3621.370,178821600.000
2017-07-18,3648.490,3667.180,3667.540,3622.040,124622056.000
2017-07-19,3660.870,3729.750,3731.050,3658.200,182477787.000
2017-07-20,3725.140,3747.880,3750.190,3723.070,142410039.000
2017-07-21,3738.180,3728.600,3751.690,3722.070,117941226.000
2017-07-24,3724.380,3743.470,3755.190,3719.850,134868722.000
2017-07-25,3742.640,3719.560,3752.160,3713.280,121672059.000
2017-07-26,3722.880,3705.390,3738.530,3684.180,136325210.000
2017-07-27,3700.860,3712.190,3716.690,3672.500,145002904.000
2017-07-28,3703.490,3721.890,3725.540,3696.780,111411392.000
2017-07-31,3722.430,3737.870,3746.520,3713.660,148429039.000
2017-08-01,3738.740,3770.380,3770.400,3737.100,152546539.000
2017-08-02,3768.190,3760.850,3784.350,3759.280,172293383.000
2017-08-03,3755.110,3727.830,3766.350,3718.440,146153944.000
2017-08-04,3724.720,3707.580,3738.730,3707.000,157470060.000
2017-08-07,3701.220,3726.790,3730.780,3689.960,124231530.000
2017-08-08,3724.330,3732.210,3737.330,3718.810,137241928.000
2017-08-09,3728.030,3731.040,3739.000,3713.570,124679989.000
2017-08-10,3724.960,3715.920,3746.860,3688.180,130085128.000
2017-08-11,3687.930,3647.350,3700.490,3645.090,150387421.000
2017-08-14,3651.380,3694.680,3698.370,3651.380,115308451.000
2017-08-15,3695.780,3706.060,3719.290,3692.280,106444857.000
2017-08-16,3701.130,3701.420,3707.140,3679.730,104134141.000
2017-08-17,3707.070,3721.280,3722.620,3704.410,108656251.000
2017-08-18,3707.190,3724.670,3733.490,3700.410,96561705.000
2017-08-21,3731.840,3740.990,3744.260,3728.620,100313073.000
2017-08-22,3745.750,3752.300,3758.290,3734.560,100292856.000
2017-08-23,3747.610,3756.090,3772.460,3741.720,104961573.000
2017-08-24,3755.890,3734.650,3765.710,3729.090,89947372.000
2017-08-25,3736.290,3795.750,3795.970,3736.290,129940900.000
2017-08-28,3805.660,3842.710,3866.940,3805.660,185576325.000
2017-08-29,3839.180,3834.540,3847.930,3825.760,128227070.000
2017-08-30,3834.270,3834.300,3854.710,3827.860,141352857.000
2017-08-31,3835.840,3822.090,3840.200,3800.890,132944935.000
2017-09-01,3825.340,3830.540,3843.620,3818.160,158645511.000
2017-09-04,3828.540,3845.620,3847.090,3813.550,149566320.000
2017-09-05,3845.550,3857.050,3865.290,3841.950,124964155.000
2017-09-06,3846.750,3849.450,3858.250,3831.380,131398723.000
2017-09-07,3851.690,3829.870,3858.160,3828.830,123884181.000
2017-09-08,3830.070,3825.990,3843.020,3813.980,106036504.000
2017-09-11,3828.340,3825.650,3850.740,3817.510,123883997.000
2017-09-12,3832.240,3837.930,3849.390,3822.000,144190242.000
2017-09-13,3835.550,3842.610,3847.780,3822.940,95410785.000
2017-09-14,3843.570,3829.960,3854.490,3820.090,115358583.000
2017-09-15,3826.140,3831.300,3843.300,3818.520,122427006.000
2017-09-18,3832.960,3843.140,3862.360,3832.960,117934405.000
2017-09-19,3849.880,3832.120,3857.300,3820.290,112432987.000
2017-09-20,3830.150,3842.440,3850.940,3827.890,101129542.000
2017-09-21,3843.260,3837.820,3860.800,3837.380,111098192.000
2017-09-22,3826.460,3837.730,3842.250,3816.820,100619802.000
2017-09-25,3829.220,3817.790,3835.390,3811.120,103948976.000
2017-09-26,3810.330,3820.780,3821.690,3808.380,81869407.000
2017-09-27,3818.960,3821.200,3832.570,3818.810,85655811.000
2017-09-28,3821.590,3822.540,3827.330,3813.750,93544069.000
2017-09-29,3825.200,3836.500,3852.220,3825.200,93306028.000
2017-10-09,3910.110,3882.210,3918.840,3876.030,135535851.000
2017-10-10,3883.000,3889.860,3900.740,3855.470,112532586.000
2017-10-11,3886.820,3902.690,3913.070,3885.500,104418151.000
2017-10-12,3902.020,3912.950,3917.440,3897.550,94340921.000
2017-10-13,3912.980,3921.000,3927.170,3908.890,90142068.000
2017-10-16,3926.280,3913.450,3947.420,3913.320,121355033.000
2017-10-17,3910.790,3913.070,3924.610,3900.480,82241227.000
2017-10-18,3914.820,3944.160,3944.410,3914.820,100969841.000
2017-10-19,3940.580,3931.250,3944.030,3923.650,106527252.000
2017-10-20,3918.530,3926.850,3928.960,3910.200,72980180.000
2017-10-23,3930.890,3930.800,3936.270,3920.660,81484980.000
2017-10-24,3926.230,3959.400,3959.500,3922.030,93058154.000
2017-10-25,3958.170,3976.950,3978.090,3954.000,88205458.000
2017-10-26,3980.050,3993.580,4013.600,3973.550,129895465.000
2017-10-27,3992.550,4021.970,4024.460,3991.350,126672846.000
2017-10-30,4022.160,4009.720,4033.340,3960.270,157387603.000
2017-10-31,3995.390,4006.720,4009.280,3983.260,109178779.000
2017-11-01,4007.910,3996.620,4032.460,3991.320,130417380.000
2017-11-02,3994.090,3997.130,3999.230,3971.380,126100579.000
2017-11-03,3992.350,3992.700,3999.340,3963.030,129404439.000
2017-11-06,3989.180,4020.890,4021.640,3975.410,122081159.000
2017-11-07,4022.400,4054.250,4064.220,4021.360,152116663.000
2017-11-08,4051.490,4048.010,4089.150,4040.580,150827719.000
2017-11-09,4043.070,4075.900,4076.610,4038.400,121056335.000
2017-11-10,4070.280,4111.910,4116.710,4067.660,141817165.000
2017-11-13,4115.550,4128.070,4137.650,4115.550,151446309.000
2017-11-14,4129.270,4099.350,4133.550,4086.890,143236936.000
2017-11-15,4084.210,4073.670,4102.810,4055.720,120635696.000
2017-11-16,4063.490,4105.010,4107.620,4062.270,121384414.000
2017-11-17,4094.080,4120.850,4122.380,4081.370,191784119.000
2017-11-20,4093.730,4143.830,4144.510,4060.960,137447258.000
2017-11-21,4131.850,4217.700,4220.260,4129.980,180350821.000
2017-11-22,4228.370,4227.570,4260.640,4191.150,186477003.000
2017-11-23,4213.380,4102.400,4214.190,4086.900,178147228.000
2017-11-24,4089.470,4104.200,4116.590,4057.490,130858040.000
2017-11-27,4088.930,4049.950,4088.930,4037.150,143455268.000
2017-11-28,4034.210,4055.820,4056.480,4010.300,102058095.000
2017-11-29,4061.350,4053.750,4069.240,4004.690,124553642.000
2017-11-30,4034.010,4006.100,4052.800,3988.000,107983345.000
2017-12-01,4003.560,3998.140,4027.110,3984.380,97386913.000
2017-12-04,3989.050,4018.860,4032.990,3982.320,102647219.000
2017-12-05,4007.940,4040.170,4045.930,4006.540,154087076.000
2017-12-06,4027.120,4015.820,4031.750,3964.810,109286205.000
2017-12-07,4003.580,3971.060,4017.950,3955.990,90254045.000
2017-12-08,3962.830,4003.380,4014.140,3955.440,89282861.000
2017-12-11,4006.880,4069.500,4069.500,4005.270,97148946.000
2017-12-12,4068.510,4016.020,4070.150,4015.450,84338718.000
2017-12-13,4013.830,4050.090,4052.690,4004.740,77546131.000
2017-12-14,4050.900,4026.150,4057.620,4013.850,80768862.000
2017-12-15,4018.730,3980.860,4020.270,3974.930,89044389.000
2017-12-18,3983.300,3985.290,4008.070,3967.930,77853375.000
2017-12-19,3985.820,4035.330,4035.630,3985.820,77528985.000
2017-12-20,4036.020,4030.490,4044.850,4015.630,90604503.000
2017-12-21,4023.080,4067.850,4080.780,4014.650,96836089.000
2017-12-22,4064.910,4054.600,4076.800,4048.490,73473684.000
2017-12-25,4057.420,4041.540,4086.930,4026.450,91926962.000
2017-12-26,4040.620,4053.620,4056.860,4015.300,91118790.000
2017-12-27,4045.280,3991.210,4047.740,3986.740,105153577.000
2017-12-28,3993.000,4018.900,4036.700,3980.240,118542886.000
2017-12-29,4022.880,4030.850,4043.140,4012.880,90486683.000
2018-01-02,4045.210,4087.400,4087.780,4045.210,146935435.000
2018-01-03,4091.460,4111.390,4140.050,4088.730,151852218.000
2018-01-04,4114.120,4128.810,4137.640,4105.890,134543794.000
2018-01-05,4133.340,4138.750,4151.280,4123.280,149009872.000
2018-01-08,4140.850,4160.160,4166.320,4127.310,173877666.000
2018-01-09,4157.540,4189.300,4191.280,4153.500,139034294.000
2018-01-10,4187.200,4207.810,4211.050,4175.140,151121666.000
2018-01-11,4197.110,4205.590,4211.800,4181.960,121578539.000
2018-01-12,4205.140,4225.000,4227.390,4199.020,111354794.000
2018-01-15,4229.840,4225.240,4262.930,4216.360,170907897.000
2018-01-16,4215.620,4258.470,4260.210,4213.130,161494963.000
2018-01-17,4261.780,4248.120,4283.340,4230.540,214311032.000
2018-01-18,4259.380,4271.420,4292.640,4246.680,172032846.000
2018-01-19,4281.940,4285.400,4316.570,4269.620,209490570.000
2018-01-22,4276.480,4336.600,4338.480,4275.900,174643195.000
2018-01-23,4346.890,4382.610,4383.570,4346.790,201867585.000
2018-01-24,4389.450,4389.890,4397.820,4349.090,219818889.000
2018-01-25,4381.980,4365.080,4392.200,4336.240,195374950.000
2018-01-26,4352.220,4381.300,4403.340,4351.490,177227237.000
2018-01-29,4387.060,4302.020,4395.910,4287.110,191100354.000
2018-01-30,4286.680,4256.100,4308.510,4251.570,139034730.000
2018-01-31,4234.110,4275.900,4287.860,4232.770,145210164.000
2018-02-01,4276.340,4245.900,4287.390,4214.290,190002934.000
2018-02-02,4213.940,4271.230,4271.760,4181.780,146066827.000
2018-02-05,4204.460,4274.150,4274.150,4200.140,161347799.000
2018-02-06,4182.330,4148.890,4211.520,4131.560,214910450.000
2018-02-07,4205.740,4050.500,4212.570,4048.420,203127493.000
2018-02-08,4022.880,4012.050,4071.670,3974.680,159269985.000
2018-02-09,3896.170,3840.650,3911.290,3759.150,206349828.000
2018-02-12,3846.270,3890.100,3907.840,3828.070,116182637.000
2018-02-13,3925.600,3935.630,3986.980,3925.600,112565885.000
2018-02-14,3945.090,3966.960,3971.400,3923.130,71081338.000
2018-02-22,4020.970,4052.730,4058.790,4009.920,105811571.000
2018-02-23,4061.750,4071.090,4085.200,4035.230,99458746.000
2018-02-26,4093.400,4118.420,4128.740,4048.980,137881001.000
2018-02-27,4120.870,4058.980,4120.870,4051.810,125934470.000
2018-02-28,4016.790,4023.640,4051.710,3991.710,109343593.000
2018-03-01,3994.870,4049.090,4061.030,3986.890,110199852.000
2018-03-02,4014.950,4016.460,4044.420,4006.940,96165000.000
2018-03-05,4021.660,4018.100,4042.830,3995.870,87952548.000
2018-03-06,4034.990,4066.560,4067.550,3998.930,138762444.000
2018-03-07,4063.500,4036.650,4089.700,4027.940,106952426.000
2018-03-08,4038.950,4077.600,4078.230,4029.710,91155810.000
2018-03-09,4088.070,4108.870,4110.670,4076.450,113701808.000
2018-03-12,4130.710,4127.670,4139.530,4112.770,140906739.000
2018-03-13,4124.330,4091.250,4130.280,4087.560,111766430.000
2018-03-14,4076.060,4073.340,4089.090,4066.490,99013409.000
2018-03-15,4058.710,4096.160,4098.990,4058.710,88161156.000
2018-03-16,4096.890,4056.420,4110.040,4055.820,84896188.000
2018-03-19,4054.620,4074.250,4074.520,4033.520,81502882.000
2018-03-20,4045.740,4077.700,4080.190,4040.310,80605280.000
2018-03-21,4097.020,4061.050,4110.120,4046.240,97609488.000
2018-03-22,4062.070,4020.350,4072.380,4003.720,89095259.000
2018-03-23,3896.740,3904.940,3928.510,3834.940,180080449.000
2018-03-26,3862.690,3879.890,3883.900,3829.920,115139128.000
2018-03-27,3927.490,3913.270,3936.780,3881.870,113700711.000
2018-03-28,3865.050,3842.720,3907.280,3835.880,101494908.000
2018-03-29,3854.590,3894.050,3913.960,3794.260,116629066.000
2018-03-30,3893.750,3898.500,3915.350,3879.210,97512270.000
2018-04-02,3897.010,3886.920,3937.020,3882.890,111242666.000
2018-04-03,3850.150,3862.480,3878.150,3839.930,95137369.000
2018-04-04,3873.630,3854.860,3898.610,3852.500,88730609.000
2018-04-09,3851.950,3852.930,3870.670,3827.410,84105462.000
2018-04-10,3860.720,3927.170,3927.420,3851.800,106173722.000
2018-04-11,3934.170,3938.340,3958.710,3924.960,111933021.000
2018-04-12,3935.670,3898.640,3937.780,3896.180,82699490.000
2018-04-13,3920.740,3871.140,3929.950,3866.190,71544203.000
2018-04-16,3862.470,3808.860,3869.160,3789.610,99217770.000
2018-04-17,3812.870,3748.640,3822.630,3745.440,90610790.000
2018-04-18,3785.310,3766.280,3789.660,3708.110,106676706.000
2018-04-19,3774.780,3811.840,3824.030,3767.800,99054060.000
2018-04-20,3801.210,3760.850,3815.440,3750.100,99282925.000
2018-04-23,3754.690,3766.330,3787.400,3735.180,90356291.000
2018-04-24,3769.880,3843.490,3854.430,3769.880,114219525.000
2018-04-25,3824.590,3828.700,3838.690,3817.030,78172612.000
2018-04-26,3823.390,3755.490,3828.710,3744.890,87150641.000
2018-04-27,3771.040,3756.880,3776.980,3714.640,89531726.000
2018-05-02,3769.930,3763.650,3787.300,3744.550,83301035.000
2018-05-03,3756.170,3793.000,3797.530,3732.370,93961118.000
2018-05-04,3784.320,3774.600,3801.520,3770.940,71554288.000
2018-05-07,3782.540,3834.190,3834.590,3776.030,87286195.000
2018-05-08,3834.610,3878.680,3892.070,3833.730,94215157.000
2018-05-09,3876.130,3871.620,3878.940,3855.740,66712966.000
2018-05-10,3882.840,3893.060,3894.490,3867.310,70667809.000
2018-05-11,3902.150,3872.840,3903.340,3871.950,73356604.000
2018-05-14,3886.870,3909.290,3919.300,3886.870,81975999.000
2018-05-15,3920.140,3924.100,3924.340,3892.920,76049555.000
2018-05-16,3909.820,3892.840,3923.340,3889.190,71913646.000
2018-05-17,3895.490,3864.050,3899.510,3858.850,59030123.000
2018-05-18,3860.160,3903.060,3903.060,3841.900,72613956.000
2018-05-21,3925.540,3921.240,3937.460,3913.600,92641737.000
2018-05-22,3918.820,3906.210,3918.820,3881.170,75368778.000
2018-05-23,3898.270,3854.580,3898.270,3854.580,83722319.000
2018-05-24,3853.290,3827.220,3859.100,3823.920,68345022.000
2018-05-25,3823.740,3816.500,3841.120,3804.140,70836386.000
2018-05-28,3816.260,3833.260,3846.550,3799.320,71521132.000
2018-05-29,3824.190,3804.010,3841.780,3800.670,81552662.000
2018-05-30,3755.180,3723.370,3767.890,3722.070,87913285.000
2018-05-31,3749.300,3802.380,3804.790,3742.530,92666894.000
2018-06-01,3789.670,3770.590,3802.540,3753.840,77821813.000
2018-06-04,3785.190,3807.580,3813.410,3776.620,76624341.000
2018-06-05,3811.290,3845.320,3845.560,3800.930,78687360.000
2018-06-06,3839.680,3837.350,3848.330,3830.900,73117237.000
2018-06-07,3846.940,3831.010,3859.850,3827.690,80256147.000
2018-06-08,3819.450,3779.620,3819.460,3759.270,83337335.000
2018-06-11,3770.210,3779.980,3792.550,3756.510,68709834.000
2018-06-12,3783.190,3825.950,3830.470,3765.260,73206244.000
2018-06-13,3814.620,3788.340,3817.450,3782.070,66377970.000
2018-06-14,3774.640,3773.370,3808.160,3759.250,68471322.000
2018-06-15,3763.040,3753.430,3780.340,3737.430,85488893.000
2018-06-19,3702.670,3621.120,3712.820,3583.020,160706542.000
2018-06-20,3602.550,3635.440,3649.340,3578.170,86718098.000
2018-06-21,3633.560,3592.970,3673.560,3589.490,93908552.000
2018-06-22,3567.890,3608.900,3609.080,3542.460,75117864.000
2018-06-25,3625.800,3560.480,3631.030,3559.030,79877078.000
2018-06-26,3521.590,3531.110,3541.780,3478.210,84985269.000
2018-06-27,3525.130,3459.260,3537.660,3441.780,81491817.000
2018-06-28,3434.940,3423.530,3477.060,3416.950,75918051.000
2018-06-29,3431.960,3510.980,3512.380,3425.220,77257031.000
2018-07-02,3504.460,3407.960,3506.900,3383.500,84351449.000
2018-07-03,3410.480,3409.280,3422.040,3319.290,95278693.000
2018-07-04,3398.780,3363.750,3418.330,3359.090,75157997.000
2018-07-05,3365.550,3342.440,3398.490,3330.710,81587981.000
2018-07-06,3347.060,3365.120,3396.250,3295.730,86097579.000
2018-07-09,3378.910,3459.180,3459.320,3378.910,76601545.000
2018-07-10,3464.910,3467.520,3474.140,3437.270,69548823.000
2018-07-11,3398.930,3407.530,3427.570,3375.140,72040950.000
2018-07-12,3403.330,3481.060,3499.100,3403.330,96353564.000
2018-07-13,3488.500,3492.690,3499.760,3474.910,72955897.000
2018-07-16,3488.970,3472.090,3506.240,3459.730,68281999.000
2018-07-17,3466.420,3449.380,3467.190,3420.970,61983076.000
2018-07-18,3456.610,3431.320,3479.260,3430.160,66530330.000
2018-07-19,3444.800,3428.340,3466.510,3417.960,68477716.000
2018-07-20,3426.460,3492.890,3505.930,3398.950,101984727.000
2018-07-23,3471.860,3525.750,3527.530,3464.650,119036627.000
2018-07-24,3530.660,3581.710,3596.510,3530.660,156912435.000
2018-07-25,3589.510,3577.750,3589.980,3566.310,96758501.000
2018-07-26,3583.320,3536.250,3593.920,3528.640,90349641.000
2018-07-27,3533.770,3521.230,3545.410,3512.700,70178104.000
2018-07-30,3520.850,3515.080,3550.900,3489.550,82116995.000
2018-07-31,3510.470,3517.660,3528.150,3493.150,67980817.000
2018-08-01,3530.030,3447.390,3543.610,3446.780,90348617.000
2018-08-02,3434.350,3370.960,3434.350,3322.100,101308727.000
2018-08-03,3366.660,3315.280,3381.340,3315.200,70796910.000
2018-08-06,3312.820,3273.270,3344.250,3257.690,77975083.000
2018-08-07,3284.980,3368.870,3368.960,3263.500,91783916.000
2018-08-08,3362.150,3314.510,3368.160,3311.770,79284865.000
2018-08-09,3303.480,3397.530,3408.390,3299.620,91957572.000
2018-08-10,3398.410,3405.020,3424.040,3380.570,68967299.000
2018-08-13,3369.980,3390.340,3396.190,3336.700,76191532.000
2018-08-14,3386.480,3372.910,3391.730,3356.610,60651446.000
2018-08-15,3371.960,3291.980,3372.140,3288.710,68174055.000
2018-08-16,3251.860,3276.730,3315.200,3231.560,76547366.000
2018-08-17,3305.900,3229.620,3311.570,3224.100,67395413.000
2018-08-20,3238.220,3267.250,3267.250,3209.010,70904228.000
2018-08-21,3271.840,3326.650,3331.710,3270.030,75205583.000
2018-08-22,3328.970,3307.950,3328.970,3299.390,50787057.000
2018-08-23,3308.460,3320.030,3336.110,3285.810,61112334.000
2018-08-24,3308.480,3325.330,3353.040,3291.870,63765897.000
2018-08-27,3339.390,3406.570,3406.570,3339.260,94270082.000
2018-08-28,3408.150,3400.170,3416.590,3388.810,75445363.000
2018-08-29,3393.050,3386.570,3398.710,3377.120,67020404.000
2018-08-30,3385.810,3351.090,3402.560,3349.470,68385290.000
2018-08-31,3333.380,3334.500,3356.580,3310.870,76205630.000
2018-09-03,3320.690,3321.820,3325.610,3291.780,66429855.000
2018-09-04,3324.190,3363.900,3370.960,3307.960,67088807.000
2018-09-05,3349.700,3298.140,3354.200,3298.140,64301888.000
2018-09-06,3286.660,3262.880,3311.500,3253.760,62300288.000
2018-09-07,3273.890,3277.640,3316.610,3253.730,63947408.000
2018-09-10,3271.380,3230.070,3277.880,3227.850,63817051.000
2018-09-11,3229.710,3224.210,3245.620,3209.110,58491305.000
2018-09-12,3216.990,3202.020,3225.600,3194.980,54627899.000
2018-09-13,3239.690,3236.570,3249.590,3191.400,67290327.000
2018-09-14,3242.830,3242.090,3254.100,3227.940,60130640.000
2018-09-17,3224.930,3204.920,3230.790,3200.510,52259547.000
2018-09-18,3193.640,3269.430,3270.110,3193.640,70425035.000
2018-09-19,3262.000,3312.480,3335.990,3258.310,89170666.000
2018-09-20,3314.880,3310.130,3332.310,3303.070,64561057.000
2018-09-21,3320.700,3410.490,3410.490,3307.770,108416005.000
2018-09-25,3375.970,3379.800,3394.380,3367.030,69054693.000
2018-09-26,3388.560,3417.240,3448.260,3383.240,93173343.000
2018-09-27,3415.950,3403.590,3423.710,3394.730,69765241.000
2018-09-28,3409.960,3438.860,3444.990,3404.700,84377756.000
2018-10-08,3361.560,3290.900,3364.460,3285.250,97888989.000
2018-10-09,3290.170,3288.690,3309.800,3276.130,66723274.000
2018-10-10,3295.430,3281.600,3315.730,3256.580,64492828.000
2018-10-11,3179.540,3124.110,3209.520,3099.040,120941342.000
2018-10-12,3123.370,3170.730,3184.120,3094.970,98611151.000
2018-10-15,3173.850,3126.450,3183.130,3120.230,69605023.000
2018-10-16,3128.580,3100.970,3166.090,3089.370,68887721.000
2018-10-17,3140.680,3118.250,3149.130,3062.550,76837138.000
2018-10-18,3097.790,3044.390,3097.790,3043.380,73771968.000
2018-10-19,3017.750,3134.950,3137.750,3009.500,98839688.000
2018-10-22,3159.560,3270.270,3297.380,3159.560,145862045.000
2018-10-23,3273.130,3183.430,3276.020,3163.570,121013241.000
2018-10-24,3169.460,3188.200,3245.400,3164.290,110909744.000
2018-10-25,3107.840,3194.310,3197.320,3099.890,106951817.000
2018-10-26,3204.280,3173.640,3218.100,3151.920,101299354.000
2018-10-29,3157.490,3076.890,3158.810,3062.580,91839789.000
2018-10-30,3061.930,3110.260,3146.630,3050.770,116070101.000
2018-10-31,3116.660,3153.820,3168.920,3106.030,111207455.000
2018-11-01,3185.200,3177.030,3217.800,3173.100,132653379.000
2018-11-02,3258.610,3290.250,3290.250,3222.440,153466104.000
2018-11-05,3269.470,3262.840,3279.880,3230.360,109706683.000
2018-11-06,3254.980,3243.150,3254.980,3213.900,83869138.000
2018-11-07,3243.880,3221.910,3270.500,3218.420,91615528.000
2018-11-08,3251.730,3212.770,3253.570,3207.710,76414540.000
2018-11-09,3193.300,3167.440,3193.300,3166.310,84282762.000
2018-11-12,3160.250,3205.140,3206.510,3152.440,88062391.000
2018-11-13,3164.920,3237.380,3254.770,3161.100,126493464.000
2018-11-14,3233.640,3204.940,3239.240,3200.230,113808659.000
2018-11-15,3201.280,3242.370,3242.380,3198.780,98558810.000
2018-11-16,3242.880,3257.670,3282.390,3223.720,126876835.000
2018-11-19,3258.790,3294.600,3294.600,3251.070,115956595.000
2018-11-20,3268.080,3218.410,3278.780,3213.680,109361154.000
2018-11-21,3187.100,3226.490,3230.260,3185.240,84119726.000
2018-11-22,3232.970,3214.430,3235.450,3199.700,65098291.000
2018-11-23,3208.590,3143.480,3212.200,3139.390,84638255.000
2018-11-26,3148.670,3141.240,3169.440,3131.640,59379140.000
2018-11-27,3152.770,3137.240,3162.010,3126.290,55407832.000
2018-11-28,3137.750,3178.930,3179.410,3126.620,74881955.000
2018-11-29,3198.830,3137.650,3204.860,3137.650,80498466.000
2018-11-30,3136.200,3172.690,3175.150,3132.420,70921044.000
2018-12-03,3260.690,3260.950,3273.640,3228.360,121487157.000
2018-12-04,3256.230,3267.710,3267.940,3243.700,79415039.000
2018-12-05,3224.260,3252.000,3266.900,3219.980,76153052.000
2018-12-06,3218.110,3181.670,3223.520,3179.890,76328771.000
2018-12-07,3187.490,3181.560,3193.820,3176.710,53361924.000
2018-12-10,3153.520,3144.760,3170.150,3134.380,63437273.000
2018-12-11,3148.230,3159.820,3161.960,3143.610,53223877.000
2018-12-12,3181.570,3170.610,3182.210,3160.280,53309914.000
2018-12-13,3178.890,3219.690,3234.080,3169.420,90442755.000
2018-12-14,3207.350,3165.910,3210.720,3165.910,84301250.000
2018-12-17,3158.280,3161.200,3167.510,3134.370,66497007.000
2018-12-18,3139.950,3128.430,3165.000,3114.470,63820319.000
2018-12-19,3133.740,3091.130,3137.010,3086.760,55522299.000
2018-12-20,3083.540,3067.420,3097.720,3044.290,69749463.000
2018-12-21,3055.330,3029.400,3057.400,3007.610,76758101.000
2018-12-24,3015.500,3038.200,3040.350,3007.330,57299615.000
2018-12-25,3006.880,3017.280,3030.140,2964.880,78689425.000
2018-12-26,3012.870,3002.030,3029.060,2996.480,55647032.000
2018-12-27,3042.950,2990.510,3047.230,2990.510,80541785.000
2018-12-28,2994.790,3010.650,3024.350,2984.820,71053779.000
2019-01-02,3017.070,2969.540,3018.780,2958.490,68663021.000
2019-01-03,2963.020,2964.840,3000.440,2953.250,70867103.000
2019-01-04,2940.190,3035.870,3036.810,2935.830,103318972.000
2019-01-07,3055.150,3054.300,3061.750,3035.910,101164359.000
2019-01-08,3049.870,3047.700,3055.510,3038.530,86170585.000
2019-01-09,3065.230,3078.480,3117.960,3062.850,107364350.000
2019-01-10,3077.480,3072.690,3092.540,3062.570,85271756.000
2019-01-11,3082.260,3094.780,3102.830,3071.030,71786424.000
2019-01-14,3092.500,3067.780,3097.410,3064.380,66121702.000
2019-01-15,3071.520,3127.990,3129.370,3064.670,88772962.000
2019-01-16,3126.130,3128.650,3135.010,3117.290,80214341.000
2019-01-17,3132.630,3111.420,3141.710,3110.060,80174871.000
2019-01-18,3124.500,3168.170,3171.690,3120.350,103963834.000
2019-01-21,3170.880,3185.640,3199.210,3170.880,93915022.000
2019-01-22,3181.950,3143.320,3181.950,3135.340,72990528.000
2019-01-23,3136.100,3141.050,3157.630,3131.870,59870478.000
2019-01-24,3146.600,3158.780,3165.630,3125.300,72934636.000
2019-01-25,3165.180,3184.470,3203.170,3164.410,83967729.000
2019-01-28,3203.120,3183.780,3228.870,3174.720,82622431.000
2019-01-29,3177.260,3193.970,3200.990,3148.230,77658334.000
2019-01-30,3181.660,3168.480,3202.900,3167.890,63746517.000
2019-01-31,3182.700,3201.630,3216.070,3178.010,86247839.000
2019-02-01,3225.730,3247.400,3247.500,3207.720,82019641.000
2019-02-11,3239.810,3306.470,3307.060,3239.810,98818434.000
2019-02-12,3306.350,3330.340,3335.360,3298.630,122232462.000
2019-02-13,3337.780,3397.030,3405.580,3329.140,163828332.000
2019-02-14,3392.850,3402.140,3415.400,3381.980,151127290.000
2019-02-15,3391.240,3338.700,3395.030,3335.870,143668603.000
2019-02-18,3366.420,3445.740,3445.740,3366.420,182886089.000
2019-02-19,3454.720,3439.610,3480.790,3419.070,179083785.000
2019-02-20,3449.930,3451.930,3463.770,3421.500,147390311.000
2019-02-21,3450.140,3442.710,3500.250,3431.630,180143287.000
2019-02-22,3439.380,3520.120,3520.120,3417.980,187237974.000
2019-02-25,3575.850,3729.480,3729.480,3574.690,342557122.000
2019-02-26,3734.710,3684.690,3762.110,3679.270,358038698.000
2019-02-27,3682.810,3678.390,3737.630,3638.330,286236007.000
2019-02-28,3675.260,3669.370,3695.460,3650.050,184810220.000
2019-03-01,3699.220,3749.710,3749.710,3668.770,204711004.000
2019-03-04,3783.040,3794.100,3886.580,3764.780,323490126.000
2019-03-05,3785.380,3816.010,3816.160,3770.790,230853166.000
2019-03-06,3822.860,3848.090,3855.160,3787.520,318077371.000
2019-03-07,3841.150,3808.850,3845.180,3778.800,329846548.000
2019-03-08,3721.400,3657.580,3774.540,3656.190,317990077.000
2019-03-11,3663.980,3729.950,3731.910,3650.810,230912865.000
2019-03-12,3758.320,3755.350,3804.720,3723.680,274926382.000
2019-03-13,3758.710,3724.190,3763.090,3708.810,233682248.000
2019-03-14,3710.290,3698.490,3747.820,3673.850,190817237.000
2019-03-15,3713.940,3745.000,3782.240,3713.940,175174544.000
2019-03-18,3753.640,3851.750,3851.750,3733.680,216928060.000
2019-03-19,3856.590,3833.960,3868.330,3815.220,181727110.000
2019-03-20,3825.340,3835.440,3855.150,3790.510,175632090.000
2019-03-21,3840.280,3836.890,3864.070,3823.470,196310310.000
2019-03-22,3838.130,3833.800,3845.580,3786.590,171356993.000
2019-03-25,3776.440,3742.830,3807.180,3741.610,198586329.000
2019-03-26,3766.530,3700.440,3770.840,3687.550,173046579.000
2019-03-27,3724.410,3743.390,3750.260,3703.450,138758454.000
2019-03-28,3731.060,3728.400,3755.720,3710.080,133272129.000
2019-03-29,3739.770,3872.340,3876.380,3739.770,215639103.000
2019-04-01,3901.170,3973.930,3982.910,3901.170,271382704.000
2019-04-02,3986.340,3971.290,3988.100,3956.510,226000341.000
2019-04-03,3947.870,4022.160,4026.500,3939.780,231917368.000
2019-04-04,4039.740,4062.230,4072.110,4021.710,260410939.000
2019-04-08,4097.100,4057.230,4122.600,4017.490,267505576.000
2019-04-09,4063.810,4075.430,4084.240,4038.280,182956808.000
2019-04-10,4062.440,4085.850,4115.380,4035.470,194687613.000
2019-04-11,4083.460,3997.580,4097.120,3990.240,169049641.000
2019-04-12,3986.780,3988.620,4006.930,3961.460,135862118.000
2019-04-15,4056.490,3975.520,4085.390,3974.230,182645571.000
2019-04-16,3958.100,4085.790,4085.790,3943.490,202041966.000
2019-04-17,4080.720,4087.240,4106.620,4057.500,180367117.000
2019-04-18,4085.110,4072.080,4094.050,4056.240,146562123.000
2019-04-19,4076.300,4120.610,4120.640,4046.200,150794910.000
2019-04-22,4125.970,4025.610,4126.090,4015.470,189353745.000
2019-04-23,4021.630,4019.010,4061.090,4005.280,155611650.000
2019-04-24,4033.630,4030.090,4044.340,3967.810,145498695.000
2019-04-25,4013.600,3941.820,4022.560,3938.330,159722071.000
2019-04-26,3921.890,3889.270,3943.830,3887.250,142008068.000
2019-04-29,3896.580,3900.330,3953.230,3875.450,153870927.000
2019-04-30,3887.180,3913.210,3923.110,3885.150,116233376.000
2019-05-06,3775.080,3684.620,3791.610,3647.140,197472882.000
2019-05-07,3702.270,3720.670,3738.180,3671.830,132847654.000
2019-05-08,3648.550,3667.460,3722.930,3642.500,112867355.000
2019-05-09,3637.350,3599.700,3656.900,3584.820,101037394.000
2019-05-10,3643.060,3730.450,3732.920,3589.290,148003847.000
2019-05-13,3675.760,3668.730,3702.900,3658.000,103391860.000
2019-05-14,3630.440,3645.150,3683.260,3630.440,102313460.000
2019-05-15,3674.990,3727.090,3741.040,3674.990,110161769.000
2019-05-16,3720.040,3743.960,3745.140,3707.900,116258274.000
2019-05-17,3744.880,3648.760,3745.360,3637.580,128453245.000
2019-05-20,3635.740,3617.790,3644.500,3583.830,108963477.000
2019-05-21,3619.440,3666.780,3690.090,3610.680,111022920.000
2019-05-22,3663.150,3649.380,3679.270,3634.750,98346128.000
2019-05-23,3629.530,3583.960,3631.470,3578.110,99897781.000
2019-05-24,3584.900,3593.910,3623.390,3580.790,80934048.000
2019-05-27,3592.600,3637.200,3648.030,3556.260,108830871.000
2019-05-28,3633.020,3672.260,3683.230,3627.790,117886240.000
2019-05-29,3642.540,3663.910,3693.230,3637.350,93355441.000
2019-05-30,3648.850,3641.180,3650.970,3612.620,94202561.000
2019-05-31,3641.000,3629.790,3668.180,3627.540,89222267.000
2019-06-03,3640.610,3632.010,3672.810,3613.130,100723180.000
2019-06-04,3632.560,3598.470,3636.130,3584.460,87097094.000
2019-06-05,3627.790,3597.100,3634.450,3593.950,88642020.000
2019-06-06,3601.040,3564.680,3601.040,3557.020,85534403.000
2019-06-10,3578.010,3610.740,3623.730,3568.280,92375061.000
2019-06-11,3617.520,3719.280,3723.140,3617.520,143482806.000
2019-06-12,3706.860,3691.100,3711.880,3683.940,119178853.000
2019-06-13,3689.580,3685.390,3697.590,3654.270,96331718.000
2019-06-14,3690.480,3654.880,3709.650,3650.910,101817004.000
2019-06-17,3654.440,3654.820,3683.770,3645.500,72976678.000
2019-06-18,3661.130,3667.620,3675.650,3638.780,70692266.000
2019-06-19,3761.340,3715.940,3771.350,3715.130,125595715.000
2019-06-20,3718.940,3828.520,3845.790,3717.190,168872073.000
2019-06-21,3832.730,3833.940,3856.090,3817.310,153635155.000
2019-06-24,3836.310,3841.270,3853.550,3819.770,100084621.000
2019-06-25,3837.430,3801.310,3838.060,3755.010,124075912.000
2019-06-26,3779.510,3794.330,3809.760,3771.720,81820283.000
2019-06-27,3807.540,3834.820,3854.080,3805.830,105316358.000
2019-06-28,3832.060,3825.590,3835.230,3803.050,84766139.000
2019-07-01,3899.330,3935.810,3936.670,3886.910,158370340.000
2019-07-02,3931.050,3937.170,3942.430,3918.940,131863496.000
2019-07-03,3927.440,3893.530,3927.440,3878.840,111992603.000
2019-07-04,3895.200,3873.100,3906.890,3854.690,99342256.000
2019-07-05,3875.370,3893.200,3900.310,3857.930,74006527.000
2019-07-08,3875.750,3802.790,3875.750,3775.030,109539086.000
2019-07-09,3798.100,3793.130,3811.100,3774.760,74842732.000
2019-07-10,3807.950,3786.740,3810.400,3774.230,72833948.000
2019-07-11,3806.190,3785.220,3830.740,3774.410,75311965.000
2019-07-12,3783.070,3808.730,3820.240,3774.520,75465967.000
2019-07-15,3792.640,3824.190,3844.870,3745.850,101205222.000
2019-07-16,3819.250,3806.840,3828.330,3799.870,80730952.000
2019-07-17,3800.110,3804.640,3820.270,3787.900,95183885.000
2019-07-18,3793.190,3768.400,3793.390,3768.000,87496445.000
2019-07-19,3787.510,3807.960,3828.150,3787.510,88086149.000
2019-07-22,3813.500,3781.680,3816.540,3765.440,92101377.000
2019-07-23,3783.540,3789.910,3792.960,3768.760,71313346.000
2019-07-24,3803.590,3819.830,3840.060,3803.570,90940684.000
2019-07-25,3821.390,3851.070,3851.070,3812.950,93740417.000
2019-07-26,3835.230,3858.570,3863.590,3832.520,83259300.000
2019-07-29,3857.940,3854.270,3862.750,3842.430,84814370.000
2019-07-30,3861.570,3870.320,3890.730,3861.570,94123955.000
2019-07-31,3856.750,3835.360,3856.750,3830.090,82151155.000
2019-08-01,3819.320,3803.470,3831.260,3791.550,84114180.000
2019-08-02,3729.130,3747.440,3754.530,3720.060,108335897.000
2019-08-05,3724.410,3675.690,3739.500,3675.690,101325981.000
2019-08-06,3609.110,3636.330,3649.900,3575.860,129833871.000
2019-08-07,3654.630,3621.430,3659.080,3621.430,84238716.000
2019-08-08,3651.360,3669.290,3675.460,3646.940,88457707.000
2019-08-09,3686.750,3633.530,3689.180,3628.120,85295580.000
2019-08-12,3647.870,3699.100,3699.100,3643.320,82083056.000
2019-08-13,3675.590,3665.750,3686.430,3658.010,76500302.000
2019-08-14,3712.070,3682.400,3717.560,3680.610,91202590.000
2019-08-15,3618.010,3694.000,3694.300,3612.110,88598832.000
2019-08-16,3697.940,3710.540,3738.100,3687.080,88319169.000
2019-08-19,3736.030,3791.090,3791.090,3720.690,139327013.000
2019-08-20,3786.030,3787.730,3799.900,3778.730,108602088.000
2019-08-21,3778.310,3781.760,3792.600,3775.450,82299880.000
2019-08-22,3793.860,3793.510,3797.330,3771.200,85807792.000
2019-08-23,3796.880,3820.860,3829.360,3788.030,87954583.000
2019-08-26,3756.360,3765.910,3778.870,3753.160,93859269.000
2019-08-27,3791.460,3816.950,3848.240,3790.870,124731478.000
2019-08-28,3818.810,3802.580,3822.590,3790.140,88750812.000
2019-08-29,3805.490,3790.190,3808.600,3774.400,84083387.000
2019-08-30,3816.680,3799.590,3828.970,3778.920,96695150.000
2019-09-02,3803.690,3848.320,3855.780,3799.820,110289349.000
2019-09-03,3852.580,3853.610,3856.680,3833.760,97714631.000
2019-09-04,3848.650,3886.000,3886.000,3846.420,126628615.000
2019-09-05,3909.210,3925.320,3970.000,3909.210,181656231.000
2019-09-06,3946.690,3948.510,3948.540,3922.340,121882376.000
2019-09-09,3980.960,3972.950,3985.240,3954.880,146809754.000
2019-09-10,3976.870,3959.260,3976.920,3938.740,130889386.000
2019-09-11,3969.680,3930.100,3971.220,3922.950,131594875.000
2019-09-12,3944.690,3972.380,3975.930,3933.440,110241273.000
2019-09-16,3981.360,3957.720,3982.200,3943.370,110259805.000
2019-09-17,3947.160,3891.220,3947.160,3879.490,113694317.000
2019-09-18,3902.990,3910.080,3923.150,3902.510,82056152.000
2019-09-19,3923.960,3924.380,3924.380,3897.070,85984238.000
2019-09-20,3933.460,3935.650,3942.220,3921.410,103455955.000
2019-09-23,3925.190,3890.660,3925.190,3868.210,94036225.000
2019-09-24,3895.870,3901.080,3927.010,3886.140,87783230.000
2019-09-25,3887.550,3870.980,3889.840,3867.230,89520835.000
2019-09-26,3884.700,3841.140,3890.750,3840.250,102698301.000
2019-09-27,3843.460,3852.650,3859.500,3832.250,74003947.000
2019-09-30,3842.070,3814.530,3857.230,3813.550,65931313.000
2019-10-08,3818.590,3837.680,3861.640,3818.590,76657860.000
2019-10-09,3822.610,3843.240,3845.340,3805.070,75854512.000
2019-10-10,3838.490,3874.640,3877.140,3829.430,79222694.000
2019-10-11,3885.520,3911.730,3922.370,3868.840,93412577.000
2019-10-14,3944.860,3953.240,3983.810,3934.730,122393611.000
2019-10-15,3953.160,3936.250,3953.160,3928.150,85273949.000
2019-10-16,3939.280,3922.690,3964.050,3919.020,83229707.000
2019-10-17,3929.390,3925.220,3935.810,3913.920,64863745.000
2019-10-18,3935.420,3869.380,3940.540,3864.970,82321140.000
2019-10-21,3865.340,3880.840,3884.740,3856.040,74182918.000
2019-10-22,3896.310,3895.880,3897.440,3870.550,68918566.000
2019-10-23,3892.680,3871.080,3901.420,3862.200,70198625.000
2019-10-24,3877.920,3870.670,3890.200,3852.580,71334575.000
2019-10-25,3871.770,3896.790,3899.720,3849.030,77453620.000
2019-10-28,3904.980,3926.580,3927.800,3897.820,97406020.000
2019-10-29,3929.710,3910.230,3932.370,3910.230,82257075.000
2019-10-30,3904.720,3891.230,3908.100,3883.450,77872923.000
2019-10-31,3906.860,3886.750,3907.150,3878.880,86714539.000
2019-11-01,3883.810,3952.390,3956.080,3876.420,100689612.000
2019-11-04,3964.010,3978.120,3985.360,3964.010,104193855.000
2019-11-05,3982.120,4002.810,4030.640,3970.870,112911880.000
2019-11-06,4006.330,3984.880,4007.500,3973.780,97312952.000
2019-11-07,3984.550,3991.880,4005.380,3975.550,87254898.000
2019-11-08,4017.670,3973.010,4022.040,3971.570,97106948.000
2019-11-11,3948.620,3902.980,3948.620,3897.550,94155621.000
2019-11-12,3905.960,3903.690,3914.880,3877.740,76543069.000
2019-11-13,3905.280,3899.980,3908.420,3882.430,76749078.000
2019-11-14,3905.930,3905.860,3916.950,3895.140,87008446.000
2019-11-15,3908.490,3877.090,3915.100,3877.090,83730917.000
2019-11-18,3874.440,3907.930,3913.100,3868.320,76645993.000
2019-11-19,3904.100,3947.040,3947.040,3902.380,82161025.000
2019-11-20,3940.130,3907.860,3943.230,3901.990,76815333.000
2019-11-21,3894.540,3889.600,3901.830,3875.970,69130538.000
2019-11-22,3894.170,3849.990,3918.840,3833.500,91042639.000
2019-11-25,3850.970,3878.210,3878.250,3839.420,106066289.000
2019-11-26,3893.430,3891.650,3899.110,3869.590,111513537.000
2019-11-27,3883.430,3875.620,3889.980,3862.700,76437305.000
2019-11-28,3877.900,3862.300,3887.690,3852.010,65230119.000
2019-11-29,3857.190,3828.670,3861.660,3804.830,74144331.000
2019-12-02,3835.510,3836.060,3854.750,3829.310,77412173.000
2019-12-03,3829.210,3851.090,3851.120,3811.630,73611240.000
2019-12-04,3841.660,3849.820,3852.990,3831.070,79683385.000
2019-12-05,3863.610,3879.360,3883.400,3859.820,89051193.000
2019-12-06,3885.060,3902.390,3902.390,3878.700,78648887.000
2019-12-09,3909.530,3895.450,3911.970,3885.250,95353806.000
2019-12-10,3886.440,3900.380,3900.960,3882.090,86262928.000
2019-12-11,3907.160,3902.750,3909.390,3890.340,99765480.000
2019-12-12,3908.450,3891.020,3908.450,3886.120,84708330.000
2019-12-13,3928.000,3968.220,3969.460,3925.280,148571349.000
2019-12-16,3970.710,3987.550,3987.590,3953.510,148486670.000
2019-12-17,3987.740,4041.800,4067.140,3984.520,201162937.000
2019-12-18,4039.720,4032.780,4057.640,4025.340,151351764.000
2019-12-19,4034.620,4027.150,4038.540,4014.900,117900558.000
2019-12-20,4032.150,4017.250,4046.730,4014.930,121267662.000
2019-12-23,4014.690,3967.100,4032.170,3964.380,122816246.000
2019-12-24,3971.560,3992.960,3994.510,3963.670,95989045.000
2019-12-25,3988.660,3990.870,4000.560,3976.360,94938890.000
2019-12-26,3993.670,4025.990,4025.990,3993.540,108860640.000
2019-12-27,4029.250,4022.030,4066.800,4019.720,150926411.000
2019-12-30,4015.520,4081.630,4083.690,4001.500,155971488.000
2019-12-31,4077.750,4096.580,4098.140,4069.010,123264258.000
2020-01-02,4121.350,4152.240,4172.660,4121.350,182116772.000
2020-01-03,4161.220,4144.960,4164.300,4131.860,142826244.000
2020-01-06,4120.520,4129.300,4170.640,4102.380,175309953.000
2020-01-07,4137.400,4160.230,4161.250,4135.100,139489031.000
2020-01-08,4139.630,4112.320,4149.810,4101.980,167585850.000
2020-01-09,4145.530,4164.370,4165.660,4143.590,136886324.000
2020-01-10,4177.580,4163.190,4180.980,4148.480,113031719.000
2020-01-13,4166.930,4203.990,4203.990,4148.600,119691982.000
2020-01-14,4215.160,4189.890,4223.510,4188.080,129320783.000
2020-01-15,4186.880,4166.730,4193.870,4150.880,104633136.000
2020-01-16,4174.820,4149.040,4175.290,4142.180,100267642.000
2020-01-17,4162.190,4154.850,4177.030,4141.650,98725682.000
2020-01-20,4170.740,4185.830,4185.960,4149.490,122409147.000
2020-01-21,4165.020,4114.310,4165.020,4113.330,130527507.000
2020-01-22,4093.800,4131.930,4141.180,4046.490,126758763.000
2020-01-23,4093.320,4003.900,4103.520,3972.390,160357603.000
2020-02-03,3639.910,3688.360,3732.160,3639.910,157559647.000
2020-02-04,3652.000,3785.640,3786.860,3652.000,213933328.000
2020-02-05,3801.100,3828.530,3866.010,3781.610,174925524.000
2020-02-06,3841.750,3899.780,3914.920,3806.960,176462235.000
2020-02-07,3879.550,3899.870,3899.880,3849.710,151731759.000
2020-02-10,3872.370,3916.010,3920.170,3861.010,148406969.000
2020-02-11,3926.420,3952.460,3970.520,3915.710,143441674.000
2020-02-12,3945.670,3984.430,3984.430,3940.670,126710321.000
2020-02-13,3985.880,3959.920,3999.550,3950.140,145001843.000
2020-02-14,3954.230,3987.730,4001.560,3954.020,143239803.000
2020-02-17,3999.650,4077.420,4077.450,3999.650,182778969.000
2020-02-18,4069.830,4057.510,4076.390,4027.790,163236220.000
2020-02-19,4049.590,4051.310,4085.170,4042.850,169046441.000
2020-02-20,4062.900,4144.660,4148.530,4055.810,212232624.000
2020-02-21,4134.870,4149.490,4184.440,4130.170,217213604.000
2020-02-24,4131.840,4132.840,4149.010,4097.180,212869303.000
2020-02-25,4066.300,4123.850,4126.710,4020.910,244167831.000
2020-02-26,4070.100,4073.020,4132.780,4061.120,261094061.000
2020-02-27,4084.080,4084.880,4110.530,4067.440,181290981.000
2020-02-28,3988.730,3940.050,4031.150,3928.070,230275093.000
2020-03-02,3968.840,4069.670,4092.540,3968.840,219313559.000
2020-03-03,4125.140,4091.360,4147.650,4067.910,219369777.000
2020-03-04,4078.500,4115.050,4115.260,4060.730,182424730.000
2020-03-05,4150.210,4206.730,4215.850,4127.040,231823115.000
2020-03-06,4158.200,4138.510,4181.310,4135.390,172475717.000
2020-03-09,4063.080,3997.130,4063.080,3995.130,208102035.000
2020-03-10,3975.230,4082.730,4093.000,3954.750,197416402.000
2020-03-11,4090.930,4028.430,4091.270,4028.400,161656111.000
2020-03-12,3976.110,3950.910,3987.430,3926.270,157060458.000
2020-03-13,3771.010,3895.310,3937.180,3765.150,188296722.000
2020-03-16,3899.860,3727.840,3899.860,3720.510,185968260.000
2020-03-17,3739.780,3709.680,3786.890,3618.310,166246129.000
2020-03-18,3729.690,3636.260,3775.850,3636.260,155037547.000
2020-03-19,3623.790,3589.090,3647.990,3503.190,180807407.000
2020-03-20,3629.510,3653.220,3663.950,3588.780,139603000.000
2020-03-23,3542.680,3530.310,3585.800,3523.790,137108790.000
2020-03-24,3598.650,3625.110,3627.760,3545.450,143103021.000
2020-03-25,3711.480,3722.520,3732.650,3685.990,153495958.000
2020-03-26,3692.610,3698.050,3736.250,3681.270,112310665.000
2020-03-27,3746.390,3710.060,3758.780,3709.920,124060995.000
2020-03-30,3657.460,3674.110,3690.640,3637.590,126876673.000
2020-03-31,3708.140,3686.160,3716.070,3676.200,111453025.000
2020-04-01,3682.300,3675.080,3731.780,3670.970,119352620.000
2020-04-02,3656.320,3734.530,3734.530,3652.320,115168209.000
2020-04-03,3721.480,3713.220,3738.830,3698.980,99825083.000
2020-04-07,3779.910,3798.020,3803.630,3772.210,142778030.000
2020-04-08,3776.420,3780.340,3793.000,3767.290,111389513.000
2020-04-09,3798.490,3792.810,3801.720,3785.310,100485032.000
2020-04-10,3794.840,3769.180,3824.740,3758.960,102444956.000
2020-04-13,3751.710,3753.260,3769.880,3740.190,79053343.000
2020-04-14,3777.830,3825.700,3825.760,3764.980,110637585.000
2020-04-15,3820.850,3797.360,3829.800,3793.440,108461984.000
2020-04-16,3777.800,3802.380,3807.360,3774.560,95947965.000
2020-04-17,3831.920,3839.490,3863.450,3821.420,132004301.000
2020-04-20,3845.460,3853.460,3853.800,3831.550,100013115.000
2020-04-21,3838.230,3808.050,3838.230,3780.000,102921888.000
2020-04-22,3789.130,3839.380,3839.380,3782.210,85899464.000
2020-04-23,3851.910,3829.750,3857.470,3826.560,95508450.000
2020-04-24,3826.310,3796.970,3827.210,3787.070,94844135.000
2020-04-27,3808.020,3822.770,3842.870,3793.770,95462735.000
2020-04-28,3835.350,3849.150,3859.680,3768.200,122093476.000
2020-04-29,3837.510,3867.030,3880.740,3833.720,95854590.000
2020-04-30,3880.410,3912.580,3921.700,3880.410,132917125.000
2020-05-06,3867.260,3936.250,3937.690,3865.990,139855675.000
2020-05-07,3937.590,3924.890,3941.480,3915.900,105514646.000
2020-05-08,3943.000,3963.620,3979.660,3935.980,116943341.000
2020-05-11,3974.760,3960.180,3998.100,3944.500,122673803.000
2020-05-12,3961.340,3960.240,3970.110,3930.210,98250554.000
2020-05-13,3946.640,3968.250,3972.530,3932.570,88190669.000
2020-05-14,3952.200,3925.220,3952.200,3924.050,88530004.000
2020-05-15,3941.120,3912.820,3945.200,3907.400,92618382.000
2020-05-18,3914.660,3922.910,3946.430,3898.400,112801762.000
2020-05-19,3963.780,3956.250,3966.850,3944.070,94015291.000
2020-05-20,3955.710,3935.220,3955.710,3923.920,100791150.000
2020-05-21,3950.600,3913.790,3951.740,3907.580,94861033.000
2020-05-22,3907.580,3824.060,3907.580,3818.150,103378360.000
2020-05-25,3828.320,3829.320,3835.630,3800.180,79033326.000
2020-05-26,3850.000,3872.770,3874.750,3844.480,77448076.000
2020-05-27,3873.700,3845.610,3873.700,3838.420,83711831.000
2020-05-28,3848.490,3856.630,3885.420,3818.430,93064054.000
2020-05-29,3838.380,3867.020,3872.300,3830.420,93813832.000
2020-06-01,3901.730,3971.340,3976.320,3901.730,136456652.000
2020-06-02,3969.950,3983.570,3991.780,3958.980,144303060.000
2020-06-03,4001.170,3983.650,4018.680,3982.930,136597483.000
2020-06-04,3998.160,3982.190,3999.810,3968.570,104277737.000
2020-06-05,3988.220,4001.250,4001.250,3967.930,102443942.000
2020-06-08,4023.610,4021.950,4050.220,4016.100,137925813.000
2020-06-09,4027.560,4047.030,4052.160,4016.340,115304479.000
2020-06-10,4046.230,4039.710,4046.230,4024.420,112265728.000
2020-06-11,4031.740,3995.880,4043.010,3979.750,127308941.000
2020-06-12,3931.620,4003.080,4011.060,3927.250,134166649.000
2020-06-15,3982.970,3954.990,4007.140,3954.990,131297860.000
2020-06-16,3995.580,4014.570,4014.570,3987.860,111051539.000
2020-06-17,4018.610,4017.590,4018.610,3992.130,105605799.000
2020-06-18,4009.780,4044.380,4047.560,4000.900,138148761.000
2020-06-19,4047.050,4098.710,4109.360,4043.490,152946990.000
2020-06-22,4097.510,4102.050,4126.940,4088.780,155829465.000
2020-06-23,4098.040,4121.790,4124.730,4080.750,129229510.000
2020-06-24,4128.100,4138.990,4144.680,4123.360,121712465.000
2020-06-29,4127.930,4109.720,4137.370,4092.540,130865854.000
2020-06-30,4130.000,4163.960,4174.420,4129.780,125933521.000
2020-07-01,4172.640,4247.780,4247.780,4163.500,169990456.000
2020-07-02,4239.410,4335.840,4340.100,4238.120,252939368.000
2020-07-03,4353.190,4419.600,4419.600,4348.450,290485539.000
2020-07-06,4465.810,4670.090,4678.110,4465.810,405821025.000
2020-07-07,4739.610,4698.130,4796.320,4688.060,406008553.000
2020-07-08,4692.860,4774.000,4803.360,4670.650,348074847.000
2020-07-09,4770.080,4840.770,4854.120,4757.290,351046893.000
2020-07-10,4796.090,4753.130,4821.370,4734.470,316949651.000
2020-07-13,4742.370,4852.960,4878.080,4741.870,321645446.000
2020-07-14,4836.170,4806.690,4860.440,4729.930,297241985.000
2020-07-15,4821.520,4744.470,4837.480,4723.360,272389006.000
2020-07-16,4741.530,4516.250,4772.560,4513.650,284657133.000
2020-07-17,4524.770,4544.700,4601.370,4485.820,207375563.000
2020-07-20,4597.200,4680.300,4681.940,4534.230,246068914.000
2020-07-21,4697.500,4691.040,4714.290,4661.440,200415659.000
2020-07-22,4682.660,4714.450,4790.450,4675.350,224199211.000
2020-07-23,4668.740,4712.440,4731.400,4607.660,234314569.000
2020-07-24,4679.030,4505.590,4691.700,4479.390,243905203.000
2020-07-27,4535.010,4528.450,4558.120,4482.440,171420551.000
2020-07-28,4567.670,4568.260,4590.250,4537.680,162768498.000
2020-07-29,4559.160,4679.010,4680.560,4548.850,186695305.000
2020-07-30,4689.760,4656.150,4704.630,4649.770,166967566.000
2020-07-31,4652.180,4695.050,4741.810,4621.960,184839026.000
2020-08-03,4735.900,4771.310,4771.370,4720.030,214776239.000
2020-08-04,4778.490,4775.800,4807.080,4747.770,239974985.000
2020-08-05,4761.760,4777.110,4786.700,4711.270,196700548.000
2020-08-06,4779.240,4762.760,4791.860,4691.160,227854406.000
2020-08-07,4742.290,4707.930,4749.020,4637.840,213518216.000
2020-08-10,4681.760,4724.870,4757.660,4646.290,203788832.000
2020-08-11,4730.370,4681.780,4791.530,4674.860,205546511.000
2020-08-12,4668.890,4647.640,4681.620,4566.270,202887239.000
2020-08-13,4666.490,4635.710,4671.770,4626.100,152550092.000
2020-08-14,4627.610,4704.630,4708.070,4617.630,147292921.000
2020-08-17,4727.120,4815.230,4838.090,4721.360,268001556.000
2020-08-18,4816.570,4812.760,4825.390,4788.830,189139854.000
2020-08-19,4804.670,4740.680,4809.050,4738.010,192442948.000
2020-08-20,4708.130,4679.150,4721.440,4662.800,158368639.000
2020-08-21,4717.790,4718.840,4739.480,4684.810,142657864.000
2020-08-24,4746.400,4755.850,4769.470,4716.610,151143512.000
2020-08-25,4769.210,4761.950,4802.410,4746.310,141701351.000
2020-08-26,4761.720,4706.130,4786.420,4689.880,151305180.000
2020-08-27,4718.060,4731.350,4731.940,4679.360,119042850.000
2020-08-28,4727.290,4844.270,4850.490,4719.350,159399765.000
2020-08-31,4870.930,4816.220,4901.210,4816.210,202567029.000
2020-09-01,4803.390,4842.120,4842.140,4791.780,138395402.000
2020-09-02,4859.080,4843.890,4863.550,4797.520,157989524.000
2020-09-03,4841.500,4817.100,4877.010,4800.060,145671201.000
2020-09-04,4737.240,4770.220,4778.200,4726.560,120032796.000
2020-09-07,4759.520,4669.370,4789.300,4655.560,148607791.000
2020-09-08,4683.830,4694.390,4707.900,4639.050,139199227.000
2020-09-09,4634.250,4584.590,4645.200,4558.030,162277107.000
2020-09-10,4632.100,4581.980,4647.750,4572.210,150652878.000
2020-09-11,4572.260,4627.280,4630.880,4563.110,115302424.000
2020-09-14,4652.050,4651.050,4666.990,4625.990,107235179.000
2020-09-15,4649.450,4688.480,4691.500,4630.540,101915925.000
2020-09-16,4683.010,4657.360,4690.680,4638.460,108753641.000
2020-09-17,4642.050,4632.710,4664.950,4601.640,105983631.000
2020-09-18,4636.640,4737.090,4737.800,4631.700,160426475.000
2020-09-21,4750.750,4691.430,4752.980,4688.720,124535827.000
2020-09-22,4654.220,4635.760,4706.210,4622.110,119672947.000
2020-09-23,4639.660,4652.330,4665.960,4623.550,95826528.000
2020-09-24,4623.950,4563.070,4631.950,4562.210,112593683.000
2020-09-25,4582.480,4570.020,4599.540,4554.720,93015155.000
2020-09-28,4582.650,4581.910,4613.630,4571.150,85048389.000
2020-09-29,4608.290,4591.800,4616.680,4586.350,85993858.000
2020-09-30,4607.580,4587.400,4634.720,4563.410,89081200.000
2020-10-09,4663.610,4681.140,4695.400,4655.090,111337512.000
2020-10-12,4705.190,4823.160,4823.270,4704.160,155784558.000
2020-10-13,4812.900,4839.200,4845.920,4795.370,116516338.000
2020-10-14,4830.460,4807.100,4830.460,4795.910,111906923.000
2020-10-15,4810.780,4798.740,4833.890,4796.260,109964962.000
2020-10-16,4798.920,4791.680,4825.550,4765.970,116716102.000
2020-10-19,4823.490,4755.490,4849.610,4747.340,129246361.000
2020-10-20,4751.370,4793.470,4793.470,4739.460,98048156.000
2020-10-21,4801.630,4792.830,4801.630,4758.860,103805703.000
2020-10-22,4780.600,4777.980,4791.810,4725.500,101350891.000
2020-10-23,4775.470,4718.490,4802.460,4717.100,106825184.000
2020-10-26,4684.050,4691.240,4713.390,4639.300,108343275.000
2020-10-27,4680.140,4699.280,4708.460,4671.850,92656304.000
2020-10-28,4703.000,4737.270,4753.310,4685.600,108463402.000
2020-10-29,4683.610,4772.920,4803.030,4679.250,117117250.000
2020-10-30,4776.470,4695.330,4778.510,4683.470,139802303.000
2020-11-02,4702.750,4720.830,4738.020,4695.440,142867693.000
2020-11-03,4743.170,4777.560,4793.400,4734.170,136055408.000
2020-11-04,4781.450,4813.660,4825.460,4770.560,114661806.000
2020-11-05,4861.340,4885.110,4885.110,4838.000,139244594.000
2020-11-06,4897.630,4885.720,4897.630,4845.430,153639034.000
2020-11-09,4918.860,4981.350,4997.800,4918.860,197131984.000
2020-11-10,4995.410,4953.880,4995.410,4928.930,176267214.000
2020-11-11,4937.760,4904.900,4957.580,4901.710,164470515.000
2020-11-12,4916.770,4908.460,4926.340,4891.510,118114619.000
2020-11-13,4886.980,4856.850,4886.980,4825.760,133693079.000
2020-11-16,4880.960,4904.170,4904.170,4848.620,148770980.000
2020-11-17,4903.120,4894.790,4909.290,4865.390,151487464.000
2020-11-18,4889.670,4891.670,4911.090,4870.720,164216616.000
2020-11-19,4880.920,4927.990,4939.790,4870.200,133681378.000
2020-11-20,4928.220,4943.290,4947.430,4922.590,129400341.000
2020-11-23,4954.600,5005.030,5029.650,4940.450,205915187.000
2020-11-24,4997.050,4974.290,5001.060,4960.980,156637911.000
2020-11-25,4992.750,4910.700,5004.770,4910.700,170340527.000
2020-11-26,4908.320,4919.590,4925.290,4867.820,137202338.000
2020-11-27,4930.590,4980.770,4980.770,4917.350,162952922.000
2020-11-30,4994.110,4960.250,5055.190,4960.250,262638950.000
2020-12-01,4963.130,5067.100,5072.550,4963.130,204065638.000
2020-12-02,5072.980,5067.140,5090.610,5043.310,195435476.000
2020-12-03,5065.450,5057.060,5072.300,5033.790,177865748.000
2020-12-04,5049.520,5065.920,5072.390,5017.850,144347167.000
2020-12-07,5065.730,5022.240,5067.870,5014.610,139896217.000
2020-12-08,5029.110,5009.880,5043.060,4998.920,123073029.000
2020-12-09,5022.380,4942.700,5033.640,4942.520,138916965.000
2020-12-10,4931.290,4940.520,4962.740,4919.770,125914270.000
2020-12-11,4957.820,4889.630,4957.820,4849.350,159357697.000
2020-12-14,4903.630,4934.840,4937.260,4887.660,120801552.000
2020-12-15,4931.600,4945.100,4954.190,4904.790,118342633.000
2020-12-16,4957.300,4953.870,4968.860,4938.190,106778968.000
2020-12-17,4960.730,5017.480,5021.620,4950.370,133385479.000
2020-12-18,5014.320,4999.970,5027.440,4979.010,128049618.000
2020-12-21,4995.760,5046.840,5048.510,4970.000,140811782.000
2020-12-22,5034.980,4964.770,5055.130,4960.950,162344970.000
2020-12-23,4977.300,5007.120,5028.450,4968.150,140292819.000
2020-12-24,5006.010,5000.020,5033.040,4979.240,114418667.000
2020-12-25,4985.770,5042.010,5042.100,4973.680,121006979.000
2020-12-28,5042.940,5064.410,5089.340,5037.860,136914407.000
2020-12-29,5071.450,5042.940,5077.420,5034.310,141198662.000
2020-12-30,5037.980,5113.710,5113.710,5036.630,148626448.000
2020-12-31,5122.480,5211.290,5215.620,5122.480,171602509.000
2021-01-04,5212.930,5267.720,5284.430,5190.940,211711382.000
2021-01-05,5245.840,5368.500,5368.500,5234.380,224931159.000
2021-01-06,5386.510,5417.670,5433.470,5341.430,193773444.000
2021-01-07,5428.390,5513.660,5513.660,5413.350,219872080.000
2021-01-08,5526.290,5495.430,5547.470,5442.690,204324956.000
2021-01-11,5504.240,5441.160,5555.690,5412.500,231835983.000
2021-01-12,5419.500,5596.350,5596.350,5417.630,224220186.000
2021-01-13,5609.260,5577.970,5644.720,5535.140,261569886.000
2021-01-14,5556.210,5470.460,5568.020,5458.680,243683380.000
2021-01-15,5471.390,5458.080,5500.630,5390.270,238637435.000
2021-01-18,5438.160,5518.520,5541.460,5410.780,207051869.000
2021-01-19,5525.970,5437.520,5532.480,5415.720,211043425.000
2021-01-20,5439.910,5476.430,5496.050,5426.540,170913260.000
2021-01-21,5492.960,5564.970,5593.110,5490.560,209950197.000
2021-01-22,5562.380,5569.780,5573.660,5513.880,199300020.000
2021-01-25,5564.120,5625.920,5655.480,5543.270,197047019.000
2021-01-26,5600.900,5512.970,5600.900,5506.000,171904590.000
2021-01-27,5505.770,5528.000,5534.990,5449.640,160190841.000
2021-01-28,5450.370,5377.140,5462.240,5360.380,170485585.000
2021-01-29,5413.970,5351.960,5430.200,5288.100,182178784.000
2021-02-01,5356.850,5417.650,5422.300,5342.050,166313706.000
2021-02-02,5429.700,5501.090,5503.210,5411.520,165210565.000
2021-02-03,5499.300,5485.200,5532.890,5473.120,188054317.000
2021-02-04,5453.980,5473.950,5510.050,5411.570,180575654.000
2021-02-05,5494.700,5483.410,5550.770,5477.650,189699598.000
2021-02-08,5506.140,5564.560,5576.490,5479.850,164033775.000
2021-02-09,5584.170,5686.250,5686.250,5555.050,164887260.000
2021-02-10,5709.680,5807.720,5823.420,5707.330,170169786.000
2021-02-18,5922.070,5768.380,5930.910,5747.660,218848686.000
2021-02-19,5734.020,5778.840,5787.890,5667.320,214475780.000
2021-02-22,5785.510,5597.330,5785.510,5597.330,282124382.000
2021-02-23,5542.680,5579.670,5644.760,5541.110,233807727.000
2021-02-24,5591.480,5437.570,5598.830,5379.730,225428610.000
2021-02-25,5494.470,5469.560,5527.630,5444.160,230736028.000
2021-02-26,5343.900,5336.760,5416.320,5318.860,212264543.000
2021-03-01,5389.250,5418.780,5421.560,5345.940,177463523.000
2021-03-02,5453.280,5349.630,5454.970,5305.050,196511115.000
2021-03-03,5327.350,5452.210,5452.400,5316.480,194709054.000
2021-03-04,5388.480,5280.710,5392.370,5254.780,212775211.000
2021-03-05,5191.970,5262.800,5307.820,5174.250,202627956.000
2021-03-08,5299.790,5080.020,5326.260,5079.800,230231635.000
2021-03-09,5066.150,4971.000,5094.310,4917.910,230711004.000
2021-03-10,5047.060,5003.610,5055.280,4981.620,169928490.000
2021-03-11,5024.560,5128.220,5138.410,5020.580,189600766.000
2021-03-12,5153.670,5146.380,5153.670,5086.820,201020589.000
2021-03-15,5116.120,5035.540,5120.880,4992.400,204153084.000
2021-03-16,5054.410,5079.360,5084.310,5009.950,161390054.000
2021-03-17,5062.770,5100.860,5123.550,5020.130,149162376.000
2021-03-18,5114.590,5141.770,5160.460,5111.130,142901518.000
2021-03-19,5068.530,5007.090,5089.920,4980.760,164174849.000
2021-03-22,5008.400,5057.150,5071.340,4996.540,167402632.000
2021-03-23,5057.060,5009.250,5064.020,4966.530,158013967.000
2021-03-24,4985.400,4928.690,5024.330,4919.890,159385982.000
2021-03-25,4904.070,4926.350,4950.760,4883.660,132945189.000
2021-03-26,4953.950,5037.990,5050.830,4953.950,145926697.000
2021-03-29,5052.260,5046.880,5086.650,5010.390,143388215.000
2021-03-30,5043.100,5094.730,5106.040,5032.800,138618560.000
2021-03-31,5085.950,5048.360,5085.950,5015.610,141335743.000
2021-04-01,5059.940,5110.780,5115.430,5056.870,120324890.000
2021-04-02,5129.850,5161.560,5169.830,5116.350,127002254.000
2021-04-06,5178.640,5140.340,5181.150,5125.330,109834210.000
2021-04-07,5141.660,5103.740,5141.660,5065.190,145763748.000
2021-04-08,5078.260,5112.210,5129.130,5062.070,141771047.000
2021-04-09,5100.040,5035.340,5100.040,5022.090,128416509.000
2021-04-12,5026.980,4947.750,5045.600,4933.010,152644314.000
2021-04-13,4949.810,4939.640,4994.540,4924.200,132919358.000
2021-04-14,4945.690,4980.630,4987.120,4940.270,120860838.000
2021-04-15,4969.910,4948.970,4969.910,4900.300,108829384.000
2021-04-16,4966.900,4966.180,4979.170,4917.960,111239924.000
2021-04-19,4966.410,5087.020,5088.210,4940.750,154769824.000
2021-04-20,5065.780,5083.370,5119.860,5058.920,136541700.000
2021-04-21,5055.240,5098.740,5110.560,5047.990,124637277.000
2021-04-22,5114.280,5089.240,5119.220,5067.140,121167645.000
2021-04-23,5088.830,5135.450,5149.980,5086.490,122056991.000
2021-04-26,5156.590,5077.240,5181.110,5072.960,151381967.000
2021-04-27,5076.640,5090.520,5095.980,5042.610,123961837.000
2021-04-28,5073.970,5119.240,5119.450,5059.260,120620318.000
2021-04-29,5128.280,5164.170,5170.590,5113.650,140092480.000
2021-04-30,5156.360,5123.490,5163.250,5094.930,160121621.000
2021-05-06,5098.800,5061.120,5132.900,5037.410,158822630.000
2021-05-07,5073.460,4996.050,5093.750,4996.040,172258321.000
2021-05-10,5001.440,4992.420,5019.390,4953.700,170820585.000
2021-05-11,4956.080,5023.060,5033.490,4925.920,151526497.000
2021-05-12,5003.820,5044.550,5051.170,4995.400,126619086.000
2021-05-13,4992.350,4992.970,5022.080,4975.450,132279406.000
2021-05-14,5007.630,5110.590,5112.980,4981.290,159426180.000
2021-05-17,5115.310,5184.990,5206.690,5115.310,153889634.000
2021-05-18,5190.930,5187.600,5201.670,5156.790,118404261.000
2021-05-19,5173.170,5172.270,5193.560,5151.640,118729983.000
2021-05-20,5167.050,5186.410,5201.590,5152.040,138454775.000
2021-05-21,5199.130,5134.150,5216.160,5123.120,124768485.000
2021-05-24,5138.810,5155.590,5155.590,5092.390,126742336.000
2021-05-25,5165.040,5318.480,5324.360,5161.520,182996839.000
2021-05-26,5326.120,5320.590,5344.280,5308.740,169607096.000
2021-05-27,5311.370,5338.230,5378.480,5286.050,148462855.000
2021-05-28,5338.730,5321.090,5360.280,5288.650,164605806.000
2021-05-31,5318.080,5331.570,5331.630,5281.690,144603269.000
2021-06-01,5320.470,5341.680,5343.750,5269.260,143831474.000
2021-06-02,5348.340,5289.970,5352.640,5266.790,137754319.000
2021-06-03,5285.710,5255.290,5314.370,5255.070,141968878.000
2021-06-04,5228.280,5282.280,5334.490,5221.230,144732087.000
2021-06-07,5284.890,5277.630,5286.840,5242.950,127704971.000
2021-06-08,5276.970,5232.120,5319.040,5201.140,130559532.000
2021-06-09,5224.950,5236.450,5253.360,5215.350,121820321.000
2021-06-10,5236.470,5271.470,5299.530,5229.520,138991967.000
2021-06-11,5275.750,5224.700,5276.100,5213.600,180807173.000
2021-06-15,5218.560,5166.560,5225.500,5137.410,142880058.000
2021-06-16,5163.250,5080.490,5164.520,5076.020,125147985.000
2021-06-17,5074.380,5101.890,5123.370,5073.820,120452518.000
2021-06-18,5104.930,5102.470,5128.030,5064.920,148585805.000
2021-06-21,5088.090,5090.390,5123.780,5058.570,132184516.000
2021-06-22,5106.070,5122.160,5125.820,5086.280,130416753.000
2021-06-23,5127.190,5147.390,5171.030,5109.760,136356058.000
2021-06-24,5156.560,5155.970,5160.430,5120.580,126685625.000
2021-06-25,5159.800,5239.970,5251.610,5157.480,154931061.000
2021-06-28,5253.610,5251.760,5260.640,5226.220,133193783.000
2021-06-29,5248.520,5190.540,5248.520,5182.680,125162997.000
2021-06-30,5189.380,5224.040,5231.430,5186.630,103752671.000
2021-07-01,5241.200,5229.660,5252.260,5190.880,127240620.000
2021-07-02,5186.660,5081.120,5186.660,5074.360,130426424.000
2021-07-05,5073.780,5085.790,5098.230,5048.000,131211589.000
2021-07-06,5089.780,5083.100,5092.210,5028.510,140655220.000
2021-07-07,5052.420,5140.490,5152.770,5045.410,148549060.000
2021-07-08,5149.310,5088.260,5151.220,5078.930,173901008.000
2021-07-09,5063.150,5069.440,5081.410,5006.410,160653226.000
2021-07-12,5108.380,5132.710,5159.410,5070.320,206212039.000
2021-07-13,5128.610,5142.100,5154.050,5114.940,166482209.000
2021-07-14,5130.750,5083.080,5130.750,5075.130,188352720.000
2021-07-15,5073.260,5151.460,5153.810,5067.680,181077103.000
2021-07-16,5140.900,5094.770,5140.900,5090.630,169955982.000
2021-07-19,5083.730,5113.490,5120.820,5047.620,153199589.000
2021-07-20,5080.220,5108.990,5114.000,5067.860,129300044.000
2021-07-21,5122.780,5144.040,5160.540,5122.300,167976469.000
2021-07-22,5150.390,5151.750,5171.210,5137.880,185556864.000
2021-07-23,5145.430,5089.230,5145.430,5080.000,216536847.000
2021-07-26,5067.310,4925.300,5067.310,4859.600,228111710.000
2021-07-27,4924.280,4751.310,4940.860,4749.030,236631225.000
2021-07-28,4714.290,4760.480,4785.660,4663.900,192634393.000
2021-07-29,4845.760,4850.270,4857.970,4800.010,173322054.000
2021-07-30,4825.700,4811.170,4825.700,4761.040,182349776.000
2021-08-02,4794.820,4933.740,4938.820,4761.460,227194918.000
2021-08-03,4909.230,4934.460,4957.030,4890.850,203533360.000
2021-08-04,4927.740,4978.850,4979.290,4919.660,175466461.000
2021-08-05,4946.170,4948.670,4997.140,4921.940,167381829.000
2021-08-06,4943.040,4921.560,4944.350,4891.800,154179688.000
2021-08-09,4890.260,4985.560,5002.890,4884.040,182436871.000
2021-08-10,4977.820,5043.150,5043.760,4941.240,167051902.000
2021-08-11,5037.080,5015.340,5059.790,5009.980,182266074.000
2021-08-12,4998.070,4973.350,5016.260,4962.990,168223733.000
2021-08-13,4958.760,4945.980,4993.740,4921.280,158314321.000
2021-08-16,4935.920,4941.070,4973.380,4931.370,161953373.000
2021-08-17,4935.000,4837.400,4967.560,4823.390,187573472.000
2021-08-18,4838.470,4894.240,4909.540,4818.900,197474378.000
2021-08-19,4886.560,4862.140,4893.470,4839.570,201711719.000
2021-08-20,4817.490,4769.270,4835.150,4720.830,177635810.000
2021-08-23,4777.730,4835.880,4843.820,4764.010,167579093.000
2021-08-24,4844.590,4888.390,4906.200,4842.750,197883163.000
2021-08-25,4890.520,4898.160,4899.770,4865.760,189448016.000
2021-08-26,4892.200,4801.610,4892.200,4798.700,197617387.000
2021-08-27,4794.970,4827.040,4863.470,4793.590,183310211.000
2021-08-30,4847.030,4813.270,4849.160,4787.200,219635757.000
2021-08-31,4803.090,4805.610,4821.760,4740.750,235118658.000
2021-09-01,4804.690,4869.460,4906.400,4763.300,326721080.000
2021-09-02,4865.820,4869.410,4892.700,4845.620,267858013.000
2021-09-03,4875.070,4843.060,4886.550,4828.700,268091896.000
2021-09-06,4841.060,4933.730,4944.450,4837.790,240507245.000
2021-09-07,4932.980,4992.830,5005.960,4915.610,244178519.000
2021-09-08,4986.800,4972.130,5013.980,4955.890,264615315.000
2021-09-09,4952.490,4970.010,4970.150,4929.950,256530217.000
2021-09-10,4967.980,5013.520,5042.800,4962.370,288304352.000
2021-09-13,5006.770,4991.660,5029.720,4964.960,249915298.000
2021-09-14,4989.830,4917.160,5000.980,4907.320,245590402.000
2021-09-15,4903.850,4867.320,4903.850,4843.120,187984730.000
2021-09-16,4866.790,4807.700,4879.530,4806.140,216752099.000
2021-09-17,4797.110,4855.940,4857.960,4786.090,201958127.000
2021-09-22,4770.730,4821.770,4830.850,4765.230,191220376.000
2021-09-23,4848.220,4853.200,4877.340,4837.560,228151064.000
2021-09-24,4845.640,4849.430,4897.060,4838.540,207693290.000
2021-09-27,4870.850,4877.370,4922.560,4852.200,215967030.000
2021-09-28,4869.080,4883.830,4901.310,4846.630,176890880.000
2021-09-29,4846.020,4833.930,4868.070,4799.880,188171366.000
2021-09-30,4843.950,4866.380,4876.070,4843.950,146113896.000
2021-10-08,4915.730,4929.940,4937.090,4891.620,168968077.000
2021-10-11,4941.290,4936.190,4983.730,4930.710,163511624.000
2021-10-12,4920.660,4883.840,4925.490,4840.770,168079337.000
2021-10-13,4880.140,4940.110,4953.370,4869.830,131142813.000
2021-10-14,4934.260,4913.610,4953.920,4903.250,119557013.000
2021-10-15,4896.560,4932.110,4939.820,4881.010,142822001.000
2021-10-18,4922.510,4874.780,4922.510,4844.940,141245199.000
2021-10-19,4869.390,4922.720,4928.140,4868.810,135266493.000
2021-10-20,4926.770,4910.180,4944.020,4898.370,141533183.000
2021-10-21,4914.740,4928.020,4946.180,4893.850,148898154.000
2021-10-22,4934.870,4959.730,4989.890,4934.870,143926228.000
2021-10-25,4940.900,4979.520,4981.650,4930.110,141861490.000
2021-10-26,4983.240,4963.100,5002.570,4953.480,140888943.000
2021-10-27,4949.230,4898.160,4949.230,4884.940,147111593.000
2021-10-28,4882.590,4864.140,4898.660,4846.280,156649472.000
2021-10-29,4861.270,4908.770,4908.770,4855.760,159887353.000
2021-11-01,4878.130,4890.690,4908.210,4858.250,171583974.000
2021-11-02,4886.180,4839.850,4911.230,4797.900,185437688.000
2021-11-03,4835.810,4821.110,4858.710,4804.370,142763820.000
2021-11-04,4841.090,4868.740,4873.940,4834.740,132592970.000
2021-11-05,4858.900,4842.350,4889.680,4841.740,147789359.000
2021-11-08,4841.150,4848.180,4866.080,4827.690,137398264.000
2021-11-09,4858.250,4846.740,4870.790,4818.540,118375526.000
2021-11-10,4832.800,4821.190,4832.800,4754.000,135118179.000
2021-11-11,4814.770,4898.650,4898.650,4809.110,160484863.000
2021-11-12,4902.930,4888.370,4909.080,4875.350,132662969.000
2021-11-15,4894.410,4882.380,4906.330,4863.400,121823149.000
2021-11-16,4880.900,4883.320,4915.370,4876.500,127254406.000
2021-11-17,4883.250,4885.750,4891.520,4864.520,108459223.000
2021-11-18,4871.420,4837.620,4871.420,4830.410,114480565.000
2021-11-19,4832.060,4890.060,4892.810,4829.570,127198312.000
2021-11-22,4895.390,4912.400,4919.000,4893.270,138092836.000
2021-11-23,4905.760,4913.350,4927.520,4896.880,154304411.000
2021-11-24,4914.030,4916.660,4935.490,4899.610,137150673.000
2021-11-25,4917.610,4896.440,4921.330,4891.730,115984031.000
2021-11-26,4886.950,4860.130,4886.950,4850.810,120368974.000
2021-11-29,4820.010,4851.420,4858.530,4818.710,133626862.000
2021-11-30,4857.180,4832.030,4871.250,4810.220,129630596.000
2021-12-01,4831.890,4843.850,4844.520,4823.930,123086789.000
2021-12-02,4839.910,4856.160,4866.850,4830.320,148088521.000
2021-12-03,4856.980,4901.020,4901.020,4853.350,144059626.000
2021-12-06,4909.430,4892.620,4943.900,4888.690,173615683.000
2021-12-07,4930.830,4922.100,4934.100,4895.220,179053460.000
2021-12-08,4934.410,4995.930,4995.930,4915.790,157490559.000
2021-12-09,5000.690,5078.690,5114.500,4999.410,220568776.000
2021-12-10,5046.270,5055.120,5060.060,5035.810,193695154.000
2021-12-13,5090.020,5083.800,5143.840,5079.730,211801596.000
2021-12-14,5066.350,5049.700,5075.210,5038.860,159107790.000
2021-12-15,5036.280,5005.900,5060.370,5003.780,150529752.000
2021-12-16,5006.610,5034.730,5034.730,4987.220,144053867.000
2021-12-17,5021.340,4954.760,5022.110,4954.760,149005399.000
2021-12-20,4934.970,4880.420,4971.670,4872.680,169675690.000
2021-12-21,4876.510,4913.490,4917.800,4872.950,143339898.000
2021-12-22,4924.580,4914.450,4936.670,4903.170,133256740.000
2021-12-23,4924.290,4948.740,4948.740,4906.750,139555406.000
2021-12-24,4953.060,4921.340,4964.910,4905.980,142673323.000
2021-12-27,4918.150,4919.320,4939.690,4894.160,124100952.000
2021-12-28,4923.690,4955.960,4959.140,4913.600,130457757.000
2021-12-29,4958.650,4883.480,4958.650,4883.480,113587002.000
2021-12-30,4882.160,4921.510,4940.180,4878.650,121617178.000
2021-12-31,4937.460,4940.370,4950.360,4923.140,121313737.000
2022-01-04,4957.980,4917.770,4961.450,4874.530,151534776.000
2022-01-05,4907.930,4868.120,4916.280,4851.980,178816100.000
2022-01-06,4842.160,4818.230,4857.560,4786.430,157665826.000
2022-01-07,4824.320,4822.370,4856.650,4818.190,187139413.000
2022-01-10,4812.230,4844.050,4844.390,4780.820,156211696.000
2022-01-11,4840.010,4797.770,4850.880,4791.890,146928004.000
2022-01-12,4818.890,4845.580,4852.730,4810.920,143200204.000
2022-01-13,4853.030,4765.920,4853.060,4765.240,142519653.000
2022-01-14,4743.910,4726.730,4764.050,4723.940,146863126.000
2022-01-17,4728.760,4767.280,4775.240,4726.710,115295691.000
2022-01-18,4766.780,4813.350,4826.300,4747.920,150870802.000
2022-01-19,4815.810,4780.380,4828.750,4755.930,133927360.000
2022-01-20,4778.260,4823.510,4845.000,4777.570,164971315.000
2022-01-21,4808.770,4779.310,4818.310,4762.560,138952585.000
2022-01-24,4753.940,4786.740,4801.100,4746.450,114463880.000
2022-01-25,4761.950,4678.450,4781.390,4678.250,133667586.000
2022-01-26,4697.100,4712.310,4718.990,4648.130,107070842.000
2022-01-27,4708.100,4619.880,4708.440,4616.030,121263804.000
2022-01-28,4641.810,4563.770,4660.520,4559.830,126480112.000
2022-02-07,4638.580,4634.090,4672.650,4615.010,144849720.000
2022-02-08,4626.440,4608.770,4626.440,4522.470,155830708.000
2022-02-09,4608.150,4652.060,4659.460,4595.280,148335547.000
2022-02-10,4657.210,4639.860,4657.210,4608.090,151576666.000
2022-02-11,4617.870,4601.400,4662.600,4595.880,155974584.000
2022-02-14,4579.420,4551.690,4593.630,4530.060,143673894.000
2022-02-15,4553.810,4600.100,4601.450,4550.540,115025600.000
2022-02-16,4619.850,4617.990,4643.100,4607.220,107258955.000
2022-02-17,4616.900,4629.160,4650.160,4606.950,110014643.000
2022-02-18,4604.570,4651.240,4651.340,4598.100,104550228.000
2022-02-21,4646.050,4634.310,4646.670,4613.300,112516512.000
2022-02-22,4601.920,4574.150,4602.070,4550.800,123317237.000
2022-02-23,4582.010,4623.050,4625.300,4579.290,122952916.000
2022-02-24,4592.070,4529.320,4610.880,4488.480,184403058.000
2022-02-25,4564.630,4573.420,4611.860,4561.900,149722583.000
2022-02-28,4563.740,4581.650,4581.650,4530.680,135406978.000
2022-03-01,4597.860,4619.690,4623.430,4583.920,123139220.000
2022-03-02,4594.020,4578.600,4594.020,4558.440,113298325.000
2022-03-03,4595.020,4551.630,4599.400,4544.430,138285877.000
2022-03-04,4513.360,4496.430,4539.390,4481.490,127266806.000
2022-03-07,4462.520,4352.780,4462.520,4338.300,162197706.000
2022-03-08,4361.640,4265.390,4383.650,4252.540,167863277.000
2022-03-09,4280.980,4226.350,4304.480,4068.190,194232900.000
2022-03-10,4326.200,4292.840,4335.670,4288.510,145266383.000
2022-03-11,4231.200,4306.520,4316.040,4176.450,152399921.000
2022-03-14,4248.150,4174.760,4280.360,4174.760,130187236.000
2022-03-15,4125.490,3983.810,4163.420,3983.810,202524699.000
2022-03-16,4053.100,4156.080,4168.590,3942.860,196021982.000
2022-03-17,4237.670,4237.700,4302.740,4217.800,179407344.000
2022-03-18,4218.470,4265.900,4283.370,4194.940,149458305.000
2022-03-21,4280.140,4258.750,4287.820,4223.020,127036360.000
2022-03-22,4252.570,4255.300,4283.330,4236.690,126382470.000
2022-03-23,4269.610,4276.520,4287.580,4241.960,117089078.000
2022-03-24,4249.530,4251.310,4273.960,4216.850,108918272.000
2022-03-25,4249.070,4174.570,4254.840,4173.930,108808046.000
2022-03-28,4128.840,4148.470,4174.120,4091.300,118449021.000
2022-03-29,4155.420,4134.140,4177.210,4124.720,100266972.000
2022-03-30,4162.170,4254.100,4254.100,4160.740,138346024.000
2022-03-31,4234.720,4222.600,4247.360,4214.540,134029185.000
2022-04-01,4198.820,4276.160,4290.670,4190.080,133803053.000
2022-04-06,4258.830,4263.840,4277.520,4236.730,159062195.000
2022-04-07,4240.020,4209.100,4278.110,4205.740,134880353.000
2022-04-08,4213.210,4230.770,4237.810,4175.530,142843793.000
2022-04-11,4203.790,4100.070,4203.790,4089.090,148197071.000
2022-04-12,4102.970,4179.970,4179.970,4075.800,144285684.000
2022-04-13,4154.410,4139.740,4194.040,4139.740,125097489.000
2022-04-14,4172.640,4191.570,4217.060,4155.550,124791316.000
2022-04-15,4162.370,4188.750,4211.320,4152.970,124762263.000
2022-04-18,4152.930,4166.380,4171.740,4119.990,117504610.000
2022-04-19,4161.930,4134.900,4186.940,4115.420,110217471.000
2022-04-20,4130.540,4070.790,4136.170,4060.500,117331658.000
2022-04-21,4048.730,3995.830,4086.440,3978.370,132783828.000
2022-04-22,3967.200,4013.250,4037.080,3953.720,122101811.000
2022-04-25,3933.450,3814.910,3958.210,3814.910,168364502.000
2022-04-26,3822.490,3784.120,3871.850,3773.900,157577611.000
2022-04-27,3758.080,3895.540,3895.730,3757.090,172734046.000
2022-04-28,3883.420,3921.110,3943.430,3873.580,153056586.000
2022-04-29,3939.620,4016.240,4017.430,3898.570,179458377.000
2022-05-05,3995.350,4010.210,4039.700,3988.930,154170716.000
2022-05-06,3928.850,3908.820,3947.240,3902.050,123005551.000
2022-05-09,3883.950,3877.440,3914.110,3854.940,92936694.000
2022-05-10,3820.630,3919.870,3932.680,3808.570,136416918.000
2022-05-11,3917.930,3976.420,4033.300,3916.520,165632256.000
2022-05-12,3949.950,3958.740,3985.930,3935.590,113376066.000
2022-05-13,3983.820,3988.600,4003.850,3957.140,109968357.000
2022-05-16,4015.000,3956.540,4018.030,3947.750,112425294.000
2022-05-17,3961.760,4005.890,4005.890,3955.100,109661454.000
2022-05-18,4015.010,3991.910,4017.340,3964.750,108074233.000
2022-05-19,3938.300,3999.600,3999.600,3933.750,116293420.000
2022-05-20,4020.820,4077.600,4077.600,4020.820,147069173.000
2022-05-23,4080.970,4053.980,4080.970,4029.080,130477810.000
2022-05-24,4052.870,3959.150,4055.780,3959.150,145554336.000
2022-05-25,3959.770,3983.180,3983.620,3946.810,107734015.000
2022-05-26,3987.680,3993.040,4015.750,3938.240,126263689.000
2022-05-27,4022.710,4001.300,4051.140,3983.380,112769337.000
2022-05-30,4020.860,4029.020,4040.820,4003.380,111152241.000
2022-05-31,4031.760,4091.520,4096.200,4020.380,135415513.000
2022-06-01,4086.620,4083.180,4094.900,4058.850,114850879.000
2022-06-02,4064.000,4089.570,4091.150,4057.910,113893638.000
2022-06-06,4090.530,4166.090,4166.620,4063.910,167871011.000
2022-06-07,4165.690,4179.130,4198.090,4155.170,142992881.000
2022-06-08,4187.150,4219.810,4224.810,4158.030,157374057.000
2022-06-09,4211.720,4175.670,4227.450,4160.880,168449154.000
2022-06-10,4145.650,4238.990,4241.350,4140.220,184796214.000
2022-06-13,4194.460,4189.350,4218.230,4156.710,168475622.000
2022-06-14,4143.220,4222.310,4224.090,4102.930,171385904.000
2022-06-15,4228.290,4278.220,4348.420,4228.290,257046590.000
2022-06-16,4282.080,4250.060,4302.920,4241.080,184074416.000
2022-06-17,4219.230,4309.040,4318.770,4218.680,158649098.000
2022-06-20,4322.830,4330.430,4368.360,4297.890,165666382.000
2022-06-21,4327.920,4325.570,4357.340,4287.140,164667615.000
2022-06-22,4331.900,4270.620,4333.180,4269.250,158565854.000
2022-06-23,4277.960,4343.880,4343.880,4260.900,170882360.000
2022-06-24,4354.550,4394.770,4400.690,4346.120,168972199.000
2022-06-27,4414.330,4444.260,4472.690,4414.330,177385676.000
2022-06-28,4442.580,4490.520,4497.890,4407.350,174756489.000
2022-06-29,4472.730,4421.360,4503.130,4414.000,187276688.000
2022-06-30,4418.070,4485.010,4515.000,4418.070,156666289.000
2022-07-01,4489.520,4466.720,4500.990,4449.290,144779599.000
2022-07-04,4447.220,4496.030,4496.030,4427.820,146345651.000
2022-07-05,4505.460,4489.540,4530.320,4439.450,154962415.000
2022-07-06,4475.480,4423.970,4484.360,4393.420,149800235.000
2022-07-07,4425.280,4443.470,4457.340,4391.190,132660906.000
2022-07-08,4468.060,4428.780,4479.490,4426.890,123195739.000
2022-07-11,4406.150,4354.620,4406.150,4330.580,134448578.000
2022-07-12,4352.650,4313.620,4370.340,4296.620,130187838.000
2022-07-13,4313.360,4321.460,4341.470,4284.940,131113179.000
2022-07-14,4308.820,4322.070,4352.100,4292.760,145250926.000
2022-07-15,4299.470,4248.530,4344.860,4248.530,150214453.000
2022-07-18,4262.150,4292.590,4300.780,4217.510,122601192.000
2022-07-19,4288.440,4269.340,4288.440,4238.820,103805730.000
2022-07-20,4291.280,4283.800,4303.370,4269.970,94490144.000
2022-07-21,4270.360,4236.060,4283.150,4236.050,117156344.000
2022-07-22,4251.790,4238.230,4275.470,4207.310,103840624.000
2022-07-25,4233.930,4212.640,4234.840,4201.920,83636664.000
2022-07-26,4220.090,4245.980,4259.990,4214.530,85823274.000
2022-07-27,4236.150,4225.040,4242.100,4217.280,78904940.000
2022-07-28,4242.270,4225.670,4267.920,4223.030,107531930.000
2022-07-29,4226.420,4170.100,4243.510,4160.870,114179286.000
2022-08-01,4160.650,4188.680,4196.570,4129.450,107749029.000
2022-08-02,4144.380,4107.020,4144.380,4071.430,142224425.000
2022-08-03,4114.830,4066.980,4150.980,4058.180,116666124.000
2022-08-04,4089.440,4101.540,4108.160,4064.660,89532644.000
2022-08-05,4109.630,4156.910,4159.490,4097.860,102571004.000
2022-08-08,4142.110,4148.070,4155.730,4135.080,90208138.000
2022-08-09,4143.670,4156.290,4161.810,4131.430,84136959.000
2022-08-10,4149.210,4109.740,4160.790,4092.550,85565839.000
2022-08-11,4130.740,4193.540,4193.810,4116.060,121385051.000
2022-08-12,4185.420,4191.150,4202.470,4175.050,106808295.000
2022-08-15,4180.000,4185.680,4219.920,4174.300,105898495.000
2022-08-16,4190.530,4177.840,4208.800,4170.520,93906139.000
2022-08-17,4182.570,4216.960,4222.790,4155.170,112864659.000
2022-08-18,4205.790,4180.100,4211.910,4173.540,101052650.000
2022-08-19,4174.550,4151.070,4185.660,4151.070,117402978.000
2022-08-22,4135.160,4181.400,4183.650,4134.200,112442720.000
2022-08-23,4175.530,4161.080,4187.390,4147.410,103153512.000
2022-08-24,4168.580,4082.420,4174.160,4079.090,119069679.000
2022-08-25,4093.290,4116.240,4119.620,4058.750,111320745.000
2022-08-26,4127.810,4107.550,4139.790,4102.680,99000493.000
2022-08-29,4063.880,4089.520,4092.950,4059.600,94354432.000
2022-08-30,4088.530,4075.790,4093.140,4048.520,93301662.000
2022-08-31,4057.140,4078.840,4112.850,4046.620,132449765.000
2022-09-01,4066.190,4043.740,4090.890,4041.130,97387071.000
2022-09-02,4054.840,4023.610,4056.180,4004.910,86789278.000
2022-09-05,4010.410,4015.430,4017.000,3982.740,93767109.000
2022-09-06,4024.470,4052.280,4054.000,4009.580,113506265.000
2022-09-07,4032.720,4054.980,4067.540,4028.370,107678059.000
2022-09-08,4059.170,4037.680,4067.760,4036.020,100886049.000
2022-09-09,4050.590,4093.790,4099.010,4042.250,118427114.000
2022-09-13,4112.010,4111.110,4128.110,4097.140,111789737.000
2022-09-14,4058.040,4065.360,4089.060,4047.920,90793681.000
2022-09-15,4078.650,4027.120,4088.810,3998.860,123951196.000
2022-09-16,4013.580,3932.680,4019.410,3932.680,137193655.000
2022-09-19,3928.420,3928.000,3953.650,3910.310,97719575.000
2022-09-20,3945.650,3932.840,3957.550,3921.690,84824134.000
2022-09-21,3921.320,3903.730,3924.390,3884.230,86458391.000
2022-09-22,3875.180,3869.340,3900.270,3860.230,80946919.000
2022-09-23,3865.100,3856.020,3888.400,3829.690,94342462.000
2022-09-26,3829.600,3836.680,3893.320,3827.950,104526031.000
2022-09-27,3844.070,3892.300,3893.030,3827.930,88860160.000
2022-09-28,3879.440,3828.710,3879.440,3828.050,86592213.000
2022-09-29,3864.320,3827.140,3873.180,3808.650,85654142.000
2022-09-30,3833.350,3804.890,3848.600,3801.280,78559966.000
2022-10-10,3806.560,3720.940,3807.460,3715.710,102647595.000
2022-10-11,3732.020,3727.690,3739.810,3706.060,83944625.000
2022-10-12,3722.870,3784.310,3784.310,3661.530,108089319.000
2022-10-13,3756.420,3752.670,3783.600,3749.640,99018915.000
2022-10-14,3783.320,3842.470,3863.230,3780.840,116242293.000
2022-10-17,3822.240,3846.410,3849.620,3809.120,104192019.000
2022-10-18,3865.830,3838.270,3870.220,3831.170,88346907.000
2022-10-19,3827.470,3776.530,3840.490,3776.530,81574844.000
2022-10-20,3746.580,3754.930,3804.250,3726.790,90290895.000
2022-10-21,3753.890,3742.890,3768.690,3724.690,98750038.000
2022-10-24,3727.920,3633.370,3762.160,3619.990,130056864.000
2022-10-25,3621.940,3627.450,3670.730,3594.700,110953882.000
2022-10-26,3633.310,3656.900,3700.880,3633.310,121301548.000
2022-10-27,3667.660,3631.140,3685.080,3631.060,117998675.000
2022-10-28,3605.160,3541.330,3618.860,3533.500,118772162.000
2022-10-31,3504.510,3508.700,3553.390,3495.950,138465655.000
2022-11-01,3519.820,3634.170,3634.170,3517.620,149286698.000
2022-11-02,3620.370,3677.810,3703.470,3610.800,141592919.000
2022-11-03,3645.060,3647.900,3670.160,3628.500,110566035.000
2022-11-04,3646.770,3767.170,3782.880,3646.770,149734949.000
2022-11-07,3754.520,3775.300,3792.790,3746.370,129826371.000
2022-11-08,3773.660,3749.330,3779.120,3723.340,99016451.000
2022-11-09,3750.780,3714.270,3760.410,3711.270,89434525.000
2022-11-10,3685.830,3685.690,3701.530,3665.060,103509302.000
2022-11-11,3787.760,3788.440,3828.900,3747.090,189685586.000
2022-11-14,3818.140,3794.020,3848.410,3781.780,169665048.000
2022-11-15,3788.930,3865.970,3871.640,3775.500,151515650.000
2022-11-16,3860.810,3834.390,3877.680,3829.310,120610964.000
2022-11-17,3821.270,3818.660,3821.740,3776.570,105940632.000
2022-11-18,3823.820,3801.570,3840.300,3801.570,115078777.000
2022-11-21,3769.630,3769.130,3769.870,3734.000,95866966.000
2022-11-22,3766.080,3769.570,3809.860,3751.040,144486334.000
2022-11-23,3760.220,3773.530,3791.180,3753.210,144527911.000
2022-11-24,3791.540,3756.810,3804.900,3751.380,101073447.000
2022-11-25,3751.280,3775.780,3790.570,3743.410,142929711.000
2022-11-28,3701.900,3733.240,3736.080,3672.130,127825748.000
2022-11-29,3766.570,3848.420,3854.770,3766.570,178701392.000
2022-11-30,3836.560,3853.040,3867.660,3833.830,157511400.000
2022-12-01,3921.300,3894.770,3944.560,3893.870,169964585.000
2022-12-02,3886.400,3870.950,3898.110,3865.880,116786350.000
2022-12-05,3907.640,3946.880,3947.480,3900.670,201747221.000
2022-12-06,3929.010,3968.200,3988.900,3923.000,155108323.000
2022-12-07,3956.670,3958.440,3999.590,3944.180,143001356.000
2022-12-08,3953.200,3959.180,3971.490,3941.300,115199986.000
2022-12-09,3961.990,3998.240,4003.320,3944.440,153774954.000
2022-12-12,3976.170,3953.440,3983.430,3950.320,125935368.000
2022-12-13,3953.550,3945.680,3964.400,3939.980,100994100.000
2022-12-14,3952.790,3954.890,3972.740,3935.770,98528006.000
2022-12-15,3954.670,3951.990,3963.500,3926.500,88864725.000
2022-12-16,3931.230,3954.230,3960.470,3929.490,93178567.000
2022-12-19,3952.770,3893.220,3966.570,3878.440,106919075.000
2022-12-20,3881.230,3829.020,3881.270,3811.480,83096822.000
2022-12-21,3839.000,3830.540,3853.730,3821.400,64839215.000
2022-12-22,3859.200,3836.030,3882.130,3821.340,83705173.000
2022-12-23,3811.620,3828.220,3848.340,3805.950,65278148.000
2022-12-26,3830.570,3843.490,3856.810,3827.520,73005712.000
2022-12-27,3860.910,3887.850,3891.850,3856.580,77515350.000
2022-12-28,3874.910,3871.260,3884.720,3854.940,84424656.000
2022-12-29,3854.240,3856.700,3868.290,3838.480,79394815.000
2022-12-30,3873.940,3871.630,3887.550,3868.760,78773272.000
2023-01-03,3864.840,3887.900,3893.990,3831.250,115051875.000
2023-01-04,3886.250,3892.950,3905.900,3873.650,110660743.000
2023-01-05,3913.490,3968.580,3974.880,3912.260,116502395.000
2023-01-06,3969.550,3980.890,4000.410,3966.470,110953038.000
2023-01-09,3998.530,4013.120,4023.090,3990.710,117054425.000
2023-01-10,4014.710,4017.470,4030.460,4002.230,101751141.000
2023-01-11,4019.880,4010.030,4043.400,4008.020,99997889.000
2023-01-12,4021.750,4017.870,4030.290,4003.510,90552627.000
2023-01-13,4032.290,4074.380,4074.380,4027.890,95871896.000
2023-01-16,4077.880,4137.960,4177.100,4076.640,151395455.000
2023-01-17,4138.840,4137.240,4148.580,4118.160,95479040.000
2023-01-18,4140.100,4130.310,4151.460,4125.770,84200645.000
2023-01-19,4125.580,4156.010,4156.010,4105.980,94608398.000
2023-01-20,4166.840,4181.530,4189.830,4161.670,123553809.000
2023-01-30,4267.620,4201.350,4268.150,4197.860,164607064.000
2023-01-31,4200.580,4156.860,4212.730,4153.050,124550835.000
2023-02-01,4170.130,4195.930,4195.930,4137.770,141008954.000
2023-02-02,4207.410,4181.150,4207.410,4170.560,133823736.000
2023-02-03,4162.030,4141.630,4162.030,4103.170,117041221.000
2023-02-06,4103.830,4086.880,4105.940,4065.220,110192717.000
2023-02-07,4098.310,4094.230,4107.340,4077.960,91360072.000
2023-02-08,4099.860,4076.140,4111.470,4072.650,84786099.000
2023-02-09,4067.560,4130.860,4130.860,4064.750,102289961.000
2023-02-10,4124.100,4106.310,4125.290,4092.350,96716733.000
2023-02-13,4098.880,4143.570,4146.450,4092.270,128892577.000
2023-02-14,4151.250,4145.290,4152.050,4125.260,102499890.000
2023-02-15,4146.850,4123.690,4153.720,4115.970,121664508.000
2023-02-16,4125.410,4093.490,4167.900,4068.860,159310585.000
2023-02-17,4086.220,4034.510,4104.640,4032.930,116142589.000
2023-02-20,4039.960,4133.490,4134.860,4035.480,161794481.000
2023-02-21,4130.060,4144.350,4151.800,4116.270,145776173.000
2023-02-22,4118.970,4106.950,4134.880,4101.860,104290295.000
2023-02-23,4106.210,4103.650,4132.390,4088.210,103564906.000
2023-02-24,4100.990,4061.050,4102.610,4048.240,100989425.000
2023-02-27,4040.460,4043.840,4067.030,4034.520,93787630.000
2023-02-28,4058.130,4069.460,4074.260,4026.450,110323591.000
2023-03-01,4068.730,4126.940,4135.480,4061.220,156015794.000
2023-03-02,4119.990,4117.740,4137.250,4113.830,148217637.000
2023-03-03,4126.020,4130.550,4135.210,4100.380,160331741.000
2023-03-06,4131.150,4109.010,4132.840,4088.450,162971807.000
2023-03-07,4103.640,4048.850,4124.960,4046.570,195912068.000
2023-03-08,4030.740,4034.110,4037.290,4011.520,117936493.000
2023-03-09,4035.840,4019.850,4043.850,4000.890,116539629.000
2023-03-10,3991.800,3967.140,4004.360,3966.430,123855409.000
2023-03-13,3962.640,4008.690,4008.690,3962.640,143561370.000
2023-03-14,3999.880,3984.700,4001.940,3946.940,150544174.000
2023-03-15,4011.840,3986.900,4018.750,3986.900,142026007.000
2023-03-16,3958.200,3939.150,3981.320,3936.480,152515644.000
2023-03-17,3971.160,3958.820,4004.220,3945.250,177433818.000
2023-03-20,3962.660,3939.080,3979.550,3935.020,205264970.000
2023-03-21,3948.160,3982.380,3982.700,3948.160,145090679.000
2023-03-22,3993.780,3999.440,4016.450,3986.710,149228970.000
2023-03-23,3985.990,4039.090,4039.090,3984.000,158887421.000
2023-03-24,4035.160,4027.050,4037.840,4017.000,159442330.000
2023-03-27,4023.300,4012.480,4023.300,3987.030,168482279.000
2023-03-28,4015.700,3999.510,4023.780,3994.600,131895117.000
2023-03-29,4013.590,4006.140,4017.760,3992.670,133743510.000
2023-03-30,4009.560,4038.530,4040.500,3983.900,149901037.000
2023-03-31,4045.450,4050.930,4063.570,4039.960,138842546.000
2023-04-03,4059.620,4090.570,4094.940,4059.060,182124313.000
2023-04-04,4089.290,4103.110,4103.160,4080.070,197146631.000
2023-04-06,4084.130,4096.640,4098.830,4078.400,150703374.000
2023-04-07,4096.900,4123.280,4131.310,4092.180,128676738.000
2023-04-10,4132.010,4104.810,4132.300,4099.050,152453002.000
2023-04-11,4108.510,4100.150,4116.120,4083.490,153901333.000
2023-04-12,4102.400,4097.290,4108.250,4090.280,165965278.000
2023-04-13,4081.390,4068.980,4088.880,4059.570,156444295.000
2023-04-14,4078.970,4092.000,4098.220,4075.200,150695682.000
2023-04-17,4090.070,4149.380,4149.380,4089.510,188773095.000
2023-04-18,4139.310,4162.030,4169.670,4138.460,170184130.000
2023-04-19,4159.390,4124.560,4159.390,4118.630,162554592.000
2023-04-20,4122.950,4113.020,4125.820,4094.000,162706677.000
2023-04-21,4114.260,4032.570,4114.260,4031.910,180802435.000
2023-04-24,4031.300,3982.640,4033.640,3967.910,170099217.000
2023-04-25,3985.110,3962.670,3991.690,3925.440,172555409.000
2023-04-26,3950.260,3959.230,3975.660,3934.660,162702006.000
2023-04-27,3948.030,3988.420,3999.130,3942.820,153828195.000
2023-04-28,3993.260,4029.090,4030.450,3993.260,179508488.000
2023-05-04,4013.470,4030.250,4035.780,4001.130,227582846.000
2023-05-05,4031.090,4016.880,4047.600,3998.390,206626924.000
2023-05-08,4028.110,4062.660,4070.770,4018.960,255583085.000
2023-05-09,4065.440,4027.880,4092.850,4026.390,279306048.000
2023-05-10,4017.940,3996.870,4019.060,3984.630,207552709.000
2023-05-11,4005.780,3990.660,4018.060,3988.480,144804619.000
2023-05-12,3987.770,3937.760,3999.380,3937.530,144421728.000
2023-05-15,3938.830,3998.890,3998.890,3923.030,176257362.000
2023-05-16,4002.520,3978.210,4005.020,3966.990,136833271.000
2023-05-17,3971.700,3960.170,3982.600,3945.710,118448185.000
2023-05-18,3965.520,3956.070,3982.720,3939.550,136533947.000
2023-05-19,3946.220,3944.540,3967.280,3928.320,120212479.000
2023-05-22,3941.000,3969.330,3985.400,3935.800,109116605.000
2023-05-23,3968.230,3913.190,3971.940,3913.190,118685077.000
2023-05-24,3903.780,3859.090,3903.780,3859.090,137258265.000
2023-05-25,3851.410,3850.500,3861.380,3817.840,124150770.000
2023-05-26,3848.420,3850.950,3859.630,3815.570,100326439.000
2023-05-29,3862.080,3833.940,3866.720,3819.180,131859967.000
2023-05-30,3827.790,3837.750,3844.010,3789.270,137619629.000
2023-05-31,3827.160,3798.540,3827.160,3781.400,126387368.000
2023-06-01,3788.590,3806.870,3832.210,3786.730,134561881.000
2023-06-02,3821.620,3861.830,3865.280,3821.620,125015110.000
2023-06-05,3860.560,3844.250,3860.560,3832.460,116163989.000
2023-06-06,3840.460,3808.160,3867.850,3802.840,125781258.000
2023-06-07,3815.480,3789.340,3823.110,3780.100,98862432.000
2023-06-08,3791.080,3820.190,3834.390,3777.780,118700934.000
2023-06-09,3822.410,3836.700,3836.700,3811.220,134319863.000
2023-06-12,3827.330,3844.430,3859.720,3813.860,126758543.000
2023-06-13,3838.130,3864.910,3867.300,3833.460,110924946.000
2023-06-14,3872.720,3864.020,3891.670,3862.060,124955759.000
2023-06-15,3871.770,3925.500,3925.500,3871.770,128369938.000
2023-06-16,3932.210,3963.350,3968.010,3928.540,139760076.000
2023-06-19,3957.030,3930.910,3957.030,3922.470,134905848.000
2023-06-20,3926.090,3924.240,3937.490,3918.470,122520318.000
2023-06-21,3909.100,3864.030,3920.130,3864.030,118346575.000
2023-06-26,3833.440,3809.700,3841.290,3801.050,133990419.000
2023-06-27,3811.690,3845.430,3851.900,3806.320,116992681.000
2023-06-28,3836.610,3840.800,3846.850,3808.160,107021541.000
2023-06-29,3836.730,3821.840,3840.710,3817.380,98289274.000
2023-06-30,3816.330,3842.450,3860.030,3813.550,101268429.000
2023-07-03,3853.290,3892.880,3897.330,3853.290,133158051.000
2023-07-04,3888.030,3899.010,3899.980,3878.400,109494527.000
2023-07-05,3895.190,3868.810,3899.520,3864.130,97636384.000
2023-07-06,3857.030,3842.750,3876.890,3836.460,100121842.000
2023-07-07,3831.600,3825.700,3844.840,3819.080,100906920.000
2023-07-10,3841.560,3844.330,3865.460,3831.920,92033441.000
2023-07-11,3853.800,3869.490,3870.650,3844.520,86510716.000
2023-07-12,3864.600,3843.440,3874.040,3838.560,111522024.000
2023-07-13,3855.660,3898.420,3901.100,3855.660,120300232.000
2023-07-14,3904.600,3899.100,3908.490,3893.790,122364846.000
2023-07-17,3881.620,3867.170,3881.620,3852.260,98340144.000
2023-07-18,3871.040,3854.940,3871.040,3844.510,91438615.000
2023-07-19,3848.480,3850.870,3860.010,3830.410,79585700.000
2023-07-20,3857.770,3823.690,3875.620,3818.710,92042076.000
2023-07-21,3816.980,3821.910,3849.510,3808.800,79507563.000
2023-07-24,3803.350,3805.220,3828.790,3798.800,75483545.000
2023-07-25,3866.640,3915.120,3915.810,3866.640,163066320.000
2023-07-26,3908.170,3907.010,3912.980,3893.400,107881717.000
2023-07-27,3914.230,3902.350,3935.360,3894.690,110667109.000
2023-07-28,3889.790,3992.740,4000.920,3886.550,179735481.000
2023-07-31,4018.890,4014.630,4064.360,4002.080,199606830.000
2023-08-01,4009.180,3998.000,4031.700,3983.030,142286859.000
2023-08-02,3985.700,3969.900,4008.330,3958.510,125855690.000
2023-08-03,3962.130,4004.980,4005.000,3962.130,129006640.000
2023-08-04,4033.720,4020.580,4058.240,4011.620,178267189.000
2023-08-07,4002.970,3990.150,4002.970,3977.020,121310662.000
2023-08-08,3980.040,3979.730,4002.290,3963.460,109871699.000
2023-08-09,3967.360,3967.570,3982.110,3961.840,94640269.000
2023-08-10,3962.860,3975.720,3976.460,3945.390,97176849.000
2023-08-11,3977.980,3884.250,3977.980,3884.250,126082931.000
2023-08-14,3840.890,3855.910,3859.470,3814.070,115966336.000
2023-08-15,3858.370,3846.540,3865.280,3811.680,103097111.000
2023-08-16,3830.830,3818.330,3852.420,3817.630,94616946.000
2023-08-17,3801.200,3831.100,3836.150,3782.500,98415493.000
2023-08-18,3832.460,3784.000,3844.200,3784.000,95549638.000
2023-08-21,3773.230,3729.560,3782.110,3729.560,98708369.000
2023-08-22,3748.070,3758.230,3770.060,3704.680,120318327.000
2023-08-23,3751.770,3696.630,3756.170,3695.030,97081638.000
2023-08-24,3711.540,3723.430,3748.860,3701.570,119614521.000
2023-08-25,3703.510,3709.150,3734.220,3695.840,105182610.000
2023-08-28,3911.550,3752.620,3911.550,3740.530,197990379.000
2023-08-29,3743.050,3790.110,3810.380,3742.080,152486146.000
2023-08-30,3803.120,3788.510,3813.700,3780.240,129671661.000
2023-08-31,3786.930,3765.270,3794.000,3762.000,118961646.000
2023-09-01,3778.910,3791.490,3808.530,3778.910,105319045.000
2023-09-04,3812.990,3848.950,3854.260,3804.590,142385201.000
2023-09-05,3839.580,3820.320,3839.580,3814.330,104052333.000
2023-09-06,3808.100,3812.030,3817.520,3790.890,93442393.000
2023-09-07,3802.230,3758.470,3802.230,3756.850,95103903.000
2023-09-08,3747.650,3739.990,3753.260,3724.990,71638166.000
2023-09-11,3740.580,3767.540,3788.320,3734.720,105358016.000
2023-09-12,3764.330,3760.600,3775.090,3755.420,79385378.000
2023-09-13,3759.610,3736.650,3768.820,3719.110,81576901.000
2023-09-14,3736.940,3733.510,3748.820,3717.310,100386075.000
2023-09-15,3740.790,3708.780,3749.020,3699.380,109395689.000
2023-09-18,3698.930,3727.710,3737.530,3691.110,86727741.000
2023-09-19,3723.420,3720.500,3724.070,3702.690,83199038.000
2023-09-20,3715.960,3705.690,3718.520,3705.130,75448209.000
2023-09-21,3698.310,3672.440,3708.460,3672.440,83031005.000
2023-09-22,3672.640,3738.930,3740.420,3664.770,110231166.000
2023-09-25,3738.060,3714.600,3738.060,3711.200,92596479.000
2023-09-26,3711.710,3692.890,3723.850,3692.620,78044525.000
2023-09-27,3694.960,3700.500,3731.140,3694.390,91629210.000
2023-09-28,3711.210,3689.520,3716.060,3685.300,85221719.000
2023-10-09,3678.930,3684.730,3694.170,3642.000,102148058.000
2023-10-10,3696.250,3657.130,3701.260,3655.590,99163730.000
2023-10-11,3674.750,3667.550,3689.530,3658.360,102091587.000
2023-10-12,3697.930,3702.380,3711.500,3682.840,114363225.000
2023-10-13,3677.960,3663.410,3678.190,3652.310,98287987.000
2023-10-16,3664.040,3626.600,3664.040,3615.770,91853118.000
2023-10-17,3635.300,3639.400,3645.570,3619.130,90745188.000
2023-10-18,3631.070,3610.580,3632.060,3608.980,94545879.000
2023-10-19,3588.520,3533.540,3588.520,3532.310,111737520.000
2023-10-20,3518.350,3510.590,3535.660,3501.730,98518605.000
2023-10-23,3500.200,3474.240,3505.350,3450.650,96561652.000
2023-10-24,3481.760,3487.130,3495.000,3453.100,115547289.000
2023-10-25,3524.300,3504.460,3531.830,3500.920,128009617.000
2023-10-26,3484.780,3514.140,3515.570,3478.050,105143566.000
2023-10-27,3501.170,3562.390,3576.590,3494.550,120225108.000
2023-10-30,3554.110,3583.770,3592.720,3554.020,144010426.000
2023-10-31,3581.680,3572.510,3581.680,3554.580,112587267.000
2023-11-01,3605.760,3571.030,3606.410,3564.640,97645538.000
2023-11-02,3580.070,3554.190,3597.170,3553.740,90359643.000
2023-11-03,3558.530,3584.140,3596.100,3558.530,97542101.000
2023-11-06,3608.320,3632.610,3635.790,3600.630,152982463.000
2023-11-07,3623.780,3619.760,3628.460,3606.300,110288591.000
2023-11-08,3610.640,3611.070,3627.050,3591.820,110594230.000
2023-11-09,3603.110,3612.830,3624.410,3601.370,111872057.000
2023-11-10,3596.070,3586.490,3599.450,3576.100,102107034.000
2023-11-13,3593.910,3579.410,3599.390,3562.770,96707649.000
2023-11-14,3581.100,3582.060,3600.150,3568.880,100884158.000
2023-11-15,3616.880,3607.250,3620.600,3596.920,104929218.000
2023-11-16,3600.980,3572.360,3605.290,3572.360,87464780.000
2023-11-17,3561.310,3568.070,3573.680,3547.030,87319207.000
2023-11-20,3569.730,3576.320,3586.970,3545.100,91080445.000
2023-11-21,3587.880,3581.070,3615.060,3575.680,108594314.000
2023-11-22,3569.440,3544.420,3574.380,3544.420,84784381.000
2023-11-23,3541.440,3561.520,3562.070,3529.940,84800167.000
2023-11-24,3560.650,3538.010,3560.650,3534.000,85018403.000
2023-11-27,3534.440,3511.940,3534.440,3492.860,99102314.000
2023-11-28,3510.660,3518.520,3521.050,3501.110,89335789.000
2023-11-29,3518.880,3488.310,3519.200,3482.240,98841412.000
2023-11-30,3485.520,3496.200,3505.130,3481.450,101350820.000
2023-12-01,3494.220,3482.880,3494.220,3452.170,108530941.000
2023-12-04,3481.040,3460.140,3488.130,3459.610,97156826.000
2023-12-05,3450.090,3394.260,3450.090,3393.810,100472007.000
2023-12-06,3387.880,3399.600,3420.280,3382.950,105805519.000
2023-12-07,3394.310,3391.280,3404.410,3369.770,97713248.000
2023-12-08,3391.860,3399.460,3409.380,3383.450,129522054.000
2023-12-11,3378.050,3419.450,3426.610,3346.890,139626249.000
2023-12-12,3410.000,3426.800,3427.550,3406.100,105590013.000
2023-12-13,3418.640,3369.610,3418.640,3369.610,95285367.000
2023-12-14,3387.380,3351.960,3399.140,3350.760,83655135.000
2023-12-15,3365.940,3341.550,3388.500,3339.520,97787783.000
2023-12-18,3329.190,3329.370,3352.350,3314.910,90526826.000
2023-12-19,3325.660,3334.040,3345.780,3313.190,83808118.000
2023-12-20,3334.330,3297.500,3338.540,3297.370,92412868.000
2023-12-21,3285.600,3330.870,3339.360,3283.990,102546198.000
2023-12-22,3329.470,3337.230,3359.060,3315.900,105220133.000
2023-12-25,3330.330,3347.450,3348.880,3330.330,74542693.000
2023-12-26,3345.400,3324.790,3345.420,3315.940,74732935.000
2023-12-27,3326.930,3336.360,3341.270,3309.670,94403928.000
2023-12-28,3335.560,3414.540,3423.400,3331.210,148064851.000
2023-12-29,3411.110,3431.110,3432.540,3409.580,114928932.000
2024-01-02,3426.270,3386.350,3426.270,3386.350,116180726.000
2024-01-03,3379.750,3378.300,3392.850,3362.660,105613851.000
2024-01-04,3375.020,3347.050,3375.020,3323.860,106721013.000
2024-01-05,3341.310,3329.110,3372.540,3313.550,126400574.000
2024-01-08,3322.610,3286.060,3333.520,3283.340,117429485.000
2024-01-09,3286.710,3292.500,3304.600,3273.840,109330465.000
2024-01-10,3281.670,3277.130,3312.920,3268.250,94199366.000
2024-01-11,3275.310,3295.670,3311.110,3266.790,108789735.000
2024-01-12,3284.360,3284.170,3310.470,3279.700,96853555.000
2024-01-15,3270.100,3280.920,3306.920,3261.270,88851530.000
2024-01-16,3272.570,3300.880,3300.880,3260.440,113276665.000
2024-01-17,3291.140,3229.080,3291.140,3229.080,108769728.000
2024-01-18,3214.280,3274.730,3279.250,3171.630,174909168.000
2024-01-19,3261.240,3269.780,3286.940,3251.810,118501408.000
2024-01-22,3262.470,3218.900,3281.420,3193.180,148705628.000
2024-01-23,3208.430,3231.930,3249.530,3188.130,122012000.000
2024-01-24,3245.960,3277.110,3281.490,3190.470,154371954.000
2024-01-25,3274.340,3342.920,3344.240,3269.790,196833614.000
2024-01-26,3326.650,3333.820,3351.970,3315.130,180664005.000
2024-01-29,3335.390,3303.960,3351.370,3303.960,184164795.000
2024-01-30,3283.900,3245.040,3300.200,3244.970,143649350.000
2024-01-31,3231.540,3215.350,3252.150,3201.930,153143469.000
2024-02-01,3202.260,3217.710,3251.760,3191.900,145516792.000
2024-02-02,3219.870,3179.630,3235.410,3108.350,173758089.000
2024-02-05,3164.250,3200.420,3233.850,3111.520,203042970.000
2024-02-06,3185.250,3311.690,3314.510,3182.820,202713099.000
2024-02-07,3314.030,3343.630,3343.630,3289.670,216647933.000
2024-02-08,3351.410,3364.930,3367.210,3336.980,189977578.000
2024-02-19,3393.190,3403.810,3403.810,3364.140,183319800.000
2024-02-20,3395.190,3410.850,3415.890,3380.100,140734581.000
2024-02-21,3390.360,3456.870,3500.130,3383.690,188879362.000
2024-02-22,3450.350,3486.670,3486.680,3448.410,141020784.000
2024-02-23,3491.340,3489.740,3507.560,3472.970,144821273.000
2024-02-26,3485.540,3453.360,3492.610,3445.390,151248331.000
2024-02-27,3440.050,3494.790,3494.790,3437.440,139528246.000
2024-02-28,3499.830,3450.260,3521.660,3450.260,189837548.000
2024-02-29,3437.900,3516.080,3516.080,3437.900,155944532.000
2024-03-01,3515.060,3537.800,3544.360,3503.460,162709570.000
2024-03-04,3538.370,3540.870,3548.690,3519.760,163244613.000
2024-03-05,3524.960,3565.510,3570.690,3519.080,166422389.000
2024-03-06,3556.530,3551.050,3577.390,3545.100,143076613.000
2024-03-07,3548.100,3529.720,3569.920,3522.900,148110510.000
2024-03-08,3529.550,3544.910,3548.510,3511.580,125792664.000
2024-03-11,3545.940,3589.260,3589.260,3542.280,148202825.000
2024-03-12,3592.580,3597.490,3605.700,3574.210,180685560.000
2024-03-13,3594.420,3572.360,3594.420,3563.370,144590590.000
2024-03-14,3571.790,3562.220,3597.460,3545.610,140962722.000
2024-03-15,3554.910,3569.990,3572.810,3533.680,138316044.000
2024-03-18,3577.060,3603.530,3604.050,3573.400,160379438.000
2024-03-19,3593.340,3577.630,3610.740,3577.190,145571786.000
2024-03-20,3568.720,3585.380,3589.550,3568.430,129528966.000
2024-03-21,3593.070,3581.090,3601.110,3575.030,130743377.000
2024-03-22,3571.270,3545.000,3575.720,3522.840,139227358.000
2024-03-25,3536.710,3525.760,3564.960,3525.760,137015724.000
2024-03-26,3526.680,3543.750,3547.650,3518.600,126209535.000
2024-03-27,3538.720,3502.790,3542.960,3502.790,128626763.000
2024-03-28,3498.480,3520.960,3551.210,3489.390,143334717.000
2024-03-29,3516.880,3537.480,3538.240,3516.880,128643290.000
2024-04-01,3551.580,3595.650,3600.920,3551.580,162776561.000
2024-04-02,3593.220,3580.680,3596.190,3568.750,141272972.000
2024-04-03,3578.680,3567.800,3582.430,3558.870,135592331.000
2024-04-08,3553.560,3536.410,3567.820,3535.770,155304283.000
2024-04-09,3533.380,3533.490,3543.710,3518.860,129670942.000
2024-04-10,3528.970,3504.710,3531.230,3490.050,128790274.000
2024-04-11,3485.030,3504.240,3520.590,3484.930,126534395.000
2024-04-12,3505.750,3475.840,3516.700,3470.060,128921116.000
2024-04-15,3473.500,3549.080,3552.410,3473.500,183941250.000
2024-04-16,3533.360,3511.110,3545.500,3503.620,176153065.000
2024-04-17,3509.130,3565.400,3565.940,3498.030,168466398.000
2024-04-18,3550.560,3569.800,3602.790,3547.600,178574105.000
2024-04-19,3550.610,3541.660,3560.950,3529.320,147281505.000
2024-04-22,3536.180,3530.900,3558.160,3528.020,150579042.000
2024-04-23,3525.670,3506.220,3533.760,3499.980,143113504.000
2024-04-24,3514.010,3521.620,3524.540,3495.650,121739851.000
2024-04-25,3510.640,3530.280,3543.970,3505.200,115187722.000
2024-04-26,3531.960,3584.270,3588.400,3531.960,197216133.000
2024-04-29,3584.540,3623.910,3645.820,3578.760,222721381.000
2024-04-30,3619.260,3604.390,3630.710,3604.390,191296899.000
2024-05-06,3654.050,3657.880,3668.260,3645.740,208018007.000
2024-05-07,3657.000,3659.010,3665.680,3648.380,164834286.000
2024-05-08,3650.750,3630.220,3650.940,3628.700,130035336.000
2024-05-09,3630.410,3664.560,3669.760,3630.410,146559017.000
2024-05-10,3669.090,3666.280,3674.610,3641.760,150720536.000
2024-05-13,3646.350,3664.690,3673.620,3634.600,157267455.000
2024-05-14,3668.230,3657.050,3675.780,3646.710,133406490.000
2024-05-15,3651.050,3626.060,3656.530,3624.000,123522764.000
2024-05-16,3636.600,3640.360,3657.480,3626.330,154630503.000
2024-05-17,3638.560,3677.970,3677.970,3627.450,164570417.000
2024-05-20,3682.060,3690.960,3703.030,3677.440,184609423.000
2024-05-21,3682.290,3676.160,3684.610,3665.150,130678283.000
2024-05-22,3675.650,3684.450,3691.880,3667.090,151914605.000
2024-05-23,3672.840,3641.790,3674.370,3633.510,142572990.000
2024-05-24,3630.830,3601.480,3650.870,3599.670,124791177.000
2024-05-27,3606.650,3635.710,3638.150,3603.710,131272644.000
2024-05-28,3633.250,3609.170,3638.970,3605.920,123532238.000
2024-05-29,3609.070,3613.520,3633.200,3602.820,115906321.000
2024-05-30,3607.050,3594.310,3624.040,3586.750,122602995.000
2024-05-31,3599.820,3579.920,3614.640,3579.920,112462019.000
2024-06-03,3577.380,3588.750,3600.600,3567.870,141054591.000
2024-06-04,3583.810,3615.670,3622.500,3580.280,124545096.000
2024-06-05,3610.360,3594.790,3623.320,3594.110,110906766.000
2024-06-06,3602.160,3592.250,3625.010,3584.170,137893517.000
2024-06-07,3594.630,3574.110,3603.070,3552.090,131103026.000
2024-06-11,3555.820,3542.880,3565.310,3525.890,134522306.000
2024-06-12,3539.090,3544.120,3551.170,3531.570,122813729.000
2024-06-13,3548.220,3526.130,3551.080,3520.180,123245462.000
2024-06-14,3514.800,3541.530,3547.150,3503.520,171516942.000
2024-06-17,3521.440,3536.200,3540.790,3520.740,137433438.000
2024-06-18,3533.490,3545.590,3551.710,3532.780,123671838.000
2024-06-19,3543.360,3528.750,3543.360,3524.840,106642797.000
2024-06-20,3525.170,3503.280,3533.990,3500.130,111617396.000
2024-06-21,3496.340,3495.620,3505.510,3473.830,109186615.000
2024-06-24,3473.640,3476.810,3505.780,3471.220,117990184.000
2024-06-25,3475.160,3457.900,3483.220,3440.650,118448118.000
2024-06-26,3451.540,3480.260,3487.400,3442.300,105898861.000
2024-06-27,3467.290,3454.120,3471.140,3452.580,114918101.000
2024-06-28,3443.670,3461.660,3484.680,3443.670,135409153.000
2024-07-01,3458.260,3478.180,3479.950,3443.810,121829770.000
2024-07-02,3472.450,3471.790,3488.320,3464.520,121650121.000
2024-07-03,3471.560,3463.410,3478.700,3454.990,103857108.000
2024-07-04,3468.300,3445.810,3483.310,3444.930,104429909.000
2024-07-05,3443.360,3431.060,3451.040,3399.670,116609659.000
2024-07-08,3420.800,3401.760,3428.040,3395.910,115528218.000
2024-07-09,3396.800,3439.810,3448.930,3384.810,131629443.000
2024-07-10,3425.880,3428.970,3447.510,3423.650,127203456.000
2024-07-11,3451.040,3468.170,3473.980,3438.120,145892466.000
2024-07-12,3459.960,3472.400,3479.100,3457.360,130874589.000
2024-07-15,3462.610,3476.250,3481.460,3460.790,118517083.000
2024-07-16,3466.850,3498.280,3500.290,3464.370,120659017.000
2024-07-17,3494.210,3501.580,3514.480,3486.220,131802062.000
2024-07-18,3483.300,3520.930,3522.800,3475.720,123768199.000
2024-07-19,3500.810,3539.020,3545.340,3493.070,132447975.000
2024-07-22,3538.400,3514.920,3540.190,3494.010,132126337.000
2024-07-23,3509.790,3439.880,3509.790,3439.880,128897660.000
2024-07-24,3432.350,3418.170,3451.420,3408.410,127036263.000
2024-07-25,3404.610,3399.270,3415.860,3383.800,131022242.000
2024-07-26,3403.710,3409.290,3420.820,3388.660,124195558.000
2024-07-29,3404.370,3390.740,3408.500,3388.840,109787786.000
2024-07-30,3380.690,3369.380,3380.690,3352.800,104952164.000
2024-07-31,3364.030,3442.080,3445.000,3364.030,171959177.000
2024-08-01,3443.140,3419.270,3448.340,3419.190,136323464.000
2024-08-02,3393.920,3384.390,3419.100,3380.960,116615255.000
2024-08-05,3362.110,3343.320,3409.030,3343.320,142812516.000
2024-08-06,3367.350,3342.980,3376.800,3318.630,119340279.000
2024-08-07,3338.590,3341.490,3362.380,3329.970,95084377.000
2024-08-08,3332.430,3342.940,3364.790,3320.840,92495695.000
2024-08-09,3358.130,3331.630,3366.670,3331.630,91511626.000
2024-08-12,3327.560,3325.860,3338.080,3319.890,79938754.000
2024-08-13,3328.010,3334.390,3335.010,3310.190,84489679.000
2024-08-14,3332.790,3309.240,3332.790,3309.100,78742407.000
2024-08-15,3301.450,3341.950,3356.760,3297.970,104766399.000
2024-08-16,3342.030,3345.630,3356.910,3335.620,96519083.000
2024-08-19,3344.260,3356.970,3375.960,3343.710,105571110.000
2024-08-20,3361.640,3332.700,3362.330,3321.640,101668331.000
2024-08-21,3322.910,3321.640,3339.440,3307.990,89954751.000
2024-08-22,3322.870,3313.140,3327.700,3305.250,100366504.000
2024-08-23,3305.930,3327.190,3336.240,3305.640,89525774.000
2024-08-26,3330.720,3324.220,3336.530,3311.570,93990772.000
2024-08-27,3315.690,3305.330,3320.570,3299.560,95808157.000
2024-08-28,3298.910,3286.500,3305.350,3274.590,92696650.000
2024-08-29,3273.540,3277.680,3290.790,3269.530,130702333.000
2024-08-30,3273.750,3321.430,3351.630,3273.650,188695443.000
2024-09-02,3307.540,3265.010,3307.760,3264.760,147612353.000
2024-09-03,3261.740,3273.430,3281.590,3261.190,122897306.000
2024-09-04,3253.900,3252.160,3272.990,3249.980,104832482.000
2024-09-05,3252.960,3257.760,3266.880,3247.170,97109450.000
2024-09-06,3261.150,3231.350,3274.810,3231.070,88400417.000
2024-09-09,3214.800,3192.950,3222.930,3180.930,108673069.000
2024-09-10,3193.460,3195.760,3205.100,3171.790,97290078.000
2024-09-11,3187.050,3186.130,3197.340,3174.030,102482110.000
2024-09-12,3189.430,3172.470,3201.550,3171.880,92868657.000
2024-09-13,3174.030,3159.250,3188.910,3159.250,88336677.000
2024-09-18,3158.820,3171.010,3179.900,3145.790,84722814.000
2024-09-19,3178.400,3196.040,3213.840,3149.790,125439272.000
2024-09-20,3192.430,3201.050,3207.990,3173.220,118064098.000
2024-09-23,3200.870,3212.760,3230.160,3198.020,95344855.000
2024-09-24,3244.650,3351.910,3351.970,3222.490,204072217.000
2024-09-25,3403.700,3401.530,3465.490,3393.440,241564255.000
2024-09-26,3399.320,3545.320,3545.320,3391.680,243134010.000
2024-09-27,3617.920,3703.680,3708.500,3596.580,265487774.000
2024-09-30,3846.650,4017.850,4038.700,3796.500,510217707.000
2024-10-08,4450.370,4256.100,4450.370,4094.350,589867894.000
2024-10-09,4168.840,3955.980,4197.600,3942.510,482269295.000
2024-10-10,3979.610,3997.790,4098.500,3912.770,395053099.000
2024-10-11,3969.760,3887.170,3978.240,3847.120,274096505.000
2024-10-14,3915.220,3961.340,3979.540,3868.780,307578993.000
2024-10-15,3942.530,3855.990,3967.870,3855.990,242486448.000
2024-10-16,3806.140,3831.590,3877.750,3805.090,218866407.000
2024-10-17,3853.840,3788.220,3882.070,3787.750,212313820.000
2024-10-18,3780.310,3925.230,3998.210,3765.160,312958834.000
2024-10-21,3946.900,3935.200,3979.260,3896.170,291185634.000
2024-10-22,3923.740,3957.780,3965.910,3917.520,223433396.000
2024-10-23,3955.320,3973.210,4012.180,3939.100,245873949.000
2024-10-24,3950.900,3928.830,3957.980,3914.090,174724062.000
2024-10-25,3931.320,3956.420,3992.890,3921.940,210694885.000
2024-10-28,3953.110,3964.160,3964.160,3917.200,216160415.000
2024-10-29,3970.010,3924.650,3991.310,3921.580,217293984.000
2024-10-30,3904.160,3889.450,3926.060,3864.310,219436626.000
2024-10-31,3888.420,3891.040,3923.900,3859.110,300636718.000
2024-11-01,3882.460,3890.020,3933.220,3879.960,307986481.000
2024-11-04,3897.710,3944.760,3944.760,3891.210,229239060.000
2024-11-05,3937.620,4044.570,4046.700,3925.410,316862794.000
2024-11-06,4051.290,4024.280,4091.700,4002.500,335807938.000
2024-11-07,3987.270,4145.700,4146.150,3984.670,341436414.000
2024-11-08,4192.080,4104.050,4200.910,4094.160,332350385.000
2024-11-11,4066.930,4131.130,4132.510,4048.040,289594227.000
2024-11-12,4133.350,4085.740,4181.710,4060.790,297778086.000
2024-11-13,4059.590,4110.890,4121.070,4059.590,240484099.000
2024-11-14,4101.220,4039.620,4118.170,4034.940,230152784.000
2024-11-15,4025.650,3968.830,4049.070,3968.830,247399463.000
2024-11-18,3982.100,3950.380,4034.060,3931.190,306777946.000
2024-11-19,3954.600,3976.890,3979.150,3896.750,242946465.000
2024-11-20,3966.120,3985.770,4001.080,3958.340,184599372.000
2024-11-21,3979.460,3989.300,3999.570,3966.070,166125927.000
2024-11-22,3984.240,3865.700,3990.260,3865.700,216285809.000
2024-11-25,3875.610,3848.090,3889.710,3812.320,190702953.000
2024-11-26,3836.260,3840.180,3875.230,3833.280,149892441.000
2024-11-27,3829.340,3907.040,3907.160,3817.910,174136096.000
2024-11-28,3904.250,3872.550,3908.390,3866.010,150117291.000
2024-11-29,3869.890,3916.580,3962.700,3869.890,187656713.000
2024-12-02,3909.700,3947.630,3955.130,3902.170,197289784.000
2024-12-03,3946.700,3951.890,3963.950,3922.840,182496867.000
2024-12-04,3948.130,3930.560,3957.370,3917.750,174626318.000
2024-12-05,3916.560,3921.590,3936.340,3910.080,138534038.000
2024-12-06,3923.900,3973.140,3995.120,3923.900,192057907.000
2024-12-09,3970.660,3966.570,3995.510,3948.420,175959958.000
2024-12-10,4094.050,3995.640,4098.380,3988.970,253463795.000
2024-12-11,3988.020,3988.830,4005.330,3977.350,177252846.000
2024-12-12,3987.150,4028.500,4031.740,3981.350,181621777.000
2024-12-13,4000.990,3933.180,4000.990,3931.740,230353079.000
2024-12-16,3930.780,3911.840,3938.760,3901.650,178511251.000
2024-12-17,3908.130,3922.030,3955.950,3908.130,160939090.000
2024-12-18,3934.540,3941.890,3956.140,3933.970,157738321.000
2024-12-19,3911.890,3945.460,3954.350,3899.750,161081040.000
2024-12-20,3937.470,3927.740,3958.630,3923.260,154986496.000
2024-12-23,3928.150,3933.570,3965.850,3928.150,190067362.000
2024-12-24,3934.940,3983.690,3985.860,3934.730,161494589.000
2024-12-25,3987.960,3985.630,4007.760,3969.480,159390747.000
2024-12-26,3981.730,3987.480,3991.530,3965.550,143425286.000
2024-12-27,3987.020,3981.030,4007.130,3970.940,169268666.000
2024-12-30,3976.700,3999.050,4005.780,3976.700,164612485.000
2024-12-31,3995.870,3934.910,4004.350,3934.910,183928397.000
2025-01-02,3931.820,3820.400,3934.200,3796.340,217898724.000
2025-01-03,3825.240,3775.160,3835.940,3767.670,175342676.000
2025-01-06,3775.990,3768.970,3788.850,3743.070,150946670.000
2025-01-07,3760.870,3796.110,3797.600,3749.060,146455779.000
2025-01-08,3781.260,3789.220,3810.740,3731.190,169166968.000
2025-01-09,3780.730,3779.880,3795.260,3768.680,129794002.000
2025-01-10,3778.890,3732.480,3786.810,3732.480,137523171.000
2025-01-13,3704.440,3722.510,3737.890,3704.110,136446199.000
2025-01-14,3728.560,3820.540,3826.640,3718.880,170664657.000
2025-01-15,3810.040,3796.030,3816.830,3790.170,141475520.000
2025-01-16,3812.190,3800.380,3842.950,3776.290,144505871.000
2025-01-17,3788.370,3812.340,3831.640,3780.210,126621961.000
2025-01-20,3835.300,3829.680,3858.670,3821.980,139581277.000
2025-01-21,3850.360,3832.610,3850.910,3817.120,141218406.000
2025-01-22,3823.940,3797.020,3823.940,3783.140,137255062.000
2025-01-23,3829.050,3803.740,3864.260,3801.850,180569551.000
2025-01-24,3793.850,3832.860,3847.600,3793.480,148971722.000
2025-01-27,3836.960,3817.080,3852.000,3817.080,146670772.000
2025-02-05,3844.700,3795.080,3844.700,3785.160,157168308.000
2025-02-06,3789.610,3842.830,3843.490,3788.320,167288176.000
2025-02-07,3844.060,3892.700,3919.350,3833.870,221857707.000
2025-02-10,3898.100,3901.060,3906.370,3878.830,188903040.000
2025-02-11,3905.160,3883.140,3905.160,3872.910,166574909.000
2025-02-12,3875.960,3919.860,3920.720,3867.350,164228540.000
2025-02-13,3913.900,3905.140,3939.200,3904.980,172485874.000
2025-02-14,3900.830,3939.010,3942.040,3900.830,172976452.000
2025-02-17,3954.410,3947.400,3955.900,3921.700,213588246.000
2025-02-18,3942.580,3912.780,3965.420,3901.870,209425101.000
2025-02-19,3906.220,3940.160,3943.670,3904.150,182829517.000
2025-02-20,3934.650,3928.900,3940.680,3916.180,163895236.000
2025-02-21,3938.050,3978.440,3981.050,3927.790,227400330.000
2025-02-24,3972.480,3969.720,3995.950,3949.230,220810618.000
2025-02-25,3933.640,3925.650,3955.430,3915.650,178108580.000
2025-02-26,3931.840,3959.940,3960.330,3925.370,191062501.000
2025-02-27,3961.060,3968.120,3973.930,3933.460,202887963.000
2025-02-28,3950.190,3890.050,3972.480,3886.400,198104147.000
2025-03-03,3899.700,3888.470,3930.000,3872.590,177623166.000
2025-03-04,3865.990,3885.220,3890.420,3855.730,149850967.000
2025-03-05,3887.800,3902.570,3906.420,3877.020,158652751.000
2025-03-06,3923.380,3956.240,3964.490,3917.080,193960915.000
2025-03-07,3944.910,3944.010,3967.070,3935.050,166732375.000
2025-03-10,3945.580,3928.800,3949.140,3905.130,152765232.000
2025-03-11,3890.430,3941.420,3941.420,3889.430,144754402.000
2025-03-12,3946.860,3927.230,3953.610,3921.470,156732190.000
2025-03-13,3925.740,3911.580,3939.290,3897.380,156536443.000
2025-03-14,3919.620,4006.560,4014.160,3919.620,216139003.000
2025-03-17,4020.640,3996.790,4021.730,3992.260,162202911.000
2025-03-18,4011.780,4007.720,4016.870,3995.960,140208496.000
2025-03-19,4004.830,4010.170,4025.300,3989.510,144419428.000
2025-03-20,4011.060,3974.990,4012.040,3969.930,133754670.000
2025-03-21,3966.510,3914.700,3983.150,3904.770,165905294.000
2025-03-24,3916.110,3934.850,3938.180,3907.200,152234674.000
2025-03-25,3937.900,3932.300,3946.360,3921.530,140475399.000
2025-03-26,3930.210,3919.360,3942.030,3916.860,131164187.000
2025-03-27,3911.380,3932.410,3952.990,3903.650,126793738.000
2025-03-28,3930.780,3915.170,3934.230,3907.380,126356214.000
2025-03-31,3905.980,3887.310,3928.450,3872.400,166798523.000
2025-04-01,3892.780,3887.680,3905.260,3882.400,140380274.000
2025-04-02,3884.420,3884.390,3900.490,3877.160,113043175.000
2025-04-03,3843.420,3861.500,3883.700,3843.420,142599789.000
2025-04-07,3675.200,3589.440,3707.780,3514.120,312578586.000
2025-04-08,3597.990,3650.760,3650.760,3583.870,280197312.000
2025-04-09,3606.100,3686.790,3686.790,3587.340,262305708.000
2025-04-10,3749.130,3735.120,3756.140,3708.820,227252227.000
2025-04-11,3730.310,3750.520,3762.370,3708.460,168759691.000
2025-04-14,3772.040,3759.140,3776.630,3754.030,164462403.000
2025-04-15,3756.480,3761.230,3764.490,3737.850,134006040.000
2025-04-16,3757.880,3772.820,3775.170,3721.600,156359006.000
2025-04-17,3755.090,3772.220,3779.130,3749.500,122371002.000
2025-04-18,3760.040,3772.520,3782.040,3754.410,102948509.000
2025-04-21,3768.140,3784.880,3790.180,3763.140,121355730.000
2025-04-22,3780.110,3783.950,3799.230,3778.080,125688257.000
2025-04-23,3803.430,3786.880,3807.950,3780.520,131986870.000
2025-04-24,3787.460,3784.360,3807.260,3775.210,117164560.000
2025-04-25,3792.080,3786.990,3801.580,3780.780,124591133.000
2025-04-28,3786.390,3781.620,3792.010,3772.800,125145091.000
2025-04-29,3776.000,3775.080,3785.320,3768.030,111514694.000
2025-04-30,3775.830,3770.570,3787.560,3768.760,143681658.000
2025-05-06,3794.380,3808.540,3809.090,3782.780,158520459.000
2025-05-07,3861.580,3831.630,3863.680,3814.990,161172299.000
2025-05-08,3820.550,3852.900,3867.330,3816.260,124959833.000
2025-05-09,3848.620,3846.160,3853.660,3836.530,119389526.000
2025-05-12,3866.530,3890.610,3890.730,3859.030,153332460.000
2025-05-13,3915.590,3896.260,3915.590,3890.690,147320299.000
2025-05-14,3894.840,3943.210,3960.520,3890.650,172033779.000
2025-05-15,3934.030,3907.200,3936.470,3904.910,138081749.000
2025-05-16,3898.670,3889.090,3903.850,3874.860,118405345.000
2025-05-19,3882.570,3877.150,3885.590,3866.570,98643414.000
2025-05-20,3883.100,3898.170,3911.470,3881.740,104885234.000
2025-05-21,3899.440,3916.380,3928.630,3899.440,109791343.000
2025-05-22,3912.600,3913.870,3923.020,3903.090,107597052.000
2025-05-23,3910.370,3882.270,3931.550,3882.270,120277419.000
2025-05-26,3875.790,3860.110,3884.540,3849.040,109601207.000
2025-05-27,3857.630,3839.400,3865.430,3834.850,98572425.000
2025-05-28,3843.070,3836.240,3849.740,3833.960,89031026.000
2025-05-29,3838.010,3858.700,3869.790,3831.460,108471886.000
2025-05-30,3850.490,3840.230,3858.610,3829.250,111672228.000
2025-06-03,3833.460,3852.010,3863.300,3832.720,131403090.000
2025-06-04,3855.490,3868.740,3875.860,3855.490,116803873.000
2025-06-05,3872.640,3877.560,3883.130,3861.270,122878184.000
2025-06-06,3878.100,3873.980,3889.460,3869.390,110987971.000
2025-06-09,3877.800,3885.250,3894.650,3871.990,136306293.000
2025-06-10,3887.550,3865.470,3897.460,3850.470,145563859.000
2025-06-11,3870.670,3894.630,3911.610,3870.670,142414772.000
2025-06-12,3885.520,3892.200,3900.040,3870.380,133998697.000
2025-06-13,3881.490,3864.180,3889.160,3853.820,172539536.000
2025-06-16,3853.620,3873.800,3876.170,3853.620,137341835.000
2025-06-17,3875.180,3870.380,3880.420,3860.410,122342526.000
2025-06-18,3871.650,3874.970,3881.350,3854.660,127528621.000
2025-06-19,3870.050,3843.090,3872.940,3834.950,130280658.000
2025-06-20,3839.780,3846.640,3856.480,3839.780,118151020.000
2025-06-23,3831.170,3857.900,3867.590,3827.080,133800892.000
2025-06-24,3862.390,3904.030,3914.160,3862.390,163656188.000
2025-06-25,3907.070,3960.070,3963.040,3902.180,187213671.000
2025-06-26,3953.160,3946.020,3964.480,3945.260,165316263.000
2025-06-27,3949.790,3921.760,3969.260,3918.200,194557913.000
2025-06-30,3920.310,3936.080,3940.360,3911.600,145170236.000
2025-07-01,3935.910,3942.760,3946.250,3924.720,128959362.000
2025-07-02,3943.320,3943.680,3952.140,3929.700,147063062.000
2025-07-03,3949.400,3968.070,3971.620,3945.140,141004006.000
2025-07-04,3967.460,3982.200,4013.850,3958.380,157197133.000
2025-07-07,3977.290,3965.170,3979.750,3956.570,131135273.000
2025-07-08,3965.430,3998.450,4002.270,3965.430,156402895.000
2025-07-09,3997.500,3991.400,4016.740,3987.430,173293796.000
2025-07-10,3993.420,4010.020,4032.980,3992.520,209778904.000
2025-07-11,4011.470,4014.810,4065.940,4010.110,262052773.000
2025-07-14,4021.210,4017.670,4034.920,4017.670,207917175.000
2025-07-15,4023.990,4019.060,4042.660,3994.260,191042931.000
2025-07-16,4019.390,4007.200,4027.860,3993.920,151027308.000
2025-07-17,4005.070,4034.490,4034.590,4005.070,161249041.000
2025-07-18,4039.870,4058.550,4064.640,4039.320,186211063.000
2025-07-21,4069.770,4085.610,4086.120,4063.440,223268476.000
2025-07-22,4087.340,4118.960,4119.200,4068.340,257596985.000
2025-07-23,4129.150,4119.770,4155.680,4113.910,300506154.000
2025-07-24,4116.830,4149.040,4152.430,4111.880,319632392.000
2025-07-25,4145.320,4127.160,4150.500,4117.800,273594963.000
2025-07-28,4128.200,4135.820,4146.120,4112.970,222759815.000
2025-07-29,4132.680,4152.020,4153.330,4117.580,230807880.000
2025-07-30,4148.940,4151.240,4185.210,4127.430,249853048.000
2025-07-31,4141.560,4075.590,4141.820,4063.670,267087406.000
2025-08-01,4069.930,4054.930,4085.350,4040.460,196221826.000
2025-08-04,4037.940,4070.700,4070.700,4037.940,162275902.000
2025-08-05,4080.390,4103.450,4106.300,4075.580,178851999.000
2025-08-06,4100.430,4113.490,4116.710,4098.350,176676155.000
2025-08-07,4120.280,4114.670,4129.740,4094.820,198641902.000
2025-08-08,4109.270,4104.970,4122.210,4097.420,173171201.000
2025-08-11,4110.290,4122.510,4134.250,4103.600,190443716.000
2025-08-12,4123.580,4143.830,4153.290,4121.220,177287823.000
2025-08-13,4150.500,4176.580,4186.750,4147.200,213934999.000
2025-08-14,4179.970,4173.310,4220.310,4165.940,221103595.000
2025-08-15,4162.420,4202.350,4214.730,4157.500,261327566.000
2025-08-18,4218.250,4239.410,4272.960,4203.420,301479102.000
2025-08-19,4241.770,4223.370,4264.230,4215.210,250818771.000
2025-08-20,4208.400,4271.400,4272.150,4190.560,246481773.000
2025-08-21,4284.370,4288.070,4308.450,4273.650,259030014.000
2025-08-22,4287.360,4378.000,4378.390,4287.360,290434897.000
2025-08-25,4416.290,4469.220,4472.650,4404.780,358090006.000
2025-08-26,4453.350,4452.590,4476.800,4435.530,270621395.000
2025-08-27,4458.840,4386.130,4494.910,4386.130,333133898.000
2025-08-28,4378.040,4463.780,4464.800,4364.170,296834536.000
2025-08-29,4455.800,4496.760,4516.840,4452.360,351938947.000
2025-09-01,4516.880,4523.710,4528.130,4487.530,320366708.000
2025-09-02,4521.980,4490.450,4548.890,4454.420,303932566.000
2025-09-03,4501.340,4459.830,4510.730,4427.520,254320217.000
2025-09-04,4461.250,4365.210,4465.500,4327.510,307934609.000
2025-09-05,4365.610,4460.320,4466.560,4350.300,249625657.000
2025-09-08,4467.170,4467.570,4482.760,4438.070,267638382.000
2025-09-09,4448.740,4436.260,4472.090,4412.690,221375460.000
2025-09-10,4438.300,4445.360,4466.630,4414.590,203597646.000
2025-09-11,4438.840,4548.030,4548.030,4427.920,253264051.000
2025-09-12,4544.590,4522.000,4564.670,4517.790,266442003.000
2025-09-15,4534.890,4533.060,4566.910,4522.500,231885678.000
2025-09-16,4539.920,4523.340,4552.420,4494.790,249269206.000
2025-09-17,4517.290,4551.020,4556.030,4503.800,235716472.000
2025-09-18,4546.030,4498.110,4573.830,4454.990,309859826.000
2025-09-19,4499.090,4501.920,4533.090,4491.840,225044000.000
2025-09-22,4512.030,4522.610,4523.870,4487.130,196459956.000
2025-09-23,4536.760,4519.780,4560.730,4459.730,252827062.000
2025-09-24,4495.270,4566.070,4567.490,4494.110,220482608.000
2025-09-25,4563.980,4593.490,4613.950,4558.840,229823333.000
2025-09-26,4576.910,4550.050,4597.850,4550.050,208482114.000
2025-09-29,4555.030,4620.050,4647.570,4541.430,274358877.000
2025-09-30,4629.900,4640.690,4647.500,4616.220,247980359.000
2025-10-09,4662.110,4709.480,4726.340,4651.990,347678696.000
2025-10-10,4679.500,4616.830,4692.590,4600.960,319020899.000
2025-10-13,4490.870,4593.980,4601.810,4490.870,315010354.000
2025-10-14,4634.050,4539.060,4641.450,4520.930,372954030.000
2025-10-15,4544.240,4606.290,4608.820,4526.830,284771855.000
2025-10-16,4588.920,4618.420,4645.100,4586.280,248235518.000
2025-10-17,4610.700,4514.230,4618.560,4509.330,256905617.000
2025-10-20,4558.240,4538.220,4570.440,4520.500,218420405.000
2025-10-21,4556.120,4607.870,4615.460,4547.930,215711175.000
2025-10-22,4576.030,4592.570,4603.490,4567.240,185333960.000
2025-10-23,4578.700,4606.340,4611.340,4541.690,200463917.000
2025-10-24,4622.790,4660.680,4660.680,4622.790,208814483.000
2025-10-27,4699.380,4716.020,4720.430,4687.690,262200674.000
2025-10-28,4697.730,4691.970,4734.320,4679.230,220906645.000
2025-10-29,4701.040,4747.840,4747.840,4697.270,246211324.000
2025-10-30,4735.980,4709.910,4761.830,4706.450,273289118.000
2025-10-31,4702.490,4640.670,4706.140,4640.670,281464740.000
2025-11-03,4636.730,4653.400,4653.400,4595.730,239869809.000
2025-11-04,4649.350,4618.700,4665.320,4595.070,233224032.000
2025-11-05,4562.110,4627.260,4642.610,4558.760,203045871.000
2025-11-06,4642.010,4693.400,4698.090,4642.010,224241008.000
2025-11-07,4673.760,4678.790,4701.370,4666.040,212497377.000
2025-11-10,4688.120,4695.050,4695.180,4654.210,236026764.000
2025-11-11,4706.340,4652.170,4707.130,4648.490,186638858.000
2025-11-12,4643.560,4645.910,4669.610,4620.990,209460592.000
2025-11-13,4643.790,4702.070,4703.490,4643.790,207367474.000
2025-11-14,4663.320,4628.140,4684.260,4628.020,192092676.000
2025-11-17,4616.810,4598.050,4624.900,4580.260,188955466.000
2025-11-18,4584.790,4568.190,4606.620,4552.800,177713185.000
2025-11-19,4568.040,4588.290,4607.860,4568.040,172924974.000
2025-11-20,4619.540,4564.950,4620.650,4560.180,194562593.000
2025-11-21,4513.390,4453.610,4527.040,4453.180,222851013.000
2025-11-24,4473.160,4448.050,4478.810,4421.810,185833729.000
2025-11-25,4475.840,4490.400,4510.770,4467.350,169571929.000
2025-11-26,4490.200,4517.630,4538.140,4485.700,156200368.000
2025-11-27,4520.010,4515.400,4559.220,4509.860,150311772.000
2025-11-28,4511.500,4526.660,4531.720,4492.430,142902096.000
2025-12-01,4539.190,4576.490,4576.970,4531.290,200382317.000
2025-12-02,4571.910,4554.330,4575.490,4539.430,148493132.000
2025-12-03,4554.590,4531.050,4569.820,4523.500,169762790.000
2025-12-04,4533.600,4546.570,4557.420,4514.190,147198110.000
2025-12-05,4547.910,4584.540,4593.830,4535.020,196799968.000
2025-12-08,4593.140,4621.750,4640.630,4592.740,199620990.000
2025-12-09,4611.380,4598.220,4628.700,4584.250,184160344.000
2025-12-10,4586.250,4591.830,4598.540,4549.080,169111106.000
2025-12-11,4597.190,4552.180,4610.280,4547.140,168419405.000
2025-12-12,4558.740,4580.950,4583.680,4530.780,212826520.000
2025-12-15,4550.000,4552.060,4595.050,4548.440,167589967.000
2025-12-16,4542.420,4497.550,4553.080,4484.270,165165201.000
2025-12-17,4499.770,4579.880,4594.660,4498.930,178424830.000
2025-12-18,4553.980,4552.790,4571.970,4544.140,151681328.000
2025-12-19,4561.370,4568.180,4591.090,4546.850,154876220.000
2025-12-22,4587.670,4611.620,4615.870,4587.670,165252856.000
2025-12-23,4616.030,4620.730,4644.530,4607.800,169256412.000
2025-12-24,4623.680,4634.060,4639.430,4602.140,153711241.000
2025-12-25,4629.320,4642.540,4651.150,4621.920,139434186.000
2025-12-26,4639.790,4657.240,4676.130,4635.110,175396565.000
2025-12-29,4658.270,4639.370,4672.040,4629.060,200397133.000
2025-12-30,4617.320,4651.280,4664.330,4616.630,180374974.000
2025-12-31,4656.480,4629.940,4667.050,4622.100,170760224.000
2026-01-05,4661.620,4717.750,4721.640,4661.620,234144839.000
2026-01-06,4719.210,4790.690,4790.690,4718.010,296970686.000
2026-01-07,4796.930,4776.670,4802.600,4751.070,259095564.000
2026-01-08,4761.010,4737.650,4765.490,4717.010,238804957.000
2026-01-09,4725.960,4758.920,4771.430,4719.130,254688038.000
2026-01-12,4769.650,4789.920,4795.930,4737.570,294833165.000
2026-01-13,4798.050,4761.030,4836.950,4745.520,301449497.000
2026-01-14,4767.700,4741.930,4818.100,4720.250,364951023.000
2026-01-15,4721.800,4751.430,4769.550,4720.940,254003636.000
2026-01-16,4778.430,4731.870,4792.550,4715.360,325278929.000
2026-01-19,4720.190,4734.460,4761.630,4715.090,267612492.000
2026-01-20,4736.910,4718.880,4748.230,4684.970,282719579.000
2026-01-21,4714.550,4723.070,4758.280,4714.240,266353332.000
2026-01-22,4741.750,4723.710,4757.760,4700.450,274199932.000
2026-01-23,4729.590,4702.500,4734.790,4684.620,314635445.000
2026-01-26,4715.380,4706.960,4754.180,4693.160,363004481.000
2026-01-27,4705.170,4705.690,4736.990,4675.640,301475697.000
2026-01-28,4725.600,4717.990,4739.630,4697.910,382255602.000
2026-01-29,4733.090,4753.870,4770.960,4696.050,415513055.000
2026-01-30,4723.080,4706.340,4738.870,4645.470,319786531.000
2026-02-02,4674.280,4605.980,4716.610,4601.760,304773500.000
2026-02-03,4648.360,4660.110,4662.130,4578.210,265549405.000
2026-02-04,4647.970,4698.680,4701.480,4641.840,264881032.000
2026-02-05,4664.750,4670.420,4687.020,4639.430,237856351.000
2026-02-06,4622.970,4643.600,4678.260,4606.640,202716477.000
2026-02-09,4693.670,4719.060,4719.960,4679.900,207251938.000
2026-02-10,4718.260,4724.300,4732.090,4713.870,187000958.000
2026-02-11,4715.670,4713.820,4723.700,4703.690,173391681.000
2026-02-12,4720.010,4719.580,4726.040,4707.740,197841439.000
2026-02-13,4693.410,4660.410,4703.630,4658.400,189167756.000
2026-02-24,4727.300,4707.540,4727.370,4698.350,218488890.000
2026-02-25,4713.580,4735.890,4766.560,4713.340,284268354.000
2026-02-26,4741.390,4726.870,4742.150,4706.690,234847644.000
2026-02-27,4698.300,4710.650,4721.010,4692.890,261420865.000
2026-03-02,4681.010,4728.670,4735.410,4667.280,349260752.000
2026-03-03,4737.320,4655.900,4744.600,4651.400,370624272.000
2026-03-04,4609.190,4602.620,4639.420,4575.820,303035666.000
2026-03-05,4651.940,4647.690,4671.530,4630.300,259317825.000
2026-03-06,4621.490,4660.440,4671.710,4612.790,238527926.000
2026-03-09,4600.250,4615.460,4625.980,4548.970,322787617.000
2026-03-10,4648.790,4674.760,4677.600,4648.790,263903748.000
2026-03-11,4681.030,4704.500,4711.870,4674.710,270175443.000
2026-03-12,4700.720,4687.560,4704.380,4654.310,302986816.000
2026-03-13,4669.060,4669.140,4707.420,4659.500,310772009.000
2026-03-16,4669.220,4671.560,4673.690,4621.810,296215070.000
2026-03-17,4685.570,4637.440,4720.860,4637.370,263021913.000
2026-03-18,4648.750,4658.330,4662.290,4604.520,234690705.000
2026-03-19,4611.440,4583.250,4634.550,4570.390,254130449.000
2026-03-20,4602.820,4567.020,4628.710,4563.070,257873703.000
2026-03-23,4499.100,4418.000,4514.720,4397.570,328081945.000
2026-03-24,4458.910,4474.720,4474.830,4394.290,255532517.000
2026-03-25,4506.620,4537.470,4542.180,4502.030,262639279.000
2026-03-26,4525.330,4477.530,4541.050,4468.960,213736788.000
2026-03-27,4431.500,4502.570,4519.890,4431.420,192400388.000
2026-03-30,4461.740,4491.950,4496.410,4447.140,209293092.000
2026-03-31,4491.920,4450.050,4523.170,4450.050,224541585.000
2026-04-01,4517.270,4526.070,4532.110,4492.050,216483196.000
2026-04-02,4514.440,4478.910,4519.690,4459.610,190992161.000
2026-04-03,4492.850,4440.790,4494.460,4437.600,168321705.000
2026-04-07,4445.860,4440.620,4458.930,4420.690,162638787.000
2026-04-08,4517.340,4595.560,4595.560,4513.770,253339213.000
2026-04-09,4562.670,4566.220,4579.200,4552.420,184939783.000
2026-04-10,4594.950,4636.570,4655.100,4590.110,208678605.000
2026-04-13,4615.130,4646.150,4653.400,4615.130,196712277.000
2026-04-14,4676.120,4701.280,4701.280,4654.850,204700332.000
2026-04-15,4726.640,4685.250,4731.270,4672.560,201688500.000
2026-04-16,4694.430,4736.610,4739.220,4689.410,192057600.000
2026-04-17,4729.000,4728.670,4738.320,4714.470,182915336.000
2026-04-20,4727.170,4757.440,4763.040,4720.690,221633494.000
2026-04-21,4750.510,4768.000,4776.830,4722.010,205614058.000
2026-04-22,4751.280,4799.630,4801.450,4750.350,204481830.000
2026-04-23,4816.030,4786.330,4823.470,4759.860,232865736.000
2026-04-24,4771.730,4769.370,4786.440,4735.610,193798314.000
2026-04-27,4776.340,4770.950,4795.170,4762.640,192796550.000
2026-04-28,4757.080,4758.210,4778.190,4743.440,216724233.000
2026-04-29,4737.580,4810.350,4813.610,4737.110,233298110.000
2026-04-30,4820.970,4807.310,4829.270,4797.540,250633370.000
2026-05-06,4857.650,4877.090,4892.800,4834.280,274443880.000
2026-05-07,4895.800,4900.510,4901.860,4866.870,257833972.000
2026-05-08,4871.120,4871.910,4887.210,4849.990,251720996.000
2026-05-11,4902.280,4951.840,4960.400,4889.570,305734801.000
2026-05-12,4965.020,4948.050,4971.300,4926.790,273812001.000
2026-05-13,4919.420,4998.340,5001.120,4919.420,268454537.000
2026-05-14,5027.640,4914.600,5030.520,4913.600,280695379.000
2026-05-15,4911.620,4859.590,4935.620,4832.690,276967769.000
2026-05-18,4836.330,4833.520,4868.600,4806.150,239077587.000
2026-05-19,4818.710,4852.880,4854.520,4773.530,232280852.000
2026-05-20,4829.610,4850.700,4866.210,4825.640,220023206.000
2026-05-21,4886.240,4783.100,4937.930,4780.710,287342507.000
2026-05-22,4818.840,4845.100,4851.350,4785.350,286940435.000
2026-05-25,4873.200,4921.600,4922.440,4857.130,264743236.000
2026-05-26,4900.120,4947.850,4952.740,4892.680,302799476.000
2026-05-27,4940.950,4908.170,4974.210,4891.340,301709175.000
2026-05-28,4889.270,4914.210,4922.330,4843.230,267432731.000
2026-05-29,4937.510,4892.120,4954.070,4878.790,332518610.000
2026-06-01,4897.900,4844.260,4918.790,4836.690,296134051.000
2026-06-02,4860.610,4914.560,4930.280,4832.000,281731662.000
2026-06-03,4921.340,4938.810,4991.850,4904.900,304035947.000
2026-06-04,4897.320,4904.750,4938.780,4889.750,264808910.000
2026-06-05,4886.960,4816.920,4924.340,4798.910,301929336.000
2026-06-08,4703.770,4713.640,4779.860,4677.570,299647565.000
