date,open,close,high,low,volume
2014-01-02,0.247,0.246,0.248,0.244,17993.000
2014-01-03,0.245,0.244,0.246,0.242,27853.000
2014-01-06,0.243,0.237,0.243,0.237,29793.000
2014-01-07,0.236,0.238,0.238,0.235,30440.000
2014-01-08,0.239,0.238,0.240,0.238,5491.000
2014-01-09,0.239,0.236,0.241,0.235,15087.000
2014-01-10,0.240,0.235,0.240,0.234,23549.000
2014-01-13,0.233,0.235,0.237,0.233,17229.000
2014-01-14,0.235,0.237,0.238,0.235,22930.000
2014-01-15,0.238,0.237,0.238,0.235,18860.000
2014-01-16,0.236,0.238,0.239,0.236,25805.000
2014-01-17,0.235,0.233,0.238,0.233,19763.000
2014-01-20,0.233,0.232,0.235,0.231,16906.000
2014-01-21,0.231,0.232,0.234,0.231,23213.000
2014-01-22,0.233,0.238,0.239,0.233,22205.000
2014-01-23,0.238,0.238,0.240,0.238,7529.000
2014-01-24,0.238,0.239,0.240,0.238,23454.000
2014-01-27,0.238,0.238,0.239,0.237,15934.000
2014-01-28,0.238,0.235,0.238,0.234,10719.000
2014-01-29,0.234,0.232,0.235,0.231,18208.000
2014-01-30,0.231,0.228,0.231,0.227,28043.000
2014-02-07,0.226,0.231,0.231,0.226,10515.000
2014-02-10,0.232,0.237,0.237,0.232,22606.000
2014-02-11,0.238,0.238,0.239,0.236,17655.000
2014-02-12,0.238,0.239,0.239,0.236,19712.000
2014-02-13,0.239,0.238,0.240,0.237,4506.000
2014-02-14,0.238,0.242,0.242,0.238,34399.000
2014-02-17,0.243,0.245,0.245,0.243,31581.000
2014-02-18,0.244,0.243,0.244,0.242,43725.000
2014-02-19,0.242,0.244,0.245,0.242,21355.000
2014-02-20,0.244,0.243,0.246,0.242,21763.000
2014-02-21,0.243,0.240,0.243,0.239,52230.000
2014-02-24,0.239,0.238,0.239,0.235,25383.000
2014-02-25,0.235,0.230,0.239,0.229,28561.000
2014-02-26,0.228,0.229,0.230,0.226,20615.000
2014-02-27,0.230,0.228,0.230,0.228,36766.000
2014-02-28,0.228,0.232,0.232,0.228,10297.000
2014-03-03,0.234,0.236,0.236,0.231,8879.000
2014-03-04,0.236,0.234,0.236,0.232,8754.000
2014-03-05,0.234,0.235,0.237,0.233,15262.000
2014-03-06,0.235,0.235,0.235,0.231,15970.000
2014-03-07,0.235,0.236,0.238,0.233,60850.000
2014-03-10,0.235,0.231,0.235,0.231,37449.000
2014-03-11,0.230,0.235,0.235,0.230,7257.000
2014-03-12,0.236,0.233,0.236,0.232,11438.000
2014-03-13,0.233,0.241,0.241,0.233,39935.000
2014-03-14,0.239,0.238,0.239,0.237,12494.000
2014-03-17,0.239,0.239,0.239,0.237,14852.000
2014-03-18,0.240,0.241,0.245,0.240,12409.000
2014-03-19,0.240,0.237,0.240,0.237,7251.000
2014-03-20,0.237,0.233,0.238,0.233,12543.000
2014-03-21,0.232,0.238,0.238,0.230,12701.000
2014-03-24,0.238,0.237,0.238,0.236,18438.000
2014-03-25,0.234,0.235,0.236,0.234,7425.000
2014-03-26,0.236,0.235,0.237,0.235,4740.000
2014-03-27,0.235,0.231,0.235,0.231,22971.000
2014-03-28,0.230,0.228,0.232,0.228,66091.000
2014-03-31,0.230,0.228,0.230,0.228,15843.000
2014-04-01,0.229,0.233,0.233,0.228,13485.000
2014-04-02,0.233,0.234,0.235,0.233,8060.000
2014-04-03,0.235,0.233,0.235,0.233,2662.000
2014-04-04,0.231,0.234,0.234,0.231,3422.000
2014-04-08,0.235,0.239,0.239,0.235,14705.000
2014-04-09,0.239,0.240,0.241,0.239,7775.000
2014-04-10,0.240,0.242,0.243,0.238,17359.000
2014-04-11,0.240,0.244,0.248,0.240,43452.000
2014-04-14,0.243,0.245,0.246,0.243,9284.000
2014-04-15,0.244,0.242,0.244,0.242,13614.000
2014-04-16,0.242,0.242,0.243,0.241,5721.000
2014-04-17,0.242,0.242,0.243,0.242,2535.000
2014-04-18,0.241,0.243,0.244,0.241,3989.000
2014-04-21,0.243,0.238,0.243,0.238,42206.000
2014-04-22,0.239,0.239,0.240,0.235,40409.000
2014-04-23,0.238,0.241,0.241,0.238,6942.000
2014-04-24,0.240,0.239,0.240,0.238,34116.000
2014-04-25,0.237,0.232,0.237,0.232,27765.000
2014-04-28,0.231,0.227,0.231,0.227,28582.000
2014-04-29,0.227,0.230,0.231,0.227,3501.000
2014-04-30,0.231,0.232,0.233,0.231,3175.000
2014-05-05,0.231,0.233,0.234,0.230,3476.000
2014-05-06,0.233,0.233,0.235,0.233,10906.000
2014-05-07,0.233,0.231,0.233,0.231,14256.000
2014-05-08,0.231,0.230,0.233,0.230,18524.000
2014-05-09,0.230,0.230,0.230,0.228,25819.000
2014-05-12,0.230,0.233,0.233,0.229,21343.000
2014-05-13,0.232,0.233,0.234,0.232,15871.000
2014-05-14,0.232,0.231,0.233,0.231,24429.000
2014-05-15,0.231,0.229,0.232,0.228,9663.000
2014-05-16,0.228,0.228,0.228,0.227,12536.000
2014-05-19,0.225,0.225,0.226,0.224,6647.000
2014-05-20,0.226,0.224,0.227,0.223,36306.000
2014-05-21,0.222,0.227,0.227,0.222,10486.000
2014-05-22,0.225,0.226,0.229,0.225,29543.000
2014-05-23,0.226,0.227,0.227,0.225,4562.000
2014-05-26,0.230,0.229,0.230,0.228,5786.000
2014-05-27,0.229,0.228,0.229,0.227,2648.000
2014-05-28,0.227,0.229,0.229,0.227,8769.000
2014-05-29,0.229,0.228,0.230,0.228,40489.000
2014-05-30,0.228,0.228,0.228,0.227,9383.000
2014-06-03,0.228,0.225,0.228,0.225,25720.000
2014-06-04,0.223,0.223,0.225,0.222,13069.000
2014-06-05,0.223,0.226,0.226,0.222,3259.000
2014-06-06,0.225,0.224,0.226,0.223,7331.000
2014-06-09,0.223,0.224,0.225,0.223,8035.000
2014-06-10,0.225,0.225,0.225,0.223,9457.000
2014-06-11,0.225,0.226,0.226,0.225,3811.000
2014-06-12,0.226,0.226,0.227,0.226,13085.000
2014-06-13,0.226,0.227,0.228,0.226,16104.000
2014-06-16,0.228,0.228,0.229,0.227,22029.000
2014-06-17,0.227,0.226,0.227,0.226,7894.000
2014-06-18,0.226,0.225,0.226,0.225,5674.000
2014-06-19,0.225,0.221,0.225,0.221,20561.000
2014-06-20,0.221,0.222,0.222,0.220,18586.000
2014-06-23,0.223,0.223,0.223,0.222,32648.000
2014-06-24,0.220,0.225,0.225,0.220,21944.000
2014-06-25,0.225,0.225,0.225,0.224,4586.000
2014-06-26,0.225,0.227,0.227,0.225,16222.000
2014-06-27,0.227,0.227,0.228,0.226,6899.000
2014-06-30,0.228,0.229,0.229,0.228,23618.000
2014-07-01,0.228,0.228,0.229,0.228,2068.000
2014-07-02,0.229,0.229,0.230,0.228,14391.000
2014-07-03,0.230,0.230,0.231,0.229,39184.000
2014-07-04,0.231,0.231,0.231,0.230,24366.000
2014-07-07,0.231,0.230,0.231,0.229,3320.000
2014-07-08,0.228,0.231,0.231,0.228,2540.000
2014-07-09,0.231,0.227,0.231,0.227,9513.000
2014-07-10,0.227,0.226,0.227,0.225,1902.000
2014-07-11,0.226,0.227,0.227,0.226,1996.000
2014-07-14,0.227,0.232,0.232,0.227,14581.000
2014-07-15,0.233,0.236,0.237,0.233,36311.000
2014-07-16,0.236,0.235,0.238,0.235,18349.000
2014-07-17,0.235,0.232,0.235,0.231,13090.000
2014-07-18,0.233,0.236,0.239,0.232,18426.000
2014-07-21,0.237,0.238,0.238,0.237,43859.000
2014-07-22,0.238,0.240,0.240,0.237,6635.000
2014-07-23,0.240,0.239,0.241,0.239,3751.000
2014-07-24,0.239,0.240,0.241,0.239,22399.000
2014-07-25,0.240,0.242,0.242,0.240,10419.000
2014-07-28,0.242,0.247,0.247,0.229,198881.000
2014-07-29,0.246,0.245,0.247,0.244,21714.000
2014-07-30,0.245,0.246,0.247,0.244,58915.000
2014-07-31,0.247,0.250,0.250,0.247,91365.000
2014-08-01,0.250,0.252,0.255,0.250,91587.000
2014-08-04,0.252,0.255,0.255,0.252,18671.000
2014-08-05,0.255,0.255,0.255,0.253,29161.000
2014-08-06,0.254,0.254,0.255,0.252,17221.000
2014-08-07,0.254,0.250,0.254,0.249,10266.000
2014-08-08,0.249,0.250,0.251,0.249,14621.000
2014-08-11,0.253,0.255,0.255,0.252,23078.000
2014-08-12,0.255,0.255,0.256,0.253,207127.000
2014-08-13,0.255,0.255,0.257,0.253,67662.000
2014-08-14,0.255,0.253,0.255,0.253,23309.000
2014-08-15,0.252,0.255,0.256,0.252,6585.000
2014-08-18,0.257,0.256,0.257,0.255,7993.000
2014-08-19,0.255,0.256,0.256,0.255,21842.000
2014-08-20,0.255,0.257,0.258,0.255,22451.000
2014-08-21,0.258,0.256,0.258,0.254,5830.000
2014-08-22,0.258,0.256,0.258,0.255,5691.000
2014-08-25,0.257,0.255,0.257,0.253,13869.000
2014-08-26,0.254,0.251,0.254,0.251,9733.000
2014-08-27,0.251,0.252,0.252,0.251,1992.000
2014-08-28,0.252,0.251,0.252,0.250,48979.000
2014-08-29,0.250,0.254,0.254,0.250,7817.000
2014-09-01,0.254,0.255,0.255,0.254,5586.000
2014-09-02,0.255,0.259,0.259,0.255,34110.000
2014-09-03,0.261,0.261,0.261,0.260,12772.000
2014-09-04,0.261,0.261,0.262,0.260,20532.000
2014-09-05,0.263,0.264,0.264,0.261,12380.000
2014-09-09,0.266,0.264,0.266,0.263,18547.000
2014-09-10,0.256,0.263,0.264,0.256,10466.000
2014-09-11,0.263,0.261,0.265,0.261,12693.000
2014-09-12,0.261,0.262,0.262,0.260,24913.000
2014-09-15,0.261,0.262,0.263,0.261,13714.000
2014-09-16,0.263,0.256,0.263,0.256,18211.000
2014-09-17,0.257,0.258,0.258,0.255,29708.000
2014-09-18,0.251,0.259,0.260,0.251,42156.000
2014-09-19,0.258,0.262,0.262,0.258,15773.000
2014-09-22,0.260,0.256,0.260,0.256,5269.000
2014-09-23,0.258,0.259,0.260,0.257,8528.000
2014-09-24,0.251,0.263,0.263,0.251,18284.000
2014-09-25,0.263,0.262,0.265,0.261,7500.000
2014-09-26,0.262,0.263,0.263,0.260,8937.000
2014-09-29,0.264,0.264,0.265,0.264,8611.000
2014-09-30,0.265,0.265,0.265,0.263,7663.000
2014-10-08,0.265,0.268,0.269,0.264,26220.000
2014-10-09,0.269,0.269,0.270,0.266,31777.000
2014-10-10,0.269,0.266,0.269,0.266,45495.000
2014-10-13,0.264,0.263,0.264,0.260,13635.000
2014-10-14,0.263,0.262,0.264,0.262,17244.000
2014-10-15,0.262,0.263,0.263,0.261,8977.000
2014-10-16,0.262,0.261,0.265,0.261,20286.000
2014-10-17,0.260,0.261,0.262,0.257,254416.000
2014-10-20,0.262,0.263,0.263,0.261,92493.000
2014-10-21,0.262,0.261,0.262,0.260,7947.000
2014-10-22,0.261,0.257,0.261,0.257,20589.000
2014-10-23,0.260,0.254,0.260,0.253,8323.000
2014-10-24,0.254,0.253,0.254,0.252,6002.000
2014-10-27,0.250,0.254,0.254,0.250,4015.000
2014-10-28,0.254,0.256,0.256,0.254,12334.000
2014-10-29,0.256,0.258,0.258,0.256,7136.000
2014-10-30,0.260,0.257,0.265,0.257,9784.000
2014-10-31,0.258,0.258,0.258,0.255,39941.000
2014-11-03,0.258,0.257,0.258,0.256,5762.000
2014-11-04,0.257,0.254,0.257,0.253,48098.000
2014-11-05,0.253,0.252,0.253,0.251,10266.000
2014-11-06,0.253,0.254,0.254,0.251,55547.000
2014-11-07,0.254,0.251,0.254,0.251,16083.000
2014-11-10,0.251,0.258,0.258,0.251,31460.000
2014-11-11,0.258,0.255,0.259,0.253,41166.000
2014-11-12,0.255,0.257,0.257,0.255,23021.000
2014-11-13,0.257,0.257,0.258,0.256,10759.000
2014-11-14,0.256,0.260,0.260,0.256,18088.000
2014-11-17,0.260,0.261,0.263,0.260,17147.000
2014-11-18,0.261,0.259,0.263,0.258,3281.000
2014-11-19,0.259,0.258,0.260,0.258,2904.000
2014-11-20,0.257,0.257,0.258,0.256,7534.000
2014-11-21,0.258,0.259,0.259,0.257,4774.000
2014-11-24,0.260,0.261,0.262,0.259,3765.000
2014-11-25,0.261,0.263,0.264,0.261,5848.000
2014-11-26,0.264,0.265,0.265,0.263,6832.000
2014-11-27,0.266,0.265,0.266,0.264,10811.000
2014-11-28,0.265,0.265,0.265,0.263,5378.000
2014-12-01,0.266,0.270,0.271,0.265,24200.000
2014-12-02,0.269,0.273,0.273,0.269,18083.000
2014-12-03,0.273,0.278,0.279,0.273,38597.000
2014-12-04,0.278,0.285,0.285,0.263,92768.000
2014-12-05,0.290,0.279,0.290,0.271,80371.000
2014-12-08,0.277,0.280,0.282,0.268,27001.000
2014-12-09,0.272,0.275,0.290,0.272,34733.000
2014-12-10,0.275,0.283,0.285,0.271,18117.000
2014-12-11,0.286,0.286,0.289,0.283,15379.000
2014-12-12,0.287,0.288,0.288,0.285,10875.000
2014-12-15,0.285,0.290,0.291,0.285,9513.000
2014-12-16,0.292,0.288,0.292,0.286,9045.000
2014-12-17,0.288,0.282,0.288,0.281,13459.000
2014-12-18,0.284,0.284,0.285,0.283,7305.000
2014-12-19,0.284,0.283,0.284,0.278,8561.000
2014-12-22,0.274,0.283,0.284,0.274,10401.000
2014-12-23,0.285,0.284,0.287,0.282,17388.000
2014-12-24,0.283,0.282,0.286,0.280,5115.000
2014-12-25,0.282,0.284,0.284,0.281,5785.000
2014-12-26,0.281,0.287,0.287,0.281,13302.000
2014-12-29,0.286,0.286,0.289,0.285,9741.000
2014-12-30,0.285,0.283,0.286,0.283,3637.000
2014-12-31,0.283,0.288,0.288,0.283,13329.000
2015-01-05,0.289,0.300,0.300,0.288,28619.000
2015-01-06,0.293,0.302,0.302,0.291,18695.000
2015-01-07,0.303,0.299,0.303,0.296,11394.000
2015-01-08,0.299,0.299,0.301,0.297,8247.000
2015-01-09,0.297,0.295,0.301,0.295,3956.000
2015-01-12,0.297,0.293,0.297,0.279,30201.000
2015-01-13,0.288,0.292,0.295,0.288,6863.000
2015-01-14,0.293,0.289,0.294,0.289,5669.000
2015-01-15,0.290,0.292,0.292,0.288,5184.000
2015-01-16,0.292,0.293,0.294,0.292,8648.000
2015-01-19,0.283,0.281,0.292,0.277,13243.000
2015-01-20,0.285,0.288,0.289,0.284,3902.000
2015-01-21,0.289,0.294,0.294,0.289,10084.000
2015-01-22,0.295,0.296,0.296,0.293,8055.000
2015-01-23,0.296,0.293,0.296,0.293,7018.000
2015-01-26,0.295,0.299,0.299,0.293,8501.000
2015-01-27,0.299,0.299,0.300,0.294,6321.000
2015-01-28,0.295,0.295,0.299,0.295,15384.000
2015-01-29,0.286,0.292,0.294,0.286,16588.000
2015-01-30,0.292,0.291,0.294,0.290,14171.000
2015-02-02,0.291,0.287,0.291,0.287,4945.000
2015-02-03,0.287,0.290,0.290,0.287,4866.000
2015-02-04,0.290,0.288,0.292,0.288,2142.000
2015-02-05,0.290,0.285,0.291,0.285,11287.000
2015-02-06,0.285,0.282,0.286,0.280,3275.000
2015-02-09,0.281,0.286,0.286,0.281,1984.000
2015-02-10,0.287,0.286,0.287,0.285,5689.000
2015-02-11,0.287,0.290,0.290,0.287,1251.000
2015-02-12,0.290,0.293,0.293,0.290,4964.000
2015-02-13,0.294,0.295,0.297,0.294,7270.000
2015-02-16,0.296,0.298,0.298,0.296,3159.000
2015-02-17,0.299,0.298,0.299,0.298,18196.000
2015-02-25,0.298,0.297,0.298,0.296,19039.000
2015-02-26,0.298,0.300,0.300,0.297,46120.000
2015-02-27,0.301,0.301,0.303,0.301,20598.000
2015-03-02,0.301,0.302,0.302,0.301,68793.000
2015-03-03,0.301,0.299,0.302,0.299,18764.000
2015-03-04,0.300,0.304,0.304,0.300,51010.000
2015-03-05,0.308,0.306,0.308,0.305,18873.000
2015-03-06,0.308,0.305,0.308,0.305,20143.000
2015-03-09,0.304,0.312,0.312,0.304,13139.000
2015-03-10,0.307,0.313,0.314,0.307,17104.000
2015-03-11,0.315,0.312,0.315,0.312,13576.000
2015-03-12,0.313,0.312,0.313,0.311,4303.000
2015-03-13,0.313,0.316,0.316,0.313,2232.000
2015-03-16,0.317,0.323,0.324,0.317,25433.000
2015-03-17,0.324,0.327,0.328,0.324,9214.000
2015-03-18,0.327,0.333,0.333,0.327,5387.000
2015-03-19,0.330,0.330,0.332,0.328,5964.000
2015-03-20,0.331,0.332,0.333,0.330,6679.000
2015-03-23,0.332,0.339,0.339,0.332,2932.000
2015-03-24,0.338,0.339,0.339,0.332,6375.000
2015-03-25,0.338,0.342,0.343,0.336,6619.000
2015-03-26,0.342,0.346,0.348,0.341,3376.000
2015-03-27,0.347,0.347,0.348,0.345,20672.000
2015-03-30,0.350,0.349,0.350,0.346,9357.000
2015-03-31,0.350,0.346,0.351,0.346,20626.000
2015-04-01,0.341,0.351,0.352,0.341,9753.000
2015-04-02,0.352,0.354,0.357,0.351,7974.000
2015-04-03,0.354,0.359,0.359,0.353,8926.000
2015-04-07,0.359,0.368,0.368,0.359,10373.000
2015-04-08,0.369,0.368,0.375,0.363,13272.000
2015-04-09,0.364,0.364,0.366,0.355,9793.000
2015-04-10,0.375,0.375,0.375,0.363,9407.000
2015-04-13,0.375,0.382,0.383,0.375,9270.000
2015-04-14,0.380,0.382,0.388,0.379,10688.000
2015-04-15,0.382,0.371,0.382,0.370,3625.000
2015-04-16,0.353,0.384,0.387,0.353,24857.000
2015-04-17,0.384,0.385,0.391,0.383,15291.000
2015-04-20,0.385,0.382,0.391,0.367,8634.000
2015-04-21,0.372,0.401,0.401,0.372,9962.000
2015-04-22,0.401,0.405,0.406,0.401,19432.000
2015-04-23,0.413,0.405,0.413,0.400,11098.000
2015-04-24,0.393,0.404,0.405,0.383,12830.000
2015-04-27,0.406,0.406,0.412,0.404,17674.000
2015-04-28,0.400,0.392,0.409,0.389,39500.000
2015-04-29,0.393,0.398,0.399,0.393,15892.000
2015-04-30,0.429,0.402,0.432,0.401,97215.000
2015-05-04,0.395,0.400,0.402,0.390,27050.000
2015-05-05,0.393,0.387,0.400,0.385,15162.000
2015-05-06,0.382,0.379,0.393,0.377,10102.000
2015-05-07,0.370,0.376,0.384,0.370,15450.000
2015-05-08,0.376,0.387,0.387,0.376,5792.000
2015-05-11,0.386,0.397,0.397,0.384,15739.000
2015-05-12,0.397,0.401,0.401,0.397,10433.000
2015-05-13,0.401,0.408,0.414,0.398,14831.000
2015-05-14,0.405,0.404,0.410,0.403,16968.000
2015-05-15,0.405,0.399,0.405,0.395,8931.000
2015-05-18,0.399,0.399,0.401,0.397,5776.000
2015-05-19,0.395,0.408,0.409,0.395,10779.000
2015-05-20,0.408,0.411,0.418,0.405,17126.000
2015-05-21,0.411,0.426,0.426,0.411,16311.000
2015-05-22,0.425,0.435,0.435,0.425,12716.000
2015-05-25,0.435,0.450,0.450,0.435,19262.000
2015-05-26,0.450,0.459,0.462,0.448,12753.000
2015-05-27,0.458,0.464,0.467,0.454,17348.000
2015-05-28,0.464,0.434,0.469,0.434,9858.000
2015-05-29,0.436,0.432,0.440,0.412,9556.000
2015-06-01,0.432,0.453,0.454,0.432,45273.000
2015-06-02,0.453,0.466,0.466,0.449,22947.000
2015-06-03,0.469,0.458,0.471,0.449,12906.000
2015-06-04,0.438,0.455,0.458,0.428,3664.000
2015-06-05,0.453,0.463,0.465,0.453,10669.000
2015-06-08,0.460,0.467,0.470,0.455,7090.000
2015-06-09,0.464,0.466,0.471,0.462,6043.000
2015-06-10,0.466,0.475,0.480,0.458,13919.000
2015-06-11,0.475,0.479,0.480,0.470,10934.000
2015-06-12,0.479,0.490,0.493,0.479,15626.000
2015-06-15,0.505,0.484,0.505,0.482,18007.000
2015-06-16,0.475,0.466,0.488,0.457,13996.000
2015-06-17,0.465,0.472,0.473,0.451,16682.000
2015-06-18,0.476,0.456,0.476,0.453,11335.000
2015-06-19,0.438,0.426,0.450,0.426,9322.000
2015-06-23,0.425,0.438,0.438,0.403,24773.000
2015-06-24,0.438,0.451,0.451,0.438,38141.000
2015-06-25,0.451,0.438,0.454,0.429,11793.000
2015-06-26,0.415,0.399,0.455,0.398,7003.000
2015-06-29,0.425,0.381,0.430,0.362,6503.000
2015-06-30,0.392,0.409,0.411,0.370,11375.000
2015-07-01,0.401,0.394,0.422,0.392,10163.000
2015-07-02,0.393,0.374,0.397,0.367,15908.000
2015-07-03,0.373,0.348,0.377,0.340,23225.000
2015-07-06,0.383,0.372,0.383,0.356,7885.000
2015-07-07,0.358,0.335,0.373,0.335,6804.000
2015-07-08,0.325,0.302,0.325,0.302,11010.000
2015-07-09,0.302,0.332,0.332,0.283,4557.000
2015-07-10,0.333,0.365,0.365,0.333,2827.000
2015-07-13,0.373,0.402,0.402,0.373,11897.000
2015-07-14,0.403,0.401,0.425,0.388,17858.000
2015-07-15,0.388,0.361,0.400,0.361,7171.000
2015-07-16,0.338,0.365,0.382,0.328,5081.000
2015-07-17,0.380,0.380,0.380,0.363,6826.000
2015-07-20,0.378,0.382,0.388,0.375,9242.000
2015-07-21,0.382,0.383,0.388,0.375,2449.000
2015-07-22,0.386,0.388,0.390,0.379,10213.000
2015-07-23,0.379,0.395,0.400,0.379,6334.000
2015-07-24,0.395,0.385,0.403,0.384,4891.000
2015-07-27,0.371,0.358,0.390,0.358,3624.000
2015-07-28,0.358,0.360,0.365,0.334,5128.000
2015-07-29,0.360,0.373,0.373,0.355,3123.000
2015-07-30,0.370,0.368,0.377,0.368,16712.000
2015-07-31,0.366,0.359,0.366,0.358,38576.000
2015-08-03,0.351,0.355,0.359,0.351,21959.000
2015-08-04,0.359,0.372,0.372,0.352,6874.000
2015-08-05,0.378,0.366,0.379,0.365,26803.000
2015-08-06,0.358,0.364,0.372,0.358,521.000
2015-08-07,0.365,0.375,0.376,0.365,976.000
2015-08-10,0.370,0.393,0.393,0.370,10403.000
2015-08-11,0.391,0.393,0.393,0.384,5629.000
2015-08-12,0.386,0.391,0.394,0.386,2657.000
2015-08-13,0.373,0.392,0.396,0.373,1339.000
2015-08-14,0.392,0.394,0.397,0.380,1520.000
2015-08-17,0.395,0.400,0.403,0.393,4560.000
2015-08-18,0.397,0.375,0.400,0.375,3895.000
2015-08-19,0.392,0.383,0.392,0.360,2801.000
2015-08-20,0.376,0.369,0.381,0.369,5193.000
2015-08-21,0.370,0.354,0.370,0.352,4693.000
2015-08-24,0.332,0.318,0.354,0.318,10453.000
2015-08-25,0.288,0.299,0.321,0.288,6780.000
2015-08-26,0.299,0.310,0.323,0.299,8105.000
2015-08-27,0.315,0.325,0.326,0.310,8544.000
2015-08-28,0.350,0.336,0.350,0.318,4079.000
2015-08-31,0.337,0.328,0.337,0.325,2772.000
2015-09-01,0.321,0.322,0.324,0.314,2928.000
2015-09-02,0.315,0.323,0.325,0.313,6723.000
2015-09-07,0.325,0.316,0.338,0.315,3323.000
2015-09-08,0.314,0.321,0.321,0.307,4390.000
2015-09-09,0.328,0.325,0.328,0.317,5519.000
2015-09-10,0.325,0.322,0.326,0.312,2727.000
2015-09-11,0.314,0.320,0.323,0.314,2167.000
2015-09-14,0.320,0.309,0.320,0.306,2879.000
2015-09-15,0.307,0.300,0.309,0.298,6734.000
2015-09-16,0.305,0.319,0.320,0.301,2773.000
2015-09-17,0.319,0.311,0.319,0.310,3037.000
2015-09-18,0.314,0.313,0.314,0.307,2706.000
2015-09-21,0.309,0.316,0.316,0.309,3086.000
2015-09-22,0.316,0.317,0.319,0.316,4040.000
2015-09-23,0.318,0.313,0.318,0.311,973.000
2015-09-24,0.313,0.314,0.315,0.313,719.000
2015-09-25,0.313,0.308,0.316,0.306,506.000
2015-09-28,0.303,0.311,0.313,0.303,72.000
2015-09-29,0.310,0.306,0.310,0.306,256.000
2015-09-30,0.303,0.310,0.310,0.303,1455.000
2015-10-08,0.333,0.319,0.333,0.311,2789.000
2015-10-09,0.312,0.318,0.320,0.312,1220.000
2015-10-12,0.324,0.330,0.330,0.320,5089.000
2015-10-13,0.328,0.328,0.329,0.325,875.000
2015-10-14,0.323,0.328,0.328,0.323,1311.000
2015-10-15,0.325,0.333,0.333,0.324,717.000
2015-10-16,0.325,0.335,0.337,0.325,3263.000
2015-10-19,0.327,0.331,0.338,0.327,1965.000
2015-10-20,0.328,0.332,0.333,0.328,852.000
2015-10-21,0.330,0.321,0.334,0.299,2762.000
2015-10-22,0.318,0.325,0.325,0.315,3500.000
2015-10-23,0.325,0.335,0.336,0.323,9465.000
2015-10-26,0.336,0.336,0.340,0.334,4304.000
2015-10-27,0.335,0.330,0.335,0.327,6102.000
2015-10-28,0.333,0.330,0.336,0.329,4408.000
2015-10-29,0.333,0.330,0.336,0.329,4178.000
2015-10-30,0.335,0.337,0.338,0.335,2040.000
2015-11-02,0.335,0.335,0.342,0.330,2404.000
2015-11-03,0.335,0.332,0.335,0.332,2326.000
2015-11-04,0.333,0.343,0.343,0.333,3394.000
2015-11-05,0.341,0.343,0.349,0.339,3651.000
2015-11-06,0.343,0.345,0.347,0.343,3241.000
2015-11-09,0.344,0.356,0.359,0.344,5765.000
2015-11-10,0.350,0.350,0.356,0.350,1854.000
2015-11-11,0.345,0.350,0.352,0.345,2055.000
2015-11-12,0.356,0.350,0.357,0.348,3299.000
2015-11-13,0.348,0.345,0.348,0.345,2449.000
2015-11-16,0.344,0.345,0.345,0.340,788.000
2015-11-17,0.347,0.345,0.355,0.345,2095.000
2015-11-18,0.344,0.345,0.350,0.344,1454.000
2015-11-19,0.343,0.350,0.350,0.343,2484.000
2015-11-20,0.348,0.350,0.352,0.347,612.000
2015-11-23,0.351,0.348,0.351,0.346,1883.000
2015-11-24,0.348,0.350,0.350,0.344,740.000
2015-11-25,0.349,0.350,0.351,0.348,1581.000
2015-11-26,0.350,0.349,0.353,0.349,485.000
2015-11-27,0.348,0.334,0.350,0.333,2809.000
2015-11-30,0.342,0.337,0.342,0.334,620.000
2015-12-01,0.338,0.341,0.342,0.334,584.000
2015-12-02,0.346,0.342,0.346,0.336,372.000
2015-12-03,0.345,0.342,0.345,0.336,650.000
2015-12-04,0.338,0.347,0.348,0.338,1098.000
2015-12-07,0.340,0.349,0.349,0.340,791.000
2015-12-08,0.342,0.341,0.342,0.340,1034.000
2015-12-09,0.333,0.338,0.347,0.332,168.000
2015-12-10,0.335,0.342,0.342,0.335,542.000
2015-12-11,0.341,0.336,0.341,0.335,300.000
2015-12-14,0.333,0.345,0.345,0.333,471.000
2015-12-15,0.343,0.345,0.345,0.335,648.000
2015-12-16,0.347,0.343,0.347,0.341,81.000
2015-12-17,0.342,0.348,0.348,0.342,3201.000
2015-12-18,0.343,0.354,0.354,0.343,1794.000
2015-12-21,0.352,0.370,0.370,0.352,3599.000
2015-12-22,0.370,0.371,0.375,0.362,1641.000
2015-12-23,0.371,0.367,0.371,0.367,1526.000
2015-12-24,0.366,0.368,0.369,0.359,1904.000
2015-12-25,0.367,0.366,0.367,0.359,2801.000
2015-12-28,0.364,0.358,0.366,0.357,2100.000
2015-12-29,0.353,0.357,0.357,0.353,531.000
2015-12-30,0.355,0.363,0.365,0.355,507.000
2015-12-31,0.361,0.362,0.365,0.361,1450.000
2016-01-04,0.362,0.352,0.364,0.337,1637.000
2016-01-05,0.349,0.348,0.349,0.321,1030.000
2016-01-06,0.344,0.350,0.350,0.341,1147.000
2016-01-07,0.347,0.347,0.347,0.347,60.000
2016-01-08,0.347,0.330,0.357,0.325,1428.000
2016-01-11,0.333,0.326,0.335,0.326,1596.000
2016-01-12,0.323,0.325,0.331,0.315,287.000
2016-01-13,0.325,0.325,0.328,0.325,2666.000
2016-01-14,0.316,0.327,0.328,0.303,1286.000
2016-01-15,0.324,0.318,0.330,0.313,859.000
2016-01-18,0.318,0.314,0.322,0.309,794.000
2016-01-19,0.313,0.324,0.324,0.313,433.000
2016-01-20,0.318,0.316,0.327,0.313,1949.000
2016-01-21,0.313,0.306,0.318,0.305,554.000
2016-01-22,0.309,0.304,0.310,0.300,1216.000
2016-01-25,0.307,0.307,0.307,0.304,778.000
2016-01-26,0.307,0.313,0.318,0.300,314.000
2016-01-27,0.312,0.305,0.312,0.295,3714.000
2016-01-28,0.302,0.296,0.303,0.295,1698.000
2016-01-29,0.300,0.301,0.303,0.295,9715.000
2016-02-01,0.300,0.300,0.305,0.300,1079.000
2016-02-02,0.298,0.300,0.302,0.295,5650.000
2016-02-03,0.297,0.295,0.299,0.288,1296.000
2016-02-04,0.298,0.298,0.300,0.298,1038.000
2016-02-05,0.300,0.299,0.300,0.298,1636.000
2016-02-15,0.297,0.295,0.300,0.290,2121.000
2016-02-16,0.297,0.300,0.300,0.297,5401.000
2016-02-17,0.301,0.302,0.302,0.298,2134.000
2016-02-18,0.302,0.302,0.303,0.300,1185.000
2016-02-19,0.300,0.302,0.302,0.299,2031.000
2016-02-22,0.303,0.305,0.305,0.302,1123.000
2016-02-23,0.305,0.304,0.305,0.302,788.000
2016-02-24,0.305,0.304,0.306,0.303,1677.000
2016-02-25,0.306,0.294,0.306,0.294,3209.000
2016-02-26,0.296,0.292,0.296,0.290,1927.000
2016-02-29,0.293,0.292,0.293,0.288,2349.000
2016-03-01,0.292,0.295,0.295,0.291,355.000
2016-03-02,0.295,0.301,0.305,0.295,2316.000
2016-03-03,0.301,0.300,0.303,0.298,2655.000
2016-03-04,0.300,0.303,0.306,0.300,3052.000
2016-03-07,0.305,0.307,0.311,0.305,1319.000
2016-03-08,0.305,0.303,0.306,0.298,1028.000
2016-03-09,0.304,0.303,0.306,0.300,1134.000
2016-03-10,0.306,0.303,0.306,0.301,1501.000
2016-03-11,0.303,0.302,0.304,0.300,766.000
2016-03-14,0.305,0.308,0.308,0.304,2231.000
2016-03-15,0.308,0.308,0.308,0.304,1435.000
2016-03-16,0.309,0.306,0.314,0.306,946.000
2016-03-17,0.308,0.308,0.311,0.306,2302.000
2016-03-18,0.305,0.312,0.312,0.305,1813.000
2016-03-21,0.313,0.316,0.319,0.313,2999.000
2016-03-22,0.316,0.315,0.320,0.315,766.000
2016-03-23,0.313,0.318,0.319,0.313,172.000
2016-03-24,0.313,0.315,0.318,0.313,1202.000
2016-03-25,0.317,0.319,0.321,0.314,2562.000
2016-03-28,0.320,0.324,0.327,0.318,1813.000
2016-03-29,0.322,0.319,0.323,0.319,3564.000
2016-03-30,0.318,0.325,0.326,0.318,794.000
2016-03-31,0.326,0.325,0.326,0.323,659.000
2016-04-01,0.328,0.323,0.328,0.320,333.000
2016-04-05,0.324,0.325,0.328,0.322,571.000
2016-04-06,0.325,0.327,0.330,0.324,1069.000
2016-04-07,0.326,0.323,0.329,0.323,936.000
2016-04-08,0.320,0.320,0.325,0.313,1802.000
2016-04-11,0.320,0.323,0.324,0.320,1898.000
2016-04-12,0.321,0.321,0.322,0.319,1116.000
2016-04-13,0.320,0.325,0.329,0.320,853.000
2016-04-14,0.327,0.325,0.328,0.322,1251.000
2016-04-15,0.325,0.321,0.325,0.316,999.000
2016-04-18,0.321,0.320,0.323,0.318,1010.000
2016-04-19,0.323,0.320,0.323,0.320,1367.000
2016-04-20,0.322,0.312,0.322,0.311,2147.000
2016-04-21,0.315,0.312,0.315,0.312,852.000
2016-04-22,0.313,0.314,0.314,0.313,813.000
2016-04-25,0.325,0.318,0.325,0.313,539.000
2016-04-26,0.320,0.315,0.320,0.313,127.000
2016-04-27,0.316,0.320,0.320,0.316,539.000
2016-04-28,0.320,0.318,0.324,0.316,80240.000
2016-04-29,0.318,0.320,0.324,0.318,325.000
2016-05-03,0.323,0.332,0.334,0.323,1226.000
2016-05-04,0.333,0.332,0.335,0.330,1130.000
2016-05-05,0.335,0.334,0.335,0.332,451.000
2016-05-06,0.330,0.328,0.335,0.326,2099.000
2016-05-09,0.330,0.328,0.330,0.323,438.000
2016-05-10,0.325,0.328,0.328,0.321,705.000
2016-05-11,0.328,0.335,0.338,0.328,1182.000
2016-05-12,0.328,0.334,0.344,0.325,889.000
2016-05-13,0.332,0.334,0.340,0.332,449.000
2016-05-16,0.340,0.332,0.340,0.330,685.000
2016-05-17,0.333,0.333,0.335,0.332,513.000
2016-05-18,0.330,0.326,0.330,0.323,895.000
2016-05-19,0.331,0.327,0.331,0.326,549.000
2016-05-20,0.334,0.330,0.334,0.326,539.000
2016-05-23,0.330,0.330,0.330,0.329,547.000
2016-05-24,0.331,0.328,0.331,0.324,623.000
2016-05-25,0.328,0.327,0.330,0.327,509.000
2016-05-26,0.325,0.324,0.326,0.322,393.000
2016-05-27,0.325,0.326,0.326,0.325,44.000
2016-05-30,0.322,0.325,0.326,0.321,726.000
2016-05-31,0.330,0.330,0.330,0.326,1939.000
2016-06-01,0.329,0.331,0.331,0.325,754.000
2016-06-02,0.329,0.333,0.335,0.329,420.000
2016-06-03,0.333,0.339,0.340,0.333,1540.000
2016-06-06,0.340,0.340,0.340,0.336,730.000
2016-06-07,0.342,0.337,0.342,0.335,2203.000
2016-06-08,0.337,0.338,0.342,0.336,607.000
2016-06-13,0.335,0.328,0.337,0.328,775.000
2016-06-14,0.328,0.333,0.333,0.328,240.000
2016-06-15,0.337,0.338,0.340,0.331,899.000
2016-06-16,0.339,0.336,0.339,0.336,537.000
2016-06-17,0.339,0.341,0.342,0.338,918.000
2016-06-20,0.342,0.341,0.344,0.339,749.000
2016-06-21,0.341,0.340,0.341,0.338,413.000
2016-06-22,0.338,0.338,0.340,0.338,314.000
2016-06-23,0.339,0.337,0.339,0.337,232.000
2016-06-24,0.335,0.335,0.337,0.333,1678.000
2016-06-27,0.338,0.338,0.340,0.337,1072.000
2016-06-28,0.338,0.341,0.342,0.333,3436.000
2016-06-29,0.340,0.342,0.342,0.340,674.000
2016-06-30,0.342,0.342,0.343,0.342,666.000
2016-07-01,0.344,0.345,0.345,0.341,587.000
2016-07-04,0.344,0.346,0.348,0.344,1051.000
2016-07-05,0.350,0.349,0.351,0.347,943.000
2016-07-06,0.349,0.360,0.361,0.346,2408.000
2016-07-07,0.363,0.363,0.364,0.358,1280.000
2016-07-08,0.360,0.360,0.362,0.357,1395.000
2016-07-11,0.363,0.371,0.373,0.360,1237.000
2016-07-12,0.371,0.374,0.374,0.365,2278.000
2016-07-13,0.379,0.374,0.379,0.371,702.000
2016-07-14,0.373,0.372,0.374,0.371,744.000
2016-07-15,0.372,0.371,0.372,0.369,437.000
2016-07-18,0.364,0.369,0.371,0.363,574.000
2016-07-19,0.370,0.365,0.375,0.363,1524.000
2016-07-20,0.362,0.368,0.368,0.362,980.000
2016-07-21,0.381,0.366,0.381,0.364,816.000
2016-07-22,0.366,0.363,0.370,0.363,336.000
2016-07-25,0.366,0.369,0.370,0.362,1339.000
2016-07-26,0.369,0.370,0.370,0.365,513.000
2016-07-27,0.372,0.366,0.373,0.360,1069.000
2016-07-28,0.364,0.366,0.368,0.363,666.000
2016-07-29,0.367,0.373,0.373,0.367,1795.000
2016-08-01,0.373,0.370,0.373,0.365,701.000
2016-08-02,0.370,0.362,0.370,0.360,112745.000
2016-08-03,0.362,0.364,0.364,0.362,945.000
2016-08-04,0.370,0.364,0.370,0.364,234.000
2016-08-05,0.363,0.365,0.366,0.363,185247.000
2016-08-08,0.365,0.365,0.365,0.363,582.000
2016-08-09,0.369,0.367,0.369,0.363,578.000
2016-08-10,0.366,0.367,0.368,0.366,628.000
2016-08-11,0.369,0.368,0.370,0.368,342.000
2016-08-12,0.366,0.367,0.368,0.366,247.000
2016-08-15,0.368,0.371,0.373,0.368,2131.000
2016-08-16,0.372,0.373,0.375,0.372,1449.000
2016-08-17,0.374,0.373,0.374,0.373,375.000
2016-08-18,0.372,0.366,0.372,0.364,3375.000
2016-08-19,0.365,0.360,0.369,0.357,4424.000
2016-08-22,0.365,0.366,0.368,0.364,1939.000
2016-08-23,0.367,0.366,0.369,0.366,646.000
2016-08-24,0.367,0.365,0.368,0.365,340.000
2016-08-25,0.369,0.365,0.369,0.362,527.000
2016-08-26,0.365,0.365,0.368,0.364,369.000
2016-08-29,0.365,0.362,0.365,0.362,1008.000
2016-08-30,0.361,0.363,0.363,0.361,257.000
2016-08-31,0.365,0.363,0.365,0.363,401.000
2016-09-01,0.365,0.363,0.365,0.363,277.000
2016-09-02,0.362,0.364,0.365,0.362,533.000
2016-09-05,0.362,0.363,0.364,0.362,351.000
2016-09-06,0.362,0.363,0.363,0.360,1074.000
2016-09-07,0.363,0.363,0.363,0.361,642.000
2016-09-08,0.363,0.362,0.363,0.362,662.000
2016-09-09,0.361,0.360,0.363,0.360,977.000
2016-09-12,0.361,0.355,0.361,0.353,873.000
2016-09-13,0.355,0.353,0.356,0.352,1996.000
2016-09-14,0.350,0.354,0.355,0.348,257.000
2016-09-19,0.355,0.354,0.358,0.354,460.000
2016-09-20,0.354,0.354,0.354,0.354,95.000
2016-09-21,0.352,0.354,0.354,0.352,101.000
2016-09-22,0.355,0.356,0.358,0.355,894.000
2016-09-23,0.355,0.355,0.355,0.354,360.000
2016-09-26,0.355,0.353,0.356,0.352,143.000
2016-09-27,0.348,0.351,0.351,0.345,382.000
2016-09-28,0.351,0.353,0.360,0.345,810.000
2016-09-29,0.351,0.352,0.353,0.349,691.000
2016-09-30,0.351,0.354,0.355,0.351,407.000
2016-10-10,0.359,0.358,0.360,0.357,649.000
2016-10-11,0.360,0.358,0.360,0.357,378.000
2016-10-12,0.358,0.358,0.359,0.357,356.000
2016-10-13,0.358,0.357,0.358,0.357,307.000
2016-10-14,0.355,0.358,0.359,0.355,542.000
2016-10-17,0.360,0.359,0.362,0.358,627.000
2016-10-18,0.358,0.359,0.359,0.358,1868.000
2016-10-19,0.359,0.359,0.359,0.351,2251.000
2016-10-20,0.358,0.358,0.359,0.357,451.000
2016-10-21,0.358,0.357,0.359,0.356,386.000
2016-10-24,0.359,0.359,0.360,0.358,1735.000
2016-10-25,0.360,0.361,0.363,0.360,1258.000
2016-10-26,0.362,0.364,0.368,0.362,2486.000
2016-10-27,0.363,0.367,0.367,0.363,1064.000
2016-10-28,0.364,0.365,0.368,0.364,343.000
2016-10-31,0.367,0.367,0.367,0.364,1289.000
2016-11-01,0.363,0.368,0.388,0.363,3042.000
2016-11-02,0.368,0.367,0.369,0.366,609.000
2016-11-03,0.368,0.367,0.370,0.366,1861.000
2016-11-04,0.366,0.367,0.369,0.366,57.000
2016-11-07,0.368,0.367,0.368,0.364,441.000
2016-11-08,0.369,0.368,0.369,0.368,374.000
2016-11-09,0.373,0.365,0.373,0.363,975.000
2016-11-10,0.370,0.365,0.370,0.365,2340.000
2016-11-11,0.369,0.366,0.369,0.365,708.000
2016-11-14,0.366,0.366,0.370,0.366,327.000
2016-11-15,0.364,0.365,0.366,0.363,883.000
2016-11-16,0.367,0.366,0.368,0.366,534.000
2016-11-17,0.367,0.365,0.367,0.364,115.000
2016-11-18,0.367,0.366,0.369,0.366,1250.000
2016-11-21,0.366,0.366,0.367,0.366,488.000
2016-11-22,0.365,0.366,0.367,0.365,317.000
2016-11-23,0.366,0.366,0.367,0.365,754.000
2016-11-24,0.365,0.367,0.371,0.365,1311.000
2016-11-25,0.369,0.370,0.370,0.367,2272.000
2016-11-28,0.371,0.372,0.373,0.371,919.000
2016-11-29,0.373,0.378,0.380,0.371,2808.000
2016-11-30,0.378,0.375,0.378,0.373,2081.000
2016-12-01,0.373,0.377,0.377,0.372,2827.000
2016-12-02,0.376,0.372,0.376,0.372,147.000
2016-12-05,0.373,0.366,0.373,0.366,311.000
2016-12-06,0.366,0.369,0.370,0.366,250.000
2016-12-07,0.369,0.370,0.370,0.368,337.000
2016-12-08,0.378,0.373,0.378,0.372,161.000
2016-12-09,0.371,0.374,0.377,0.371,452.000
2016-12-12,0.374,0.371,0.374,0.364,1013.000
2016-12-13,0.371,0.368,0.371,0.364,777.000
2016-12-14,0.368,0.367,0.369,0.367,59.000
2016-12-15,0.366,0.368,0.369,0.363,763.000
2016-12-16,0.363,0.369,0.369,0.363,199.000
2016-12-19,0.369,0.369,0.369,0.365,238.000
2016-12-20,0.364,0.364,0.366,0.364,289.000
2016-12-21,0.364,0.365,0.370,0.364,181.000
2016-12-22,0.364,0.367,0.367,0.364,72.000
2016-12-23,0.367,0.364,0.367,0.363,106.000
2016-12-26,0.364,0.364,0.366,0.358,256.000
2016-12-27,0.361,0.363,0.366,0.361,134.000
2016-12-28,0.360,0.362,0.366,0.360,404.000
2016-12-29,0.360,0.361,0.363,0.360,160.000
2016-12-30,0.362,0.366,0.368,0.362,108.000
2017-01-03,0.364,0.365,0.368,0.364,290.000
2017-01-04,0.367,0.371,0.371,0.364,779.000
2017-01-05,0.366,0.371,0.373,0.366,254.000
2017-01-06,0.369,0.374,0.374,0.369,587.000
2017-01-09,0.381,0.374,0.381,0.374,2188.000
2017-01-10,0.378,0.375,0.378,0.374,308.000
2017-01-11,0.375,0.375,0.375,0.370,2096.000
2017-01-12,0.375,0.375,0.376,0.370,243.000
2017-01-13,0.368,0.370,0.370,0.368,196.000
2017-01-16,0.370,0.360,0.373,0.360,1190.000
2017-01-17,0.364,0.363,0.364,0.359,444.000
2017-01-18,0.363,0.366,0.370,0.363,526.000
2017-01-19,0.363,0.366,0.368,0.363,448.000
2017-01-20,0.370,0.367,0.370,0.365,392.000
2017-01-23,0.371,0.372,0.372,0.371,100.000
2017-01-24,0.374,0.369,0.374,0.368,817.000
2017-01-25,0.372,0.372,0.372,0.367,254.000
2017-01-26,0.372,0.374,0.374,0.369,426.000
2017-02-03,0.374,0.374,0.374,0.371,202.000
2017-02-06,0.378,0.375,0.385,0.371,378.000
2017-02-07,0.375,0.372,0.378,0.371,405.000
2017-02-08,0.375,0.372,0.375,0.370,308.000
2017-02-09,0.375,0.375,0.375,0.371,567.000
2017-02-10,0.375,0.376,0.376,0.373,425.000
2017-02-13,0.373,0.380,0.380,0.373,2074.000
2017-02-14,0.381,0.377,0.381,0.377,544.000
2017-02-15,0.380,0.375,0.380,0.375,652.000
2017-02-16,0.375,0.373,0.379,0.373,417.000
2017-02-17,0.376,0.378,0.379,0.376,801.000
2017-02-20,0.373,0.383,0.386,0.373,2458.000
2017-02-21,0.385,0.389,0.391,0.385,1684.000
2017-02-22,0.391,0.393,0.395,0.390,1414.000
2017-02-23,0.400,0.397,0.400,0.389,1366.000
2017-02-24,0.395,0.393,0.395,0.390,2081.000
2017-02-27,0.393,0.391,0.393,0.388,1434.000
2017-02-28,0.391,0.390,0.393,0.389,3003.000
2017-03-01,0.390,0.391,0.397,0.390,589.000
2017-03-02,0.391,0.389,0.391,0.388,327.000
2017-03-03,0.392,0.389,0.395,0.388,1328.000
2017-03-06,0.391,0.390,0.391,0.386,923.000
2017-03-07,0.390,0.392,0.392,0.389,1464.000
2017-03-08,0.393,0.390,0.393,0.387,1524.000
2017-03-09,0.388,0.389,0.389,0.387,541.000
2017-03-10,0.390,0.390,0.393,0.389,407.000
2017-03-13,0.392,0.393,0.393,0.389,338.000
2017-03-14,0.394,0.391,0.394,0.391,668.000
2017-03-15,0.391,0.392,0.392,0.391,301.000
2017-03-16,0.392,0.394,0.395,0.392,772.000
2017-03-17,0.394,0.394,0.395,0.392,743.000
2017-03-20,0.394,0.395,0.395,0.392,698.000
2017-03-21,0.395,0.404,0.404,0.393,2410.000
2017-03-22,0.405,0.404,0.405,0.399,1640.000
2017-03-23,0.405,0.407,0.407,0.401,2584.000
2017-03-24,0.408,0.409,0.409,0.406,837.000
2017-03-27,0.409,0.412,0.416,0.407,4055.000
2017-03-28,0.413,0.413,0.413,0.408,1596.000
2017-03-29,0.414,0.408,0.414,0.406,1226.000
2017-03-30,0.413,0.409,0.413,0.403,845.000
2017-03-31,0.416,0.412,0.416,0.409,361.000
2017-04-05,0.413,0.414,0.416,0.401,1675.000
2017-04-06,0.414,0.411,0.414,0.400,3802.000
2017-04-07,0.411,0.406,0.411,0.405,2740.000
2017-04-10,0.403,0.404,0.412,0.403,2027.000
2017-04-11,0.404,0.406,0.406,0.402,621.000
2017-04-12,0.406,0.406,0.410,0.400,649.000
2017-04-13,0.406,0.408,0.408,0.401,4286.000
2017-04-14,0.408,0.407,0.408,0.404,1179.000
2017-04-17,0.408,0.400,0.408,0.400,1634.000
2017-04-18,0.404,0.405,0.406,0.403,1126.000
2017-04-19,0.407,0.405,0.407,0.403,744.000
2017-04-20,0.406,0.411,0.412,0.406,2400.000
2017-04-21,0.413,0.410,0.413,0.408,1260.000
2017-04-24,0.410,0.405,0.410,0.403,939.000
2017-04-25,0.405,0.409,0.411,0.404,2374.000
2017-04-26,0.410,0.411,0.414,0.409,2162.000
2017-04-27,0.412,0.410,0.412,0.405,468.000
2017-04-28,0.412,0.406,0.412,0.405,1041.000
2017-05-02,0.408,0.406,0.410,0.404,1045.000
2017-05-03,0.407,0.403,0.407,0.400,1416.000
2017-05-04,0.404,0.403,0.405,0.395,1884.000
2017-05-05,0.404,0.399,0.404,0.396,1505.000
2017-05-08,0.401,0.397,0.401,0.395,1728.000
2017-05-09,0.398,0.395,0.398,0.390,1017.000
2017-05-10,0.396,0.396,0.398,0.393,669.000
2017-05-11,0.393,0.394,0.394,0.388,1384.000
2017-05-12,0.395,0.399,0.400,0.394,656.000
2017-05-15,0.400,0.399,0.401,0.396,1204.000
2017-05-16,0.400,0.408,0.408,0.395,2033.000
2017-05-17,0.412,0.406,0.412,0.405,331.000
2017-05-18,0.407,0.405,0.407,0.403,1143.000
2017-05-19,0.407,0.408,0.408,0.405,1478.000
2017-05-22,0.410,0.408,0.412,0.408,1873.000
2017-05-23,0.410,0.411,0.412,0.408,1226.000
2017-05-24,0.411,0.411,0.411,0.406,953.000
2017-05-25,0.412,0.412,0.412,0.410,673.000
2017-05-26,0.413,0.413,0.413,0.409,662.000
2017-05-31,0.414,0.412,0.415,0.411,1185.000
2017-06-01,0.413,0.412,0.413,0.411,550.000
2017-06-02,0.413,0.412,0.413,0.410,487.000
2017-06-05,0.413,0.410,0.413,0.409,738.000
2017-06-06,0.411,0.412,0.412,0.410,454.000
2017-06-07,0.412,0.419,0.419,0.412,1397.000
2017-06-08,0.420,0.425,0.425,0.417,2644.000
2017-06-09,0.428,0.429,0.432,0.428,1802.000
2017-06-12,0.432,0.436,0.438,0.432,1495.000
2017-06-13,0.437,0.438,0.449,0.428,1072.000
2017-06-14,0.439,0.438,0.445,0.435,1576.000
2017-06-15,0.438,0.433,0.438,0.433,1171.000
2017-06-16,0.432,0.429,0.432,0.428,772.000
2017-06-19,0.430,0.432,0.433,0.430,1140.000
2017-06-20,0.433,0.436,0.444,0.433,835.000
2017-06-21,0.437,0.440,0.444,0.436,5181.000
2017-06-22,0.441,0.439,0.443,0.438,2067.000
2017-06-23,0.441,0.438,0.442,0.438,1325.000
2017-06-26,0.440,0.445,0.446,0.440,1652.000
2017-06-27,0.445,0.450,0.453,0.445,615.000
2017-06-28,0.450,0.449,0.451,0.446,2004.000
2017-06-29,0.449,0.450,0.473,0.445,1601.000
2017-06-30,0.451,0.449,0.455,0.448,889.000
2017-07-03,0.449,0.451,0.454,0.445,2302.000
2017-07-04,0.446,0.444,0.451,0.443,1854.000
2017-07-05,0.444,0.448,0.449,0.444,322.000
2017-07-06,0.441,0.449,0.450,0.441,1107.000
2017-07-07,0.446,0.446,0.450,0.445,290.000
2017-07-10,0.450,0.442,0.455,0.441,674.000
2017-07-11,0.442,0.441,0.443,0.441,2529.000
2017-07-12,0.439,0.439,0.440,0.435,2571.000
2017-07-13,0.439,0.437,0.442,0.436,1782.000
2017-07-14,0.437,0.433,0.437,0.425,2915.000
2017-07-17,0.436,0.428,0.436,0.413,2630.000
2017-07-18,0.425,0.429,0.429,0.419,2478.000
2017-07-19,0.428,0.434,0.434,0.428,1187.000
2017-07-20,0.434,0.436,0.436,0.431,539.000
2017-07-21,0.437,0.438,0.440,0.437,1028.000
2017-07-24,0.440,0.448,0.449,0.440,2725.000
2017-07-25,0.448,0.446,0.452,0.446,1720.000
2017-07-26,0.450,0.439,0.450,0.438,687.000
2017-07-27,0.441,0.438,0.441,0.436,1419.000
2017-07-28,0.437,0.446,0.446,0.437,1163.000
2017-07-31,0.446,0.447,0.453,0.445,2146.000
2017-08-01,0.445,0.448,0.452,0.443,1522.000
2017-08-02,0.449,0.449,0.451,0.449,1872.000
2017-08-03,0.450,0.446,0.450,0.446,461.000
2017-08-04,0.448,0.443,0.448,0.443,528.000
2017-08-07,0.443,0.450,0.452,0.443,1674.000
2017-08-08,0.451,0.454,0.454,0.448,2643.000
2017-08-09,0.454,0.465,0.467,0.450,2546.000
2017-08-10,0.467,0.468,0.487,0.465,2583.000
2017-08-11,0.467,0.453,0.468,0.451,1699.000
2017-08-14,0.453,0.466,0.468,0.453,983.000
2017-08-15,0.462,0.471,0.471,0.462,1580.000
2017-08-16,0.471,0.478,0.482,0.464,3652.000
2017-08-17,0.481,0.472,0.481,0.472,1146.000
2017-08-18,0.471,0.468,0.471,0.465,370.000
2017-08-21,0.467,0.474,0.479,0.465,1204.000
2017-08-22,0.474,0.470,0.474,0.469,577.000
2017-08-23,0.479,0.468,0.479,0.465,2432.000
2017-08-24,0.470,0.465,0.470,0.465,1350.000
2017-08-25,0.461,0.467,0.477,0.461,3322.000
2017-08-28,0.467,0.466,0.469,0.465,3258.000
2017-08-29,0.467,0.467,0.468,0.465,758.000
2017-08-30,0.467,0.469,0.470,0.465,865.000
2017-08-31,0.469,0.467,0.472,0.466,986.000
2017-09-01,0.467,0.468,0.469,0.467,1573.000
2017-09-04,0.468,0.468,0.469,0.465,5097.000
2017-09-05,0.468,0.474,0.474,0.467,1761.000
2017-09-06,0.471,0.471,0.474,0.470,969.000
2017-09-07,0.471,0.468,0.474,0.467,1363.000
2017-09-08,0.466,0.467,0.470,0.466,425.000
2017-09-11,0.465,0.469,0.470,0.465,811.000
2017-09-12,0.466,0.468,0.472,0.466,1050.000
2017-09-13,0.468,0.471,0.471,0.467,1010.000
2017-09-14,0.471,0.471,0.471,0.468,583.000
2017-09-15,0.469,0.475,0.475,0.468,809.000
2017-09-18,0.477,0.485,0.486,0.477,2121.000
2017-09-19,0.485,0.482,0.488,0.481,2673.000
2017-09-20,0.484,0.484,0.485,0.481,1338.000
2017-09-21,0.484,0.484,0.485,0.482,537.000
2017-09-22,0.481,0.496,0.503,0.481,2388.000
2017-09-25,0.490,0.502,0.506,0.485,3260.000
2017-09-26,0.504,0.500,0.508,0.497,3779.000
2017-09-27,0.500,0.500,0.504,0.497,2686.000
2017-09-28,0.494,0.499,0.500,0.493,2940.000
2017-09-29,0.499,0.505,0.509,0.499,3076.000
2017-10-09,0.510,0.507,0.515,0.500,4693.000
2017-10-10,0.509,0.514,0.515,0.505,2115.000
2017-10-11,0.514,0.534,0.545,0.513,4476.000
2017-10-12,0.534,0.536,0.539,0.525,3378.000
2017-10-13,0.537,0.535,0.538,0.532,7009.000
2017-10-16,0.535,0.530,0.535,0.527,3972.000
2017-10-17,0.528,0.523,0.535,0.520,4751.000
2017-10-18,0.529,0.526,0.529,0.523,2245.000
2017-10-19,0.526,0.539,0.542,0.525,5380.000
2017-10-20,0.539,0.534,0.539,0.532,4803.000
2017-10-23,0.534,0.537,0.542,0.531,6591.000
2017-10-24,0.537,0.538,0.540,0.534,3222.000
2017-10-25,0.539,0.537,0.540,0.535,5392.000
2017-10-26,0.543,0.550,0.563,0.543,13604.000
2017-10-27,0.550,0.569,0.572,0.543,6216.000
2017-10-30,0.567,0.556,0.568,0.550,22737.000
2017-10-31,0.556,0.551,0.560,0.545,9004.000
2017-11-01,0.551,0.550,0.562,0.549,11657.000
2017-11-02,0.547,0.546,0.552,0.545,6854.000
2017-11-03,0.543,0.554,0.555,0.543,9405.000
2017-11-06,0.554,0.567,0.572,0.554,11848.000
2017-11-07,0.569,0.581,0.582,0.569,28450.000
2017-11-08,0.582,0.596,0.610,0.578,15077.000
2017-11-09,0.580,0.573,0.590,0.566,38499.000
2017-11-10,0.573,0.574,0.579,0.561,35942.000
2017-11-13,0.578,0.575,0.578,0.570,29962.000
2017-11-14,0.575,0.566,0.575,0.566,22419.000
2017-11-15,0.562,0.570,0.572,0.561,10397.000
2017-11-16,0.567,0.585,0.586,0.567,18211.000
2017-11-17,0.580,0.577,0.585,0.570,18198.000
2017-11-20,0.571,0.577,0.578,0.559,11305.000
2017-11-21,0.575,0.580,0.585,0.575,18747.000
2017-11-22,0.580,0.575,0.584,0.571,16459.000
2017-11-23,0.574,0.560,0.574,0.560,21754.000
2017-11-24,0.558,0.551,0.560,0.542,17841.000
2017-11-27,0.550,0.543,0.550,0.537,10581.000
2017-11-28,0.543,0.547,0.555,0.541,7411.000
2017-11-29,0.547,0.537,0.551,0.533,13399.000
2017-11-30,0.540,0.532,0.542,0.523,4333.000
2017-12-01,0.533,0.533,0.538,0.528,6961.000
2017-12-04,0.532,0.543,0.543,0.530,12951.000
2017-12-05,0.541,0.539,0.547,0.534,11276.000
2017-12-06,0.539,0.540,0.545,0.533,9028.000
2017-12-07,0.540,0.528,0.540,0.528,16929.000
2017-12-08,0.528,0.542,0.545,0.528,8625.000
2017-12-11,0.542,0.564,0.567,0.542,18310.000
2017-12-12,0.565,0.562,0.573,0.558,13027.000
2017-12-13,0.562,0.578,0.578,0.560,11874.000
2017-12-14,0.578,0.579,0.580,0.575,16365.000
2017-12-15,0.582,0.581,0.591,0.576,25589.000
2017-12-18,0.578,0.575,0.587,0.571,18384.000
2017-12-19,0.574,0.576,0.578,0.572,6231.000
2017-12-20,0.580,0.588,0.590,0.576,12827.000
2017-12-21,0.588,0.589,0.590,0.580,9340.000
2017-12-22,0.589,0.590,0.591,0.588,5885.000
2017-12-25,0.590,0.596,0.597,0.590,10438.000
2017-12-26,0.596,0.600,0.601,0.596,16637.000
2017-12-27,0.599,0.581,0.601,0.577,27021.000
2017-12-28,0.575,0.589,0.592,0.575,12983.000
2017-12-29,0.589,0.583,0.596,0.582,21520.000
2018-01-02,0.583,0.587,0.592,0.582,8342.000
2018-01-03,0.585,0.593,0.595,0.585,10372.000
2018-01-04,0.593,0.605,0.605,0.593,15305.000
2018-01-05,0.604,0.605,0.608,0.600,17829.000
2018-01-08,0.604,0.613,0.620,0.602,15562.000
2018-01-09,0.613,0.627,0.628,0.612,22052.000
2018-01-10,0.629,0.633,0.633,0.620,27191.000
2018-01-11,0.631,0.629,0.631,0.624,19113.000
2018-01-12,0.628,0.637,0.637,0.627,11770.000
2018-01-15,0.637,0.634,0.645,0.633,25394.000
2018-01-16,0.635,0.644,0.663,0.627,26157.000
2018-01-17,0.645,0.641,0.649,0.630,35524.000
2018-01-18,0.640,0.638,0.644,0.630,28819.000
2018-01-19,0.637,0.620,0.637,0.618,47680.000
2018-01-22,0.614,0.639,0.640,0.614,37796.000
2018-01-23,0.639,0.642,0.643,0.635,31813.000
2018-01-24,0.640,0.635,0.643,0.630,26953.000
2018-01-25,0.634,0.630,0.634,0.623,21793.000
2018-01-26,0.630,0.632,0.633,0.627,15376.000
2018-01-29,0.632,0.615,0.635,0.613,28923.000
2018-01-30,0.614,0.607,0.614,0.603,13505.000
2018-01-31,0.608,0.617,0.618,0.608,13767.000
2018-02-01,0.618,0.609,0.618,0.605,18901.000
2018-02-02,0.608,0.607,0.611,0.600,16185.000
2018-02-05,0.605,0.591,0.605,0.588,22962.000
2018-02-06,0.581,0.565,0.581,0.563,27437.000
2018-02-07,0.571,0.554,0.578,0.553,19374.000
2018-02-08,0.554,0.556,0.564,0.550,12963.000
2018-02-09,0.528,0.540,0.547,0.528,23807.000
2018-02-12,0.541,0.566,0.566,0.541,22059.000
2018-02-13,0.568,0.570,0.576,0.567,14807.000
2018-02-14,0.575,0.575,0.575,0.568,8178.000
2018-02-22,0.579,0.595,0.595,0.579,14148.000
2018-02-23,0.598,0.594,0.600,0.590,25859.000
2018-02-26,0.600,0.593,0.600,0.588,15552.000
2018-02-27,0.593,0.587,0.595,0.584,18508.000
2018-02-28,0.581,0.581,0.586,0.573,19670.000
2018-03-01,0.578,0.582,0.585,0.577,18356.000
2018-03-02,0.578,0.576,0.579,0.573,10492.000
2018-03-05,0.573,0.568,0.577,0.567,13367.000
2018-03-06,0.569,0.569,0.570,0.555,18731.000
2018-03-07,0.568,0.564,0.573,0.563,13589.000
2018-03-08,0.563,0.575,0.575,0.563,12572.000
2018-03-09,0.574,0.582,0.585,0.574,14851.000
2018-03-12,0.583,0.579,0.587,0.577,19265.000
2018-03-13,0.580,0.572,0.580,0.569,8870.000
2018-03-14,0.571,0.575,0.576,0.561,10511.000
2018-03-15,0.574,0.583,0.583,0.572,16347.000
2018-03-16,0.587,0.574,0.587,0.574,10572.000
2018-03-19,0.573,0.577,0.579,0.569,10702.000
2018-03-20,0.574,0.572,0.574,0.566,11390.000
2018-03-21,0.575,0.567,0.576,0.566,16104.000
2018-03-22,0.568,0.558,0.569,0.558,11868.000
2018-03-23,0.546,0.546,0.557,0.536,14994.000
2018-03-26,0.543,0.545,0.549,0.538,14062.000
2018-03-27,0.550,0.545,0.552,0.543,9131.000
2018-03-28,0.538,0.532,0.541,0.529,11813.000
2018-03-29,0.532,0.544,0.545,0.520,11347.000
2018-03-30,0.543,0.543,0.546,0.538,6284.000
2018-04-02,0.540,0.537,0.544,0.536,7048.000
2018-04-03,0.533,0.541,0.543,0.533,19722.000
2018-04-04,0.541,0.553,0.560,0.541,23853.000
2018-04-09,0.555,0.550,0.559,0.547,14354.000
2018-04-10,0.552,0.554,0.554,0.544,11166.000
2018-04-11,0.554,0.556,0.559,0.554,6725.000
2018-04-12,0.556,0.552,0.556,0.550,5114.000
2018-04-13,0.552,0.548,0.554,0.547,3511.000
2018-04-16,0.547,0.544,0.548,0.542,5753.000
2018-04-17,0.544,0.538,0.546,0.538,6618.000
2018-04-18,0.539,0.537,0.540,0.531,6787.000
2018-04-19,0.537,0.547,0.547,0.536,7828.000
2018-04-20,0.549,0.543,0.552,0.543,8918.000
2018-04-23,0.545,0.541,0.545,0.537,7829.000
2018-04-24,0.541,0.555,0.558,0.541,13104.000
2018-04-25,0.554,0.555,0.557,0.551,7782.000
2018-04-26,0.557,0.543,0.557,0.541,10631.000
2018-04-27,0.543,0.538,0.544,0.535,9478.000
2018-05-02,0.538,0.539,0.539,0.531,7940.000
2018-05-03,0.539,0.547,0.547,0.533,8902.000
2018-05-04,0.547,0.545,0.549,0.545,5182.000
2018-05-07,0.545,0.568,0.569,0.543,21236.000
2018-05-08,0.569,0.574,0.578,0.563,23096.000
2018-05-09,0.573,0.571,0.574,0.568,6474.000
2018-05-10,0.571,0.579,0.580,0.571,18814.000
2018-05-11,0.582,0.574,0.584,0.573,14229.000
2018-05-14,0.574,0.584,0.585,0.574,12723.000
2018-05-15,0.585,0.588,0.588,0.578,10316.000
2018-05-16,0.587,0.588,0.595,0.585,19059.000
2018-05-17,0.589,0.587,0.589,0.581,9313.000
2018-05-18,0.584,0.588,0.588,0.576,11324.000
2018-05-21,0.589,0.591,0.594,0.589,10605.000
2018-05-22,0.591,0.594,0.600,0.589,8538.000
2018-05-23,0.594,0.581,0.594,0.580,22666.000
2018-05-24,0.579,0.572,0.581,0.570,13313.000
2018-05-25,0.572,0.575,0.577,0.571,8959.000
2018-05-28,0.575,0.591,0.594,0.573,17162.000
2018-05-29,0.590,0.585,0.605,0.582,35568.000
2018-05-30,0.573,0.590,0.599,0.572,26471.000
2018-05-31,0.592,0.620,0.620,0.588,41641.000
2018-06-01,0.616,0.613,0.618,0.605,28582.000
2018-06-04,0.613,0.619,0.622,0.608,28499.000
2018-06-05,0.619,0.621,0.621,0.615,31421.000
2018-06-06,0.620,0.619,0.621,0.615,16622.000
2018-06-07,0.618,0.613,0.621,0.609,15864.000
2018-06-08,0.612,0.603,0.613,0.600,19686.000
2018-06-11,0.600,0.599,0.604,0.597,11166.000
2018-06-12,0.599,0.619,0.620,0.599,27123.000
2018-06-13,0.615,0.612,0.621,0.610,21988.000
2018-06-14,0.611,0.608,0.614,0.602,17742.000
2018-06-15,0.605,0.604,0.607,0.600,14961.000
2018-06-19,0.593,0.574,0.603,0.570,27488.000
2018-06-20,0.574,0.589,0.591,0.574,20816.000
2018-06-21,0.589,0.586,0.598,0.585,26017.000
2018-06-22,0.586,0.588,0.588,0.578,12479.000
2018-06-25,0.592,0.588,0.596,0.588,27067.000
2018-06-26,0.585,0.581,0.590,0.576,17652.000
2018-06-27,0.584,0.560,0.584,0.541,26746.000
2018-06-28,0.556,0.550,0.558,0.545,10501.000
2018-06-29,0.550,0.566,0.566,0.546,29004.000
2018-07-02,0.563,0.552,0.570,0.547,26764.000
2018-07-03,0.552,0.541,0.554,0.523,30566.000
2018-07-04,0.540,0.536,0.544,0.534,13706.000
2018-07-05,0.534,0.532,0.546,0.529,17885.000
2018-07-06,0.533,0.540,0.544,0.525,21354.000
2018-07-09,0.542,0.556,0.556,0.542,63948.000
2018-07-10,0.557,0.556,0.560,0.548,24301.000
2018-07-11,0.552,0.547,0.554,0.541,30963.000
2018-07-12,0.547,0.562,0.566,0.547,37192.000
2018-07-13,0.565,0.574,0.574,0.560,29408.000
2018-07-16,0.576,0.574,0.579,0.569,28723.000
2018-07-17,0.570,0.565,0.575,0.561,28075.000
2018-07-18,0.564,0.562,0.570,0.560,24846.000
2018-07-19,0.565,0.561,0.565,0.556,31032.000
2018-07-20,0.558,0.562,0.563,0.553,24087.000
2018-07-23,0.562,0.558,0.562,0.552,19496.000
2018-07-24,0.556,0.574,0.574,0.552,33993.000
2018-07-25,0.572,0.571,0.574,0.568,19724.000
2018-07-26,0.571,0.565,0.571,0.565,8975.000
2018-07-27,0.565,0.565,0.569,0.562,8728.000
2018-07-30,0.565,0.555,0.565,0.555,12977.000
2018-07-31,0.555,0.556,0.556,0.550,11348.000
2018-08-01,0.556,0.549,0.558,0.548,8778.000
2018-08-02,0.547,0.536,0.547,0.534,20314.000
2018-08-03,0.535,0.529,0.539,0.529,8438.000
2018-08-06,0.529,0.512,0.531,0.508,16122.000
2018-08-07,0.512,0.519,0.519,0.508,14325.000
2018-08-08,0.521,0.511,0.521,0.509,8355.000
2018-08-09,0.511,0.523,0.525,0.509,27770.000
2018-08-10,0.523,0.526,0.529,0.521,20534.000
2018-08-13,0.523,0.520,0.523,0.510,18689.000
2018-08-14,0.522,0.520,0.525,0.515,9076.000
2018-08-15,0.520,0.505,0.520,0.503,21697.000
2018-08-16,0.501,0.498,0.506,0.493,10514.000
2018-08-17,0.499,0.490,0.501,0.489,9673.000
2018-08-20,0.478,0.491,0.492,0.478,12820.000
2018-08-21,0.491,0.508,0.508,0.491,18419.000
2018-08-22,0.507,0.503,0.507,0.499,11657.000
2018-08-23,0.503,0.509,0.520,0.500,21056.000
2018-08-24,0.507,0.501,0.507,0.498,19247.000
2018-08-27,0.504,0.518,0.518,0.502,19057.000
2018-08-28,0.518,0.515,0.520,0.512,14046.000
2018-08-29,0.515,0.515,0.515,0.509,7895.000
2018-08-30,0.513,0.510,0.517,0.509,9788.000
2018-08-31,0.510,0.504,0.510,0.497,8274.000
2018-09-03,0.500,0.503,0.504,0.498,6310.000
2018-09-04,0.502,0.504,0.505,0.498,4650.000
2018-09-05,0.504,0.499,0.504,0.498,5233.000
2018-09-06,0.496,0.493,0.499,0.490,10132.000
2018-09-07,0.493,0.491,0.498,0.486,7720.000
2018-09-10,0.488,0.483,0.490,0.447,12514.000
2018-09-11,0.483,0.483,0.488,0.480,11283.000
2018-09-12,0.483,0.474,0.483,0.473,19403.000
2018-09-13,0.479,0.476,0.482,0.467,15081.000
2018-09-14,0.478,0.482,0.485,0.474,18052.000
2018-09-17,0.482,0.482,0.486,0.478,10485.000
2018-09-18,0.481,0.495,0.498,0.478,17743.000
2018-09-19,0.491,0.505,0.507,0.491,23518.000
2018-09-20,0.504,0.503,0.506,0.501,10575.000
2018-09-21,0.506,0.519,0.520,0.506,22222.000
2018-09-25,0.515,0.517,0.520,0.513,20394.000
2018-09-26,0.518,0.534,0.538,0.518,35507.000
2018-09-27,0.534,0.537,0.538,0.527,18516.000
2018-09-28,0.539,0.541,0.544,0.533,22450.000
2018-10-08,0.535,0.521,0.535,0.516,26271.000
2018-10-09,0.521,0.511,0.523,0.509,20802.000
2018-10-10,0.511,0.504,0.515,0.502,18225.000
2018-10-11,0.489,0.483,0.499,0.480,23530.000
2018-10-12,0.485,0.498,0.499,0.484,15521.000
2018-10-15,0.498,0.492,0.498,0.489,19427.000
2018-10-16,0.490,0.484,0.493,0.484,12953.000
2018-10-17,0.490,0.484,0.494,0.480,13454.000
2018-10-18,0.486,0.476,0.486,0.476,11889.000
2018-10-19,0.467,0.489,0.489,0.467,14827.000
2018-10-22,0.492,0.516,0.517,0.492,38461.000
2018-10-23,0.516,0.499,0.516,0.489,30145.000
2018-10-24,0.497,0.488,0.497,0.481,28052.000
2018-10-25,0.475,0.477,0.478,0.464,24530.000
2018-10-26,0.481,0.458,0.481,0.456,41288.000
2018-10-29,0.449,0.416,0.450,0.413,76367.000
2018-10-30,0.413,0.415,0.420,0.404,50091.000
2018-10-31,0.417,0.425,0.427,0.417,38330.000
2018-11-01,0.429,0.434,0.442,0.429,42095.000
2018-11-02,0.448,0.456,0.457,0.438,47714.000
2018-11-05,0.455,0.449,0.455,0.440,59571.000
2018-11-06,0.449,0.445,0.449,0.440,20915.000
2018-11-07,0.445,0.447,0.452,0.443,25466.000
2018-11-08,0.448,0.446,0.453,0.444,15774.000
2018-11-09,0.443,0.444,0.446,0.440,11973.000
2018-11-12,0.442,0.446,0.446,0.436,18183.000
2018-11-13,0.438,0.456,0.458,0.438,32311.000
2018-11-14,0.456,0.448,0.456,0.448,25453.000
2018-11-15,0.449,0.452,0.452,0.448,20643.000
2018-11-16,0.453,0.452,0.456,0.450,28065.000
2018-11-19,0.452,0.457,0.458,0.450,16170.000
2018-11-20,0.456,0.448,0.456,0.447,21744.000
2018-11-21,0.442,0.453,0.455,0.440,28614.000
2018-11-22,0.454,0.452,0.463,0.450,11721.000
2018-11-23,0.452,0.446,0.453,0.445,17482.000
2018-11-26,0.446,0.442,0.446,0.440,16703.000
2018-11-27,0.442,0.441,0.444,0.439,19583.000
2018-11-28,0.440,0.447,0.447,0.438,16432.000
2018-11-29,0.449,0.445,0.454,0.445,27741.000
2018-11-30,0.445,0.454,0.454,0.445,28651.000
2018-12-03,0.467,0.472,0.474,0.463,39304.000
2018-12-04,0.470,0.473,0.473,0.468,28899.000
2018-12-05,0.467,0.476,0.479,0.466,61188.000
2018-12-06,0.472,0.468,0.474,0.464,34374.000
2018-12-07,0.466,0.463,0.467,0.463,42435.000
2018-12-10,0.461,0.458,0.464,0.456,17171.000
2018-12-11,0.459,0.462,0.462,0.459,13497.000
2018-12-12,0.463,0.466,0.467,0.462,12555.000
2018-12-13,0.468,0.474,0.477,0.465,33150.000
2018-12-14,0.471,0.467,0.473,0.467,22897.000
2018-12-17,0.465,0.462,0.465,0.459,19488.000
2018-12-18,0.461,0.459,0.462,0.455,16733.000
2018-12-19,0.460,0.453,0.462,0.451,22651.000
2018-12-20,0.451,0.455,0.455,0.445,15497.000
2018-12-21,0.453,0.449,0.453,0.446,8063.000
2018-12-24,0.448,0.451,0.452,0.443,10702.000
2018-12-25,0.450,0.450,0.452,0.444,15741.000
2018-12-26,0.450,0.447,0.453,0.447,18465.000
2018-12-27,0.453,0.447,0.454,0.447,15231.000
2018-12-28,0.450,0.454,0.456,0.444,20141.000
2019-01-02,0.457,0.450,0.463,0.449,24285.000
2019-01-03,0.450,0.443,0.451,0.440,20254.000
2019-01-04,0.442,0.448,0.449,0.437,24613.000
2019-01-07,0.452,0.453,0.454,0.449,32564.000
2019-01-08,0.453,0.451,0.453,0.450,9016.000
2019-01-09,0.452,0.457,0.463,0.452,33566.000
2019-01-10,0.460,0.455,0.460,0.452,23276.000
2019-01-11,0.455,0.466,0.466,0.455,24416.000
2019-01-14,0.463,0.460,0.463,0.457,24768.000
2019-01-15,0.460,0.478,0.479,0.458,38923.000
2019-01-16,0.477,0.476,0.479,0.474,38812.000
2019-01-17,0.476,0.474,0.480,0.473,30770.000
2019-01-18,0.475,0.486,0.487,0.475,41988.000
2019-01-21,0.486,0.494,0.496,0.486,45637.000
2019-01-22,0.492,0.486,0.492,0.483,30772.000
2019-01-23,0.483,0.485,0.487,0.482,36283.000
2019-01-24,0.484,0.488,0.489,0.483,35155.000
2019-01-25,0.490,0.488,0.492,0.486,38986.000
2019-01-28,0.489,0.491,0.499,0.488,49760.000
2019-01-29,0.488,0.493,0.494,0.485,42226.000
2019-01-30,0.492,0.486,0.494,0.485,29735.000
2019-01-31,0.488,0.490,0.491,0.483,33822.000
2019-02-01,0.491,0.499,0.499,0.491,39331.000
2019-02-11,0.500,0.518,0.519,0.497,43081.000
2019-02-12,0.519,0.520,0.523,0.516,46798.000
2019-02-13,0.520,0.525,0.527,0.518,57082.000
2019-02-14,0.525,0.534,0.535,0.523,53851.000
2019-02-15,0.533,0.527,0.533,0.526,46154.000
2019-02-18,0.530,0.545,0.546,0.530,78645.000
2019-02-19,0.547,0.540,0.547,0.538,74061.000
2019-02-20,0.540,0.544,0.548,0.534,41350.000
2019-02-21,0.543,0.541,0.548,0.538,48889.000
2019-02-22,0.538,0.543,0.543,0.533,66370.000
2019-02-25,0.548,0.568,0.597,0.540,122201.000
2019-02-26,0.565,0.555,0.565,0.554,79433.000
2019-02-27,0.554,0.565,0.571,0.554,80188.000
2019-02-28,0.559,0.563,0.566,0.555,43530.000
2019-03-01,0.565,0.580,0.580,0.564,75714.000
2019-03-04,0.581,0.586,0.596,0.580,86494.000
2019-03-05,0.586,0.589,0.593,0.581,73741.000
2019-03-06,0.586,0.585,0.589,0.578,82967.000
2019-03-07,0.583,0.571,0.583,0.567,100819.000
2019-03-08,0.562,0.562,0.572,0.557,92250.000
2019-03-11,0.561,0.580,0.581,0.560,84618.000
2019-03-12,0.581,0.581,0.589,0.575,91773.000
2019-03-13,0.580,0.571,0.584,0.569,63572.000
2019-03-14,0.568,0.575,0.580,0.568,119929.000
2019-03-15,0.575,0.585,0.589,0.572,111534.000
2019-03-18,0.585,0.630,0.630,0.585,146964.000
2019-03-19,0.625,0.625,0.633,0.613,92315.000
2019-03-20,0.618,0.627,0.642,0.610,88638.000
2019-03-21,0.625,0.622,0.626,0.617,68434.000
2019-03-22,0.614,0.621,0.626,0.610,71274.000
2019-03-25,0.611,0.600,0.616,0.600,101366.000
2019-03-26,0.602,0.599,0.609,0.596,106369.000
2019-03-27,0.603,0.615,0.618,0.598,131687.000
2019-03-28,0.614,0.622,0.628,0.613,131001.000
2019-03-29,0.625,0.650,0.660,0.625,135159.000
2019-04-01,0.653,0.673,0.675,0.651,144320.000
2019-04-02,0.680,0.665,0.680,0.660,138860.000
2019-04-03,0.660,0.672,0.673,0.657,114920.000
2019-04-04,0.670,0.695,0.695,0.668,148776.000
2019-04-08,0.695,0.709,0.715,0.683,199492.000
2019-04-09,0.693,0.696,0.697,0.683,242043.000
2019-04-10,0.686,0.694,0.705,0.679,197074.000
2019-04-11,0.695,0.669,0.695,0.669,228019.000
2019-04-12,0.663,0.670,0.673,0.660,161602.000
2019-04-15,0.680,0.667,0.688,0.667,206138.000
2019-04-16,0.662,0.679,0.679,0.656,156837.000
2019-04-17,0.678,0.687,0.690,0.673,150276.000
2019-04-18,0.684,0.685,0.688,0.680,74757.000
2019-04-19,0.685,0.686,0.687,0.675,116062.000
2019-04-22,0.687,0.684,0.698,0.681,189884.000
2019-04-23,0.684,0.689,0.695,0.675,143650.000
2019-04-24,0.690,0.690,0.696,0.680,151195.000
2019-04-25,0.688,0.681,0.694,0.679,180704.000
2019-04-26,0.673,0.679,0.690,0.673,160014.000
2019-04-29,0.677,0.686,0.698,0.671,233915.000
2019-04-30,0.682,0.692,0.696,0.681,179630.000
2019-05-06,0.674,0.658,0.677,0.652,295067.000
2019-05-07,0.656,0.672,0.675,0.656,173708.000
2019-05-08,0.664,0.661,0.674,0.652,109052.000
2019-05-09,0.656,0.642,0.656,0.634,230777.000
2019-05-10,0.647,0.672,0.672,0.646,212349.000
2019-05-13,0.670,0.675,0.680,0.658,187795.000
2019-05-14,0.665,0.670,0.705,0.665,127384.000
2019-05-15,0.677,0.710,0.713,0.676,266357.000
2019-05-16,0.705,0.729,0.733,0.699,263736.000
2019-05-17,0.722,0.714,0.723,0.705,207962.000
2019-05-20,0.700,0.695,0.703,0.675,239844.000
2019-05-21,0.689,0.695,0.702,0.668,203428.000
2019-05-22,0.688,0.678,0.690,0.677,164174.000
2019-05-23,0.672,0.659,0.674,0.656,181478.000
2019-05-24,0.658,0.661,0.670,0.656,161910.000
2019-05-27,0.665,0.672,0.674,0.652,189675.000
2019-05-28,0.671,0.679,0.689,0.668,216844.000
2019-05-29,0.675,0.682,0.686,0.672,134184.000
2019-05-30,0.679,0.682,0.688,0.674,154855.000
2019-05-31,0.682,0.678,0.687,0.676,126822.000
2019-06-03,0.680,0.679,0.689,0.675,145365.000
2019-06-04,0.681,0.669,0.681,0.663,141089.000
2019-06-05,0.673,0.667,0.675,0.667,100974.000
2019-06-06,0.668,0.657,0.669,0.655,111022.000
2019-06-10,0.658,0.671,0.672,0.651,147595.000
2019-06-11,0.671,0.706,0.707,0.670,306356.000
2019-06-12,0.705,0.698,0.706,0.697,151915.000
2019-06-13,0.700,0.697,0.701,0.687,158620.000
2019-06-14,0.695,0.688,0.702,0.688,110617.000
2019-06-17,0.688,0.680,0.695,0.678,136994.000
2019-06-18,0.679,0.684,0.686,0.675,88140.000
2019-06-19,0.704,0.690,0.708,0.688,215635.000
2019-06-20,0.690,0.709,0.714,0.687,314423.000
2019-06-21,0.710,0.709,0.713,0.702,221566.000
2019-06-24,0.709,0.711,0.718,0.701,222204.000
2019-06-25,0.711,0.707,0.712,0.697,151763.000
2019-06-26,0.702,0.703,0.707,0.700,116715.000
2019-06-27,0.705,0.715,0.716,0.705,165516.000
2019-06-28,0.715,0.716,0.717,0.710,181240.000
2019-07-01,0.731,0.747,0.747,0.725,252396.000
2019-07-02,0.743,0.749,0.750,0.742,178110.000
2019-07-03,0.747,0.738,0.752,0.734,262075.000
2019-07-04,0.733,0.722,0.737,0.718,237674.000
2019-07-05,0.721,0.739,0.742,0.721,194010.000
2019-07-08,0.735,0.731,0.738,0.720,201937.000
2019-07-09,0.729,0.732,0.737,0.723,116663.000
2019-07-10,0.734,0.732,0.737,0.729,99553.000
2019-07-11,0.735,0.730,0.741,0.729,134568.000
2019-07-12,0.729,0.737,0.739,0.729,133464.000
2019-07-15,0.735,0.740,0.741,0.723,177656.000
2019-07-16,0.738,0.732,0.743,0.731,141030.000
2019-07-17,0.730,0.732,0.736,0.728,109473.000
2019-07-18,0.728,0.720,0.730,0.720,102110.000
2019-07-19,0.720,0.725,0.730,0.720,71497.000
2019-07-22,0.725,0.722,0.728,0.720,93785.000
2019-07-23,0.723,0.716,0.724,0.711,113249.000
2019-07-24,0.717,0.718,0.722,0.716,90408.000
2019-07-25,0.717,0.725,0.725,0.712,102648.000
2019-07-26,0.724,0.723,0.725,0.720,68449.000
2019-07-29,0.723,0.731,0.733,0.719,99268.000
2019-07-30,0.731,0.730,0.734,0.726,92715.000
2019-07-31,0.728,0.721,0.729,0.720,80064.000
2019-08-01,0.719,0.717,0.723,0.713,94859.000
2019-08-02,0.706,0.714,0.715,0.700,88755.000
2019-08-05,0.708,0.707,0.717,0.706,118756.000
2019-08-06,0.699,0.701,0.703,0.684,102851.000
2019-08-07,0.705,0.697,0.706,0.697,53053.000
2019-08-08,0.698,0.704,0.710,0.698,62874.000
2019-08-09,0.708,0.694,0.711,0.693,80993.000
2019-08-12,0.696,0.707,0.707,0.696,62810.000
2019-08-13,0.703,0.705,0.708,0.701,47852.000
2019-08-14,0.712,0.713,0.715,0.710,75000.000
2019-08-15,0.704,0.712,0.712,0.702,57423.000
2019-08-16,0.712,0.721,0.729,0.711,143630.000
2019-08-19,0.728,0.730,0.730,0.712,151981.000
2019-08-20,0.727,0.729,0.730,0.721,75964.000
2019-08-21,0.727,0.724,0.729,0.723,61646.000
2019-08-22,0.725,0.735,0.736,0.725,89508.000
2019-08-23,0.735,0.738,0.739,0.732,87032.000
2019-08-26,0.726,0.727,0.734,0.724,85299.000
2019-08-27,0.730,0.747,0.752,0.729,141914.000
2019-08-28,0.750,0.756,0.758,0.742,158950.000
2019-08-29,0.756,0.757,0.759,0.750,82861.000
2019-08-30,0.759,0.766,0.772,0.758,127232.000
2019-09-02,0.766,0.771,0.771,0.761,114933.000
2019-09-03,0.771,0.769,0.778,0.765,98756.000
2019-09-04,0.768,0.763,0.770,0.757,105191.000
2019-09-05,0.765,0.767,0.770,0.763,119121.000
2019-09-06,0.770,0.764,0.770,0.758,102001.000
2019-09-09,0.764,0.762,0.765,0.760,99569.000
2019-09-10,0.761,0.761,0.763,0.757,78175.000
2019-09-11,0.761,0.740,0.763,0.740,170229.000
2019-09-12,0.739,0.743,0.743,0.738,104012.000
2019-09-16,0.741,0.741,0.744,0.736,102902.000
2019-09-17,0.739,0.737,0.743,0.734,104930.000
2019-09-18,0.738,0.751,0.751,0.738,153536.000
2019-09-19,0.750,0.751,0.751,0.741,84406.000
2019-09-20,0.751,0.752,0.756,0.750,81364.000
2019-09-23,0.750,0.743,0.750,0.739,91955.000
2019-09-24,0.743,0.746,0.751,0.743,77196.000
2019-09-25,0.744,0.744,0.749,0.740,58818.000
2019-09-26,0.744,0.732,0.748,0.727,125988.000
2019-09-27,0.731,0.734,0.738,0.725,83683.000
2019-09-30,0.731,0.730,0.738,0.730,69109.000
2019-10-08,0.730,0.742,0.744,0.728,92796.000
2019-10-09,0.741,0.735,0.741,0.730,65088.000
2019-10-10,0.733,0.741,0.744,0.725,100754.000
2019-10-11,0.741,0.745,0.750,0.738,96596.000
2019-10-14,0.747,0.749,0.750,0.740,118942.000
2019-10-15,0.748,0.752,0.753,0.743,100214.000
2019-10-16,0.749,0.742,0.750,0.741,104314.000
2019-10-17,0.742,0.741,0.743,0.739,43956.000
2019-10-18,0.740,0.737,0.745,0.736,64561.000
2019-10-21,0.737,0.742,0.744,0.735,57925.000
2019-10-22,0.743,0.745,0.746,0.740,65005.000
2019-10-23,0.745,0.738,0.751,0.737,107776.000
2019-10-24,0.738,0.731,0.739,0.729,75304.000
2019-10-25,0.732,0.750,0.750,0.731,158579.000
2019-10-28,0.749,0.756,0.757,0.746,114514.000
2019-10-29,0.756,0.764,0.769,0.754,113182.000
2019-10-30,0.764,0.761,0.766,0.753,62911.000
2019-10-31,0.765,0.763,0.773,0.760,100663.000
2019-11-01,0.763,0.766,0.769,0.756,67678.000
2019-11-04,0.766,0.771,0.773,0.765,65490.000
2019-11-05,0.770,0.776,0.780,0.769,106658.000
2019-11-06,0.776,0.767,0.779,0.763,104283.000
2019-11-07,0.766,0.771,0.775,0.765,62675.000
2019-11-08,0.777,0.770,0.777,0.770,63528.000
2019-11-11,0.768,0.761,0.771,0.760,113229.000
2019-11-12,0.761,0.764,0.767,0.758,63718.000
2019-11-13,0.762,0.768,0.768,0.762,54233.000
2019-11-14,0.768,0.769,0.771,0.764,72523.000
2019-11-15,0.770,0.759,0.770,0.758,121738.000
2019-11-18,0.757,0.762,0.763,0.754,59388.000
2019-11-19,0.762,0.768,0.769,0.761,56865.000
2019-11-20,0.766,0.767,0.773,0.765,72817.000
2019-11-21,0.763,0.763,0.767,0.761,61874.000
2019-11-22,0.764,0.749,0.767,0.745,169074.000
2019-11-25,0.748,0.744,0.749,0.739,74685.000
2019-11-26,0.745,0.751,0.754,0.745,84394.000
2019-11-27,0.750,0.751,0.754,0.747,70316.000
2019-11-28,0.751,0.748,0.754,0.745,58767.000
2019-11-29,0.747,0.732,0.747,0.727,174608.000
2019-12-02,0.731,0.737,0.742,0.731,85651.000
2019-12-03,0.734,0.737,0.737,0.732,75233.000
2019-12-04,0.738,0.737,0.741,0.732,72496.000
2019-12-05,0.737,0.739,0.739,0.734,94817.000
2019-12-06,0.739,0.747,0.747,0.739,103642.000
2019-12-09,0.750,0.743,0.750,0.742,66623.000
2019-12-10,0.742,0.739,0.743,0.735,86733.000
2019-12-11,0.739,0.731,0.739,0.730,156753.000
2019-12-12,0.731,0.727,0.733,0.726,143978.000
2019-12-13,0.731,0.736,0.736,0.730,141899.000
2019-12-16,0.738,0.733,0.738,0.729,182896.000
2019-12-17,0.733,0.744,0.744,0.733,213686.000
2019-12-18,0.744,0.741,0.746,0.739,192202.000
2019-12-19,0.741,0.736,0.741,0.734,106923.000
2019-12-20,0.738,0.735,0.738,0.734,97351.000
2019-12-23,0.733,0.728,0.737,0.728,139792.000
2019-12-24,0.728,0.730,0.731,0.726,76807.000
2019-12-25,0.730,0.726,0.731,0.724,153460.000
2019-12-26,0.726,0.726,0.727,0.724,123598.000
2019-12-27,0.726,0.735,0.740,0.726,243645.000
2019-12-30,0.735,0.750,0.750,0.734,298575.000
2019-12-31,0.750,0.755,0.755,0.750,176574.000
2020-01-02,0.761,0.756,0.762,0.748,195002.000
2020-01-03,0.756,0.752,0.759,0.748,199041.000
2020-01-06,0.748,0.753,0.757,0.747,249903.000
2020-01-07,0.754,0.770,0.772,0.754,185848.000
2020-01-08,0.768,0.765,0.773,0.763,121660.000
2020-01-09,0.767,0.777,0.777,0.767,149291.000
2020-01-10,0.775,0.774,0.777,0.769,131003.000
2020-01-13,0.774,0.786,0.786,0.774,132584.000
2020-01-14,0.787,0.780,0.788,0.778,125984.000
2020-01-15,0.777,0.781,0.788,0.777,108730.000
2020-01-16,0.782,0.782,0.785,0.778,104361.000
2020-01-17,0.783,0.776,0.785,0.775,150282.000
2020-01-20,0.778,0.775,0.783,0.769,190745.000
2020-01-21,0.773,0.758,0.773,0.757,237360.000
2020-01-22,0.753,0.756,0.758,0.742,195708.000
2020-01-23,0.750,0.727,0.750,0.719,352225.000
2020-02-03,0.654,0.654,0.675,0.654,311168.000
2020-02-04,0.648,0.681,0.682,0.648,222844.000
2020-02-05,0.682,0.694,0.696,0.681,164110.000
2020-02-06,0.696,0.715,0.717,0.693,322318.000
2020-02-07,0.714,0.724,0.724,0.707,205670.000
2020-02-10,0.718,0.733,0.734,0.717,210732.000
2020-02-11,0.733,0.737,0.744,0.730,501743.000
2020-02-12,0.735,0.740,0.741,0.734,101913.000
2020-02-13,0.738,0.736,0.746,0.736,167290.000
2020-02-14,0.736,0.742,0.745,0.735,300942.000
2020-02-17,0.742,0.755,0.755,0.738,190056.000
2020-02-18,0.755,0.751,0.755,0.746,148036.000
2020-02-19,0.751,0.760,0.765,0.750,142516.000
2020-02-20,0.763,0.775,0.777,0.763,530424.000
2020-02-21,0.776,0.771,0.777,0.767,980878.000
2020-02-24,0.770,0.762,0.770,0.755,289178.000
2020-02-25,0.751,0.760,0.762,0.745,240382.000
2020-02-26,0.755,0.753,0.763,0.750,174533.000
2020-02-27,0.754,0.765,0.770,0.754,258510.000
2020-02-28,0.750,0.733,0.754,0.728,270593.000
2020-03-02,0.733,0.756,0.759,0.733,202946.000
2020-03-03,0.760,0.762,0.767,0.759,196707.000
2020-03-04,0.762,0.775,0.775,0.760,222425.000
2020-03-05,0.779,0.813,0.816,0.777,787435.000
2020-03-06,0.810,0.797,0.817,0.795,749057.000
2020-03-09,0.790,0.773,0.790,0.773,424143.000
2020-03-10,0.768,0.788,0.793,0.760,501490.000
2020-03-11,0.791,0.785,0.800,0.783,325655.000
2020-03-12,0.774,0.763,0.774,0.759,269282.000
2020-03-13,0.725,0.752,0.760,0.725,377287.000
2020-03-16,0.760,0.721,0.760,0.715,430507.000
2020-03-17,0.715,0.711,0.730,0.689,397153.000
2020-03-18,0.711,0.708,0.737,0.707,326718.000
2020-03-19,0.709,0.699,0.712,0.678,430776.000
2020-03-20,0.705,0.718,0.719,0.700,220068.000
2020-03-23,0.697,0.697,0.706,0.689,419742.000
2020-03-24,0.706,0.720,0.721,0.705,346794.000
2020-03-25,0.743,0.737,0.743,0.728,473523.000
2020-03-26,0.727,0.736,0.745,0.727,339358.000
2020-03-27,0.745,0.741,0.750,0.741,400681.000
2020-03-30,0.734,0.741,0.743,0.731,344074.000
2020-03-31,0.747,0.770,0.771,0.745,460491.000
2020-04-01,0.771,0.763,0.772,0.756,446071.000
2020-04-02,0.756,0.768,0.768,0.753,263807.000
2020-04-03,0.764,0.773,0.781,0.763,328842.000
2020-04-07,0.781,0.798,0.802,0.781,433627.000
2020-04-08,0.795,0.790,0.798,0.788,297910.000
2020-04-09,0.795,0.792,0.796,0.785,276101.000
2020-04-10,0.792,0.794,0.806,0.789,429691.000
2020-04-13,0.786,0.785,0.790,0.780,273799.000
2020-04-14,0.789,0.799,0.800,0.785,200830.000
2020-04-15,0.799,0.791,0.802,0.790,248325.000
2020-04-16,0.790,0.789,0.794,0.785,202049.000
2020-04-17,0.793,0.796,0.803,0.791,287802.000
2020-04-20,0.799,0.800,0.801,0.794,239893.000
2020-04-21,0.798,0.790,0.798,0.784,193852.000
2020-04-22,0.787,0.816,0.817,0.784,405471.000
2020-04-23,0.816,0.819,0.832,0.813,278294.000
2020-04-24,0.819,0.821,0.826,0.813,490632.000
2020-04-27,0.823,0.826,0.830,0.816,232949.000
2020-04-28,0.826,0.841,0.843,0.818,226333.000
2020-04-29,0.838,0.821,0.839,0.818,425511.000
2020-04-30,0.823,0.821,0.826,0.814,363481.000
2020-05-06,0.816,0.826,0.827,0.810,255624.000
2020-05-07,0.824,0.837,0.841,0.824,410418.000
2020-05-08,0.839,0.841,0.848,0.832,609510.000
2020-05-11,0.842,0.831,0.849,0.828,346176.000
2020-05-12,0.829,0.837,0.839,0.827,305351.000
2020-05-13,0.837,0.849,0.849,0.833,229817.000
2020-05-14,0.847,0.837,0.847,0.837,260763.000
2020-05-15,0.838,0.831,0.842,0.828,285022.000
2020-05-18,0.831,0.854,0.856,0.829,429101.000
2020-05-19,0.858,0.854,0.859,0.848,260260.000
2020-05-20,0.854,0.847,0.854,0.845,255175.000
2020-05-21,0.847,0.844,0.852,0.841,178249.000
2020-05-22,0.842,0.823,0.842,0.818,392964.000
2020-05-25,0.819,0.839,0.840,0.816,363933.000
2020-05-26,0.839,0.844,0.845,0.835,232876.000
2020-05-27,0.844,0.836,0.844,0.833,174191.000
2020-05-28,0.834,0.833,0.840,0.823,209063.000
2020-05-29,0.826,0.843,0.845,0.826,217133.000
2020-06-01,0.850,0.865,0.869,0.850,301396.000
2020-06-02,0.864,0.862,0.873,0.860,256866.000
2020-06-03,0.863,0.858,0.868,0.856,257587.000
2020-06-04,0.861,0.865,0.867,0.858,181089.000
2020-06-05,0.864,0.863,0.864,0.855,181937.000
2020-06-08,0.866,0.868,0.877,0.863,300174.000
2020-06-09,0.868,0.874,0.874,0.864,151389.000
2020-06-10,0.874,0.878,0.880,0.873,181300.000
2020-06-11,0.877,0.863,0.877,0.857,434732.000
2020-06-12,0.850,0.863,0.868,0.846,298543.000
2020-06-15,0.861,0.860,0.869,0.857,278264.000
2020-06-16,0.863,0.868,0.868,0.861,554826.000
2020-06-17,0.868,0.870,0.872,0.862,246147.000
2020-06-18,0.869,0.877,0.879,0.864,252694.000
2020-06-19,0.875,0.892,0.898,0.875,540980.000
2020-06-22,0.896,0.894,0.900,0.890,345168.000
2020-06-23,0.894,0.906,0.910,0.893,195835.000
2020-06-24,0.910,0.915,0.917,0.906,203587.000
2020-06-29,0.912,0.917,0.919,0.909,155221.000
2020-06-30,0.919,0.929,0.933,0.919,210633.000
2020-07-01,0.930,0.958,0.964,0.930,333400.000
2020-07-02,0.960,0.975,0.980,0.955,278954.000
2020-07-03,0.975,0.976,0.976,0.955,330708.000
2020-07-06,0.976,1.012,1.015,0.972,324979.000
2020-07-07,1.020,1.030,1.049,1.020,394104.000
2020-07-08,1.028,1.042,1.042,1.021,337139.000
2020-07-09,1.043,1.056,1.056,1.039,409883.000
2020-07-10,1.054,1.060,1.068,1.045,289438.000
2020-07-13,1.060,1.112,1.115,1.058,441301.000
2020-07-14,1.112,1.105,1.119,1.074,533460.000
2020-07-15,1.105,1.118,1.126,1.096,498855.000
2020-07-16,1.107,1.034,1.107,1.028,880372.000
2020-07-17,1.017,1.057,1.064,1.017,578776.000
2020-07-20,1.068,1.055,1.073,1.020,388874.000
2020-07-21,1.054,1.068,1.079,1.049,327535.000
2020-07-22,1.066,1.088,1.095,1.058,372131.000
2020-07-23,1.087,1.086,1.093,1.065,421526.000
2020-07-24,1.082,1.048,1.082,1.036,448991.000
2020-07-27,1.048,1.054,1.067,1.042,317313.000
2020-07-28,1.058,1.090,1.096,1.058,463050.000
2020-07-29,1.087,1.099,1.102,1.071,1527018.000
2020-07-30,1.098,1.105,1.115,1.093,767506.000
2020-07-31,1.102,1.111,1.121,1.089,514464.000
2020-08-03,1.115,1.125,1.125,1.113,380717.000
2020-08-04,1.126,1.119,1.136,1.115,638530.000
2020-08-05,1.116,1.134,1.134,1.105,403650.000
2020-08-06,1.132,1.110,1.133,1.100,628260.000
2020-08-07,1.105,1.090,1.113,1.074,1126097.000
2020-08-10,1.090,1.094,1.099,1.080,780202.000
2020-08-11,1.099,1.098,1.122,1.096,619652.000
2020-08-12,1.098,1.083,1.100,1.067,358029.000
2020-08-13,1.083,1.088,1.097,1.083,255803.000
2020-08-14,1.088,1.110,1.112,1.088,369065.000
2020-08-17,1.115,1.123,1.125,1.112,317319.000
2020-08-18,1.124,1.139,1.145,1.118,327488.000
2020-08-19,1.136,1.135,1.149,1.128,324138.000
2020-08-20,1.125,1.115,1.128,1.108,277565.000
2020-08-21,1.116,1.129,1.135,1.116,277659.000
2020-08-24,1.129,1.153,1.154,1.129,313148.000
2020-08-25,1.150,1.166,1.173,1.150,462229.000
2020-08-26,1.165,1.162,1.179,1.150,401571.000
2020-08-27,1.164,1.179,1.179,1.157,400987.000
2020-08-28,1.180,1.218,1.225,1.176,445145.000
2020-08-31,1.232,1.220,1.242,1.218,588988.000
2020-09-01,1.215,1.218,1.220,1.198,461182.000
2020-09-02,1.218,1.224,1.234,1.209,366216.000
2020-09-03,1.223,1.215,1.240,1.205,578489.000
2020-09-04,1.191,1.187,1.192,1.169,533959.000
2020-09-07,1.180,1.149,1.188,1.138,489465.000
2020-09-08,1.147,1.131,1.152,1.118,518807.000
2020-09-09,1.117,1.100,1.122,1.091,491262.000
2020-09-10,1.112,1.108,1.126,1.105,340146.000
2020-09-11,1.107,1.128,1.128,1.100,258870.000
2020-09-14,1.129,1.127,1.136,1.121,303691.000
2020-09-15,1.126,1.131,1.133,1.117,337423.000
2020-09-16,1.134,1.115,1.139,1.110,345847.000
2020-09-17,1.106,1.090,1.106,1.078,321367.000
2020-09-18,1.088,1.111,1.111,1.083,404546.000
2020-09-21,1.110,1.095,1.111,1.093,172548.000
2020-09-22,1.085,1.087,1.102,1.083,198297.000
2020-09-23,1.080,1.091,1.093,1.068,189865.000
2020-09-24,1.079,1.073,1.092,1.069,227887.000
2020-09-25,1.075,1.078,1.083,1.074,157861.000
2020-09-28,1.078,1.078,1.091,1.077,148259.000
2020-09-29,1.085,1.088,1.092,1.078,151237.000
2020-09-30,1.092,1.090,1.105,1.084,193605.000
2020-10-09,1.107,1.112,1.118,1.101,310093.000
2020-10-12,1.115,1.159,1.160,1.115,441976.000
2020-10-13,1.160,1.169,1.172,1.149,381950.000
2020-10-14,1.168,1.158,1.173,1.156,290440.000
2020-10-15,1.158,1.148,1.159,1.146,268788.000
2020-10-16,1.148,1.140,1.156,1.134,203286.000
2020-10-19,1.141,1.125,1.151,1.121,242312.000
2020-10-20,1.123,1.152,1.152,1.120,241434.000
2020-10-21,1.150,1.150,1.155,1.139,352119.000
2020-10-22,1.143,1.150,1.152,1.130,232412.000
2020-10-23,1.147,1.122,1.149,1.118,350796.000
2020-10-26,1.108,1.111,1.115,1.084,204894.000
2020-10-27,1.107,1.119,1.123,1.107,154599.000
2020-10-28,1.121,1.143,1.149,1.120,240281.000
2020-10-29,1.135,1.168,1.173,1.133,364177.000
2020-10-30,1.163,1.128,1.163,1.127,345535.000
2020-11-02,1.128,1.130,1.140,1.126,170754.000
2020-11-03,1.131,1.144,1.146,1.130,261543.000
2020-11-04,1.143,1.148,1.150,1.137,221470.000
2020-11-05,1.154,1.164,1.167,1.154,242964.000
2020-11-06,1.170,1.153,1.172,1.141,252924.000
2020-11-09,1.158,1.176,1.179,1.158,313592.000
2020-11-10,1.176,1.181,1.191,1.162,330624.000
2020-11-11,1.178,1.172,1.202,1.171,286116.000
2020-11-12,1.170,1.172,1.180,1.163,199172.000
2020-11-13,1.168,1.151,1.168,1.137,271133.000
2020-11-16,1.152,1.179,1.179,1.150,249155.000
2020-11-17,1.179,1.163,1.179,1.155,200477.000
2020-11-18,1.162,1.154,1.166,1.145,202188.000
2020-11-19,1.153,1.172,1.175,1.144,277105.000
2020-11-20,1.171,1.177,1.182,1.167,168278.000
2020-11-23,1.185,1.186,1.196,1.182,229840.000
2020-11-24,1.185,1.183,1.185,1.170,141897.000
2020-11-25,1.185,1.152,1.185,1.150,293633.000
2020-11-26,1.150,1.158,1.160,1.138,157984.000
2020-11-27,1.156,1.167,1.167,1.152,144787.000
2020-11-30,1.168,1.149,1.169,1.146,198447.000
2020-12-01,1.145,1.159,1.163,1.145,136325.000
2020-12-02,1.166,1.166,1.170,1.154,189410.000
2020-12-03,1.161,1.178,1.179,1.161,181747.000
2020-12-04,1.178,1.202,1.204,1.178,334336.000
2020-12-07,1.202,1.210,1.220,1.201,224994.000
2020-12-08,1.210,1.222,1.225,1.205,223399.000
2020-12-09,1.222,1.205,1.224,1.205,395949.000
2020-12-10,1.200,1.205,1.219,1.198,269641.000
2020-12-11,1.206,1.200,1.208,1.189,199499.000
2020-12-14,1.202,1.230,1.230,1.200,273507.000
2020-12-15,1.230,1.222,1.230,1.210,245480.000
2020-12-16,1.220,1.238,1.241,1.220,265994.000
2020-12-17,1.237,1.249,1.255,1.233,288276.000
2020-12-18,1.242,1.238,1.254,1.228,325447.000
2020-12-21,1.237,1.255,1.259,1.225,274320.000
2020-12-22,1.251,1.249,1.267,1.248,267572.000
2020-12-23,1.250,1.253,1.272,1.230,369445.000
2020-12-24,1.242,1.239,1.254,1.232,201668.000
2020-12-25,1.230,1.244,1.244,1.223,217628.000
2020-12-28,1.244,1.275,1.276,1.243,248272.000
2020-12-29,1.277,1.265,1.280,1.256,218145.000
2020-12-30,1.264,1.283,1.284,1.259,175147.000
2020-12-31,1.285,1.304,1.307,1.283,442107.000
2021-01-04,1.307,1.365,1.368,1.306,297491.000
2021-01-05,1.365,1.432,1.434,1.358,650466.000
2021-01-06,1.446,1.436,1.450,1.405,728587.000
2021-01-07,1.433,1.450,1.450,1.408,478147.000
2021-01-08,1.448,1.412,1.459,1.400,514088.000
2021-01-11,1.410,1.368,1.410,1.360,557816.000
2021-01-12,1.358,1.401,1.401,1.356,371456.000
2021-01-13,1.400,1.379,1.402,1.368,300356.000
2021-01-14,1.369,1.347,1.378,1.342,296192.000
2021-01-15,1.342,1.322,1.342,1.294,399654.000
2021-01-18,1.310,1.320,1.325,1.300,359173.000
2021-01-19,1.323,1.293,1.331,1.289,446562.000
2021-01-20,1.291,1.302,1.305,1.269,421955.000
2021-01-21,1.303,1.327,1.337,1.302,423453.000
2021-01-22,1.327,1.329,1.336,1.318,348708.000
2021-01-25,1.328,1.381,1.381,1.326,517330.000
2021-01-26,1.381,1.363,1.384,1.359,367146.000
2021-01-27,1.357,1.352,1.359,1.323,293287.000
2021-01-28,1.339,1.325,1.348,1.324,204259.000
2021-01-29,1.333,1.331,1.347,1.310,235546.000
2021-02-01,1.332,1.329,1.345,1.324,269275.000
2021-02-02,1.329,1.370,1.371,1.329,501618.000
2021-02-03,1.371,1.379,1.384,1.358,262057.000
2021-02-04,1.375,1.381,1.400,1.366,394673.000
2021-02-05,1.383,1.393,1.421,1.383,342360.000
2021-02-08,1.407,1.422,1.428,1.394,236783.000
2021-02-09,1.426,1.455,1.455,1.415,258137.000
2021-02-10,1.459,1.506,1.513,1.459,349446.000
2021-02-18,1.529,1.461,1.545,1.450,512497.000
2021-02-19,1.451,1.491,1.491,1.427,318571.000
2021-02-22,1.486,1.419,1.486,1.417,391483.000
2021-02-23,1.410,1.399,1.425,1.394,239191.000
2021-02-24,1.400,1.350,1.406,1.332,462555.000
2021-02-25,1.353,1.335,1.365,1.328,226763.000
2021-02-26,1.319,1.303,1.323,1.281,344584.000
2021-03-01,1.309,1.319,1.327,1.301,326115.000
2021-03-02,1.323,1.288,1.328,1.277,279079.000
2021-03-03,1.278,1.308,1.308,1.277,220115.000
2021-03-04,1.299,1.249,1.299,1.246,268754.000
2021-03-05,1.233,1.248,1.266,1.217,245244.000
2021-03-08,1.255,1.186,1.265,1.185,271046.000
2021-03-09,1.175,1.148,1.182,1.134,326826.000
2021-03-10,1.168,1.170,1.182,1.160,184344.000
2021-03-11,1.172,1.202,1.211,1.164,197235.000
2021-03-12,1.203,1.199,1.210,1.177,220799.000
2021-03-15,1.193,1.155,1.193,1.141,320438.000
2021-03-16,1.156,1.175,1.179,1.155,129267.000
2021-03-17,1.177,1.196,1.199,1.160,157567.000
2021-03-18,1.199,1.216,1.224,1.196,340074.000
2021-03-19,1.200,1.181,1.206,1.175,260865.000
2021-03-22,1.181,1.190,1.195,1.170,134474.000
2021-03-23,1.189,1.185,1.196,1.175,94326.000
2021-03-24,1.185,1.180,1.204,1.173,180299.000
2021-03-25,1.169,1.180,1.185,1.159,106739.000
2021-03-26,1.181,1.205,1.207,1.180,167066.000
2021-03-29,1.209,1.212,1.233,1.201,180869.000
2021-03-30,1.214,1.225,1.238,1.210,123660.000
2021-03-31,1.225,1.213,1.225,1.204,117603.000
2021-04-01,1.213,1.233,1.234,1.213,195492.000
2021-04-02,1.240,1.269,1.270,1.240,213448.000
2021-04-06,1.270,1.258,1.270,1.252,116025.000
2021-04-07,1.254,1.228,1.255,1.220,185025.000
2021-04-08,1.216,1.242,1.244,1.211,189108.000
2021-04-09,1.238,1.219,1.238,1.215,129466.000
2021-04-12,1.219,1.205,1.226,1.201,138052.000
2021-04-13,1.201,1.216,1.230,1.201,182106.000
2021-04-14,1.218,1.223,1.227,1.207,262411.000
2021-04-15,1.221,1.212,1.225,1.199,120570.000
2021-04-16,1.212,1.221,1.226,1.209,125699.000
2021-04-19,1.223,1.242,1.243,1.202,182472.000
2021-04-20,1.239,1.254,1.274,1.234,242001.000
2021-04-21,1.250,1.267,1.271,1.245,169115.000
2021-04-22,1.267,1.263,1.271,1.248,136533.000
2021-04-23,1.264,1.283,1.284,1.261,156696.000
2021-04-26,1.275,1.253,1.290,1.252,328571.000
2021-04-27,1.253,1.263,1.265,1.243,171685.000
2021-04-28,1.255,1.276,1.276,1.247,195445.000
2021-04-29,1.282,1.299,1.299,1.277,184086.000
2021-04-30,1.299,1.290,1.299,1.281,223023.000
2021-05-06,1.284,1.253,1.284,1.247,208981.000
2021-05-07,1.250,1.235,1.265,1.233,214539.000
2021-05-10,1.234,1.210,1.238,1.204,192102.000
2021-05-11,1.205,1.243,1.243,1.203,155246.000
2021-05-12,1.242,1.256,1.259,1.235,147940.000
2021-05-13,1.247,1.254,1.255,1.237,125933.000
2021-05-14,1.254,1.274,1.282,1.250,245405.000
2021-05-17,1.276,1.300,1.308,1.276,250662.000
2021-05-18,1.298,1.299,1.304,1.287,121333.000
2021-05-19,1.297,1.292,1.300,1.286,109751.000
2021-05-20,1.292,1.309,1.310,1.292,173742.000
2021-05-21,1.307,1.296,1.316,1.290,171715.000
2021-05-24,1.296,1.305,1.305,1.281,134982.000
2021-05-25,1.304,1.345,1.348,1.304,270288.000
2021-05-26,1.345,1.341,1.351,1.331,171166.000
2021-05-27,1.339,1.346,1.360,1.327,154799.000
2021-05-28,1.345,1.333,1.345,1.324,184316.000
2021-05-31,1.331,1.338,1.338,1.313,188483.000
2021-06-01,1.339,1.345,1.345,1.320,157475.000
2021-06-02,1.344,1.330,1.345,1.325,173214.000
2021-06-03,1.330,1.334,1.356,1.327,216434.000
2021-06-04,1.329,1.346,1.355,1.327,199466.000
2021-06-07,1.338,1.339,1.345,1.330,166801.000
2021-06-08,1.340,1.301,1.343,1.287,274733.000
2021-06-09,1.293,1.306,1.313,1.284,177062.000
2021-06-10,1.303,1.313,1.319,1.300,175575.000
2021-06-11,1.314,1.294,1.314,1.288,169272.000
2021-06-15,1.291,1.282,1.291,1.258,189526.000
2021-06-16,1.276,1.267,1.284,1.263,154554.000
2021-06-17,1.258,1.273,1.280,1.258,143149.000
2021-06-18,1.274,1.258,1.274,1.247,250313.000
2021-06-21,1.257,1.244,1.257,1.230,274892.000
2021-06-22,1.244,1.250,1.250,1.236,150872.000
2021-06-23,1.252,1.234,1.252,1.231,314751.000
2021-06-24,1.232,1.235,1.239,1.217,254986.000
2021-06-25,1.233,1.261,1.262,1.229,1423410.000
2021-06-28,1.265,1.279,1.279,1.262,748930.000
2021-06-29,1.280,1.260,1.280,1.254,809934.000
2021-06-30,1.261,1.261,1.272,1.253,619957.000
2021-07-01,1.264,1.272,1.275,1.245,960788.000
2021-07-02,1.264,1.232,1.264,1.231,1113041.000
2021-07-05,1.229,1.226,1.236,1.213,669287.000
2021-07-06,1.226,1.219,1.226,1.195,847763.000
2021-07-07,1.219,1.226,1.230,1.215,807830.000
2021-07-08,1.227,1.205,1.228,1.200,1426605.000
2021-07-09,1.202,1.181,1.203,1.170,890577.000
2021-07-12,1.182,1.188,1.194,1.161,913384.000
2021-07-13,1.191,1.216,1.218,1.190,1348300.000
2021-07-14,1.213,1.217,1.223,1.198,1292456.000
2021-07-15,1.216,1.233,1.235,1.212,913694.000
2021-07-16,1.232,1.214,1.235,1.209,794734.000
2021-07-19,1.215,1.211,1.215,1.190,818504.000
2021-07-20,1.199,1.213,1.214,1.199,452046.000
2021-07-21,1.213,1.207,1.223,1.199,1094831.000
2021-07-22,1.207,1.195,1.213,1.190,826062.000
2021-07-23,1.191,1.169,1.192,1.163,1678362.000
2021-07-26,1.160,1.105,1.161,1.097,1806482.000
2021-07-27,1.105,1.066,1.109,1.059,2125941.000
2021-07-28,1.058,1.065,1.075,1.030,1335634.000
2021-07-29,1.079,1.062,1.089,1.059,1184200.000
2021-07-30,1.056,1.032,1.056,1.021,1193116.000
2021-08-02,1.020,1.078,1.082,1.006,1915669.000
2021-08-03,1.074,1.094,1.095,1.060,1721272.000
2021-08-04,1.093,1.080,1.094,1.073,1258303.000
2021-08-05,1.055,1.069,1.088,1.051,1111716.000
2021-08-06,1.064,1.063,1.067,1.047,735784.000
2021-08-09,1.060,1.100,1.104,1.056,1641373.000
2021-08-10,1.102,1.142,1.143,1.085,3799005.000
2021-08-11,1.136,1.122,1.142,1.119,2143221.000
2021-08-12,1.112,1.099,1.127,1.097,1318245.000
2021-08-13,1.095,1.104,1.111,1.091,934961.000
2021-08-16,1.103,1.109,1.113,1.093,788659.000
2021-08-17,1.109,1.069,1.109,1.060,1566542.000
2021-08-18,1.058,1.066,1.075,1.050,1010633.000
2021-08-19,1.059,1.052,1.072,1.046,1512266.000
2021-08-20,1.033,1.008,1.034,0.997,2308560.000
2021-08-23,1.000,1.016,1.021,1.000,1341398.000
2021-08-24,1.015,1.032,1.038,1.010,1334288.000
2021-08-25,1.033,1.043,1.056,1.033,1152304.000
2021-08-26,1.043,1.016,1.047,1.016,1098322.000
2021-08-27,1.014,1.017,1.038,1.012,944149.000
2021-08-30,1.020,1.016,1.025,0.999,1401783.000
2021-08-31,1.009,1.004,1.024,0.996,1448384.000
2021-09-01,1.002,1.035,1.040,0.980,2306022.000
2021-09-02,1.034,1.016,1.035,1.011,1935312.000
2021-09-03,1.009,1.032,1.034,0.996,2154970.000
2021-09-06,1.030,1.058,1.064,1.020,2144636.000
2021-09-07,1.055,1.060,1.063,1.047,1688858.000
2021-09-08,1.061,1.046,1.062,1.043,2031284.000
2021-09-09,1.045,1.045,1.054,1.038,1234010.000
2021-09-10,1.045,1.060,1.063,1.042,2048860.000
2021-09-13,1.058,1.046,1.063,1.039,1818979.000
2021-09-14,1.044,1.033,1.058,1.033,1486194.000
2021-09-15,1.030,1.015,1.031,1.009,1933290.000
2021-09-16,1.010,1.031,1.037,1.005,2427485.000
2021-09-17,1.029,1.049,1.056,1.014,2644859.000
2021-09-22,1.037,1.024,1.037,1.019,1687377.000
2021-09-23,1.023,1.038,1.044,1.023,1398383.000
2021-09-24,1.038,1.070,1.075,1.036,3062951.000
2021-09-27,1.086,1.124,1.138,1.086,4145203.000
2021-09-28,1.119,1.114,1.119,1.086,2181901.000
2021-09-29,1.102,1.118,1.123,1.088,2447664.000
2021-09-30,1.116,1.121,1.134,1.112,2075109.000
2021-10-08,1.127,1.156,1.169,1.113,3285900.000
2021-10-11,1.168,1.160,1.182,1.148,2764064.000
2021-10-12,1.147,1.155,1.163,1.135,1928505.000
2021-10-13,1.155,1.180,1.193,1.149,2938867.000
2021-10-14,1.175,1.174,1.190,1.160,1966316.000
2021-10-15,1.160,1.165,1.186,1.153,1668146.000
2021-10-18,1.152,1.120,1.152,1.111,3201800.000
2021-10-19,1.114,1.157,1.158,1.113,2353072.000
2021-10-20,1.158,1.151,1.169,1.141,1379711.000
2021-10-21,1.150,1.151,1.160,1.140,1163397.000
2021-10-22,1.152,1.167,1.176,1.148,1742886.000
2021-10-25,1.171,1.169,1.177,1.156,1469661.000
2021-10-26,1.163,1.157,1.169,1.152,1384842.000
2021-10-27,1.149,1.144,1.154,1.137,1481027.000
2021-10-28,1.141,1.154,1.160,1.137,1359406.000
2021-10-29,1.160,1.176,1.178,1.158,1903785.000
2021-11-01,1.157,1.162,1.175,1.141,1603017.000
2021-11-02,1.160,1.169,1.176,1.152,1940891.000
2021-11-03,1.169,1.168,1.180,1.165,1649546.000
2021-11-04,1.171,1.203,1.207,1.168,3704810.000
2021-11-05,1.199,1.193,1.212,1.191,2562214.000
2021-11-08,1.193,1.186,1.196,1.182,1891201.000
2021-11-09,1.185,1.181,1.192,1.175,1362907.000
2021-11-10,1.180,1.159,1.181,1.149,2297955.000
2021-11-11,1.152,1.164,1.167,1.151,1356005.000
2021-11-12,1.168,1.156,1.170,1.156,1128097.000
2021-11-15,1.158,1.168,1.173,1.156,1839236.000
2021-11-16,1.175,1.186,1.192,1.169,2180696.000
2021-11-17,1.180,1.178,1.183,1.168,1262611.000
2021-11-18,1.176,1.174,1.179,1.165,1113833.000
2021-11-19,1.170,1.183,1.188,1.168,1383575.000
2021-11-22,1.180,1.181,1.195,1.179,1276702.000
2021-11-23,1.178,1.177,1.189,1.173,967072.000
2021-11-24,1.178,1.189,1.196,1.177,1612632.000
2021-11-25,1.189,1.185,1.199,1.180,1247372.000
2021-11-26,1.182,1.175,1.184,1.172,944071.000
2021-11-29,1.167,1.182,1.182,1.163,1470536.000
2021-11-30,1.183,1.163,1.184,1.156,1404030.000
2021-12-01,1.166,1.161,1.171,1.155,1797702.000
2021-12-02,1.163,1.166,1.173,1.161,980475.000
2021-12-03,1.167,1.200,1.200,1.167,2380175.000
2021-12-06,1.200,1.190,1.202,1.185,1420607.000
2021-12-07,1.189,1.195,1.201,1.185,1647400.000
2021-12-08,1.195,1.224,1.224,1.188,2108303.000
2021-12-09,1.224,1.241,1.257,1.222,3849269.000
2021-12-10,1.237,1.239,1.246,1.231,2148925.000
2021-12-13,1.249,1.241,1.266,1.241,1926406.000
2021-12-14,1.239,1.246,1.255,1.231,2116947.000
2021-12-15,1.241,1.222,1.242,1.221,1679731.000
2021-12-16,1.223,1.215,1.225,1.197,1910649.000
2021-12-17,1.213,1.191,1.213,1.191,1564909.000
2021-12-20,1.190,1.195,1.204,1.187,1600891.000
2021-12-21,1.196,1.196,1.199,1.184,1557737.000
2021-12-22,1.195,1.204,1.205,1.191,1264270.000
2021-12-23,1.206,1.224,1.225,1.199,1552055.000
2021-12-24,1.219,1.243,1.245,1.219,2531132.000
2021-12-27,1.245,1.240,1.250,1.228,1715420.000
2021-12-28,1.241,1.240,1.250,1.234,1423628.000
2021-12-29,1.240,1.198,1.243,1.196,2210074.000
2021-12-30,1.195,1.209,1.211,1.195,1548439.000
2021-12-31,1.210,1.206,1.210,1.195,1340127.000
2022-01-04,1.207,1.219,1.219,1.196,1588019.000
2022-01-05,1.218,1.219,1.230,1.212,1539846.000
2022-01-06,1.213,1.195,1.214,1.183,1624566.000
2022-01-07,1.188,1.179,1.197,1.176,1053424.000
2022-01-10,1.173,1.185,1.189,1.159,1017779.000
2022-01-11,1.183,1.163,1.186,1.160,980421.000
2022-01-12,1.163,1.173,1.175,1.160,1345454.000
2022-01-13,1.174,1.139,1.174,1.135,2235516.000
2022-01-14,1.136,1.128,1.146,1.125,1376054.000
2022-01-17,1.127,1.135,1.135,1.114,965035.000
2022-01-18,1.131,1.144,1.146,1.126,764503.000
2022-01-19,1.145,1.136,1.147,1.128,986037.000
2022-01-20,1.135,1.155,1.159,1.132,1827998.000
2022-01-21,1.152,1.157,1.164,1.143,1167154.000
2022-01-24,1.146,1.145,1.162,1.140,932700.000
2022-01-25,1.142,1.121,1.147,1.120,913169.000
2022-01-26,1.120,1.135,1.135,1.111,1288184.000
2022-01-27,1.133,1.111,1.144,1.111,1347139.000
2022-01-28,1.114,1.104,1.125,1.101,1082346.000
2022-02-07,1.111,1.107,1.120,1.099,975971.000
2022-02-08,1.107,1.093,1.107,1.071,1356095.000
2022-02-09,1.091,1.125,1.131,1.089,3245198.000
2022-02-10,1.129,1.136,1.139,1.124,1348242.000
2022-02-11,1.130,1.127,1.146,1.125,880560.000
2022-02-14,1.120,1.130,1.138,1.119,787587.000
2022-02-15,1.129,1.142,1.144,1.129,856038.000
2022-02-16,1.142,1.141,1.144,1.132,811205.000
2022-02-17,1.140,1.140,1.144,1.133,603572.000
2022-02-18,1.135,1.147,1.147,1.129,1082815.000
2022-02-21,1.148,1.148,1.155,1.140,677407.000
2022-02-22,1.141,1.125,1.141,1.117,721264.000
2022-02-23,1.125,1.124,1.131,1.116,712166.000
2022-02-24,1.115,1.095,1.121,1.084,1201997.000
2022-02-25,1.095,1.102,1.112,1.095,659480.000
2022-02-28,1.096,1.103,1.103,1.087,749360.000
2022-03-01,1.105,1.135,1.135,1.105,1372860.000
2022-03-02,1.126,1.123,1.128,1.115,1171114.000
2022-03-03,1.124,1.101,1.125,1.100,1036230.000
2022-03-04,1.095,1.097,1.105,1.089,650587.000
2022-03-07,1.086,1.056,1.093,1.046,1290975.000
2022-03-08,1.060,1.030,1.072,1.029,3149867.000
2022-03-09,1.031,1.030,1.048,0.992,1897230.000
2022-03-10,1.046,1.048,1.055,1.043,1308274.000
2022-03-11,1.030,1.054,1.057,1.028,1003520.000
2022-03-14,1.044,1.010,1.044,1.008,1334390.000
2022-03-15,0.996,0.960,1.000,0.957,1893373.000
2022-03-16,0.970,0.981,0.990,0.933,1217030.000
2022-03-17,0.988,1.016,1.029,0.988,1001990.000
2022-03-18,1.011,1.019,1.025,1.004,566026.000
2022-03-21,1.019,1.022,1.029,1.010,989880.000
2022-03-22,1.014,1.019,1.027,1.013,748994.000
2022-03-23,1.024,1.022,1.030,1.015,1081482.000
2022-03-24,1.016,1.013,1.018,1.005,1272118.000
2022-03-25,1.007,0.995,1.018,0.992,953881.000
2022-03-28,0.980,0.980,0.983,0.963,1528427.000
2022-03-29,0.979,0.977,0.989,0.975,1050756.000
2022-03-30,0.982,1.006,1.009,0.982,831102.000
2022-03-31,1.003,1.003,1.012,0.998,680011.000
2022-04-01,0.999,1.016,1.028,0.997,660639.000
2022-04-06,1.012,1.012,1.018,0.999,813676.000
2022-04-07,1.003,0.995,1.012,0.990,773836.000
2022-04-08,0.993,0.990,0.999,0.984,646770.000
2022-04-11,0.984,0.974,0.985,0.967,727784.000
2022-04-12,0.970,1.008,1.013,0.970,1283758.000
2022-04-13,1.003,1.002,1.013,0.998,1900294.000
2022-04-14,1.010,1.035,1.047,1.000,2304572.000
2022-04-15,1.029,1.036,1.044,1.023,1982751.000
2022-04-18,1.025,1.040,1.040,1.022,1287426.000
2022-04-19,1.043,1.039,1.054,1.031,882959.000
2022-04-20,1.040,1.045,1.061,1.027,2647213.000
2022-04-21,1.033,1.023,1.049,1.016,1794455.000
2022-04-22,1.018,1.021,1.029,1.000,1448186.000
2022-04-25,1.001,0.981,1.019,0.979,2467337.000
2022-04-26,0.983,0.986,1.008,0.979,3238655.000
2022-04-27,0.981,1.010,1.012,0.981,3095440.000
2022-04-28,1.008,1.012,1.019,1.001,1430512.000
2022-04-29,1.019,1.014,1.026,1.002,3211633.000
2022-05-05,1.014,1.016,1.033,1.011,2770474.000
2022-05-06,1.000,0.988,1.000,0.981,3236530.000
2022-05-09,0.981,0.982,0.988,0.970,1082795.000
2022-05-10,0.972,0.992,0.995,0.963,1393902.000
2022-05-11,0.993,0.995,1.008,0.990,1107644.000
2022-05-12,0.989,1.000,1.009,0.989,1066917.000
2022-05-13,1.001,0.998,1.009,0.988,879253.000
2022-05-16,1.000,0.990,1.004,0.984,1674572.000
2022-05-17,0.988,0.992,0.994,0.985,1501899.000
2022-05-18,0.993,0.988,0.993,0.975,1253312.000
2022-05-19,0.975,0.977,0.980,0.970,1271594.000
2022-05-20,0.977,1.002,1.003,0.977,1827833.000
2022-05-23,1.002,0.995,1.004,0.992,1196525.000
2022-05-24,0.998,0.986,0.998,0.977,1360321.000
2022-05-25,0.980,0.983,0.984,0.972,1315828.000
2022-05-26,0.985,0.982,0.989,0.971,1721738.000
2022-05-27,0.985,0.984,0.998,0.977,1503946.000
2022-05-30,0.985,0.998,1.005,0.985,1612671.000
2022-05-31,0.998,1.025,1.034,0.995,3219381.000
2022-06-01,1.026,1.021,1.030,1.014,1731277.000
2022-06-02,1.015,1.014,1.018,1.009,1380282.000
2022-06-06,1.013,1.023,1.023,0.996,2467043.000
2022-06-07,1.022,1.034,1.044,1.016,2457887.000
2022-06-08,1.036,1.049,1.060,1.032,2805094.000
2022-06-09,1.047,1.039,1.056,1.036,1950101.000
2022-06-10,1.034,1.049,1.053,1.030,1653856.000
2022-06-13,1.037,1.042,1.046,1.030,1757025.000
2022-06-14,1.029,1.051,1.057,1.028,2039350.000
2022-06-15,1.058,1.058,1.080,1.049,2433515.000
2022-06-16,1.063,1.070,1.080,1.062,1836944.000
2022-06-17,1.064,1.082,1.084,1.060,2389642.000
2022-06-20,1.090,1.095,1.104,1.080,1701995.000
2022-06-21,1.094,1.093,1.102,1.080,1957700.000
2022-06-22,1.092,1.080,1.094,1.080,1679055.000
2022-06-23,1.083,1.091,1.092,1.075,1711135.000
2022-06-24,1.092,1.104,1.110,1.089,1360933.000
2022-06-27,1.114,1.136,1.147,1.111,3431001.000
2022-06-28,1.136,1.141,1.145,1.132,2227920.000
2022-06-29,1.143,1.120,1.143,1.117,2242635.000
2022-06-30,1.126,1.156,1.165,1.125,2917137.000
2022-07-01,1.160,1.148,1.160,1.138,3110121.000
2022-07-04,1.148,1.163,1.165,1.137,2141268.000
2022-07-05,1.164,1.161,1.172,1.141,1677422.000
2022-07-06,1.151,1.130,1.152,1.123,2815224.000
2022-07-07,1.128,1.130,1.138,1.114,1636781.000
2022-07-08,1.135,1.133,1.143,1.127,1476154.000
2022-07-11,1.130,1.122,1.130,1.110,2219785.000
2022-07-12,1.116,1.109,1.128,1.102,2051785.000
2022-07-13,1.111,1.114,1.121,1.105,1293861.000
2022-07-14,1.114,1.107,1.118,1.102,1665919.000
2022-07-15,1.107,1.103,1.128,1.099,1382950.000
2022-07-18,1.101,1.101,1.106,1.079,1734071.000
2022-07-19,1.100,1.102,1.104,1.085,1599963.000
2022-07-20,1.107,1.103,1.114,1.101,1499325.000
2022-07-21,1.103,1.095,1.108,1.094,1843722.000
2022-07-22,1.095,1.093,1.104,1.083,1394268.000
2022-07-25,1.093,1.097,1.098,1.080,1529159.000
2022-07-26,1.100,1.106,1.111,1.097,1163948.000
2022-07-27,1.104,1.093,1.104,1.092,1778350.000
2022-07-28,1.096,1.090,1.106,1.090,1360536.000
2022-07-29,1.086,1.070,1.092,1.066,2266837.000
2022-08-01,1.070,1.077,1.084,1.067,1600778.000
2022-08-02,1.069,1.064,1.077,1.058,1608242.000
2022-08-03,1.064,1.055,1.075,1.054,1524864.000
2022-08-04,1.058,1.068,1.074,1.057,1692478.000
2022-08-05,1.073,1.083,1.084,1.068,1331841.000
2022-08-08,1.080,1.076,1.087,1.073,1254682.000
2022-08-09,1.073,1.069,1.073,1.061,975663.000
2022-08-10,1.063,1.049,1.069,1.042,1919413.000
2022-08-11,1.052,1.068,1.068,1.049,1902486.000
2022-08-12,1.065,1.074,1.078,1.062,1452378.000
2022-08-15,1.068,1.065,1.076,1.061,1111434.000
2022-08-16,1.067,1.064,1.068,1.058,1266868.000
2022-08-17,1.066,1.070,1.074,1.055,1366733.000
2022-08-18,1.068,1.052,1.068,1.050,1163701.000
2022-08-19,1.052,1.059,1.068,1.048,1198268.000
2022-08-22,1.058,1.064,1.069,1.055,883778.000
2022-08-23,1.064,1.054,1.069,1.053,1243691.000
2022-08-24,1.056,1.048,1.061,1.048,1818645.000
2022-08-25,1.050,1.069,1.069,1.050,1505052.000
2022-08-26,1.070,1.080,1.092,1.070,1876771.000
2022-08-29,1.080,1.069,1.090,1.068,2406647.000
2022-08-30,1.070,1.070,1.072,1.055,1238026.000
2022-08-31,1.066,1.081,1.090,1.064,2074716.000
2022-09-01,1.078,1.063,1.078,1.062,2115971.000
2022-09-02,1.063,1.054,1.066,1.047,1414720.000
2022-09-05,1.051,1.037,1.051,1.028,1370410.000
2022-09-06,1.034,1.042,1.044,1.033,1011515.000
2022-09-07,1.035,1.028,1.036,1.023,1356798.000
2022-09-08,1.028,1.025,1.038,1.024,990723.000
2022-09-09,1.025,1.036,1.038,1.021,1412766.000
2022-09-13,1.039,1.050,1.058,1.037,1424704.000
2022-09-14,1.042,1.045,1.051,1.040,1610534.000
2022-09-15,1.046,1.043,1.056,1.038,1930683.000
2022-09-16,1.045,1.024,1.048,1.024,1625304.000
2022-09-19,1.025,1.035,1.046,1.020,1814588.000
2022-09-20,1.038,1.040,1.044,1.028,997514.000
2022-09-21,1.038,1.025,1.040,1.024,993645.000
2022-09-22,1.020,1.010,1.023,1.010,981917.000
2022-09-23,1.009,1.013,1.020,1.002,1056035.000
2022-09-26,1.005,1.016,1.030,1.004,1119624.000
2022-09-27,1.020,1.052,1.053,1.014,2331000.000
2022-09-28,1.051,1.046,1.060,1.045,1984165.000
2022-09-29,1.055,1.045,1.063,1.039,1989085.000
2022-09-30,1.043,1.042,1.056,1.040,2098222.000
2022-10-10,1.041,1.011,1.043,1.009,2277714.000
2022-10-11,1.010,1.013,1.017,0.998,2168850.000
2022-10-12,1.015,1.012,1.015,0.984,2106671.000
2022-10-13,1.008,1.008,1.018,0.998,1332396.000
2022-10-14,1.015,1.022,1.028,1.010,1257104.000
2022-10-17,1.020,1.018,1.021,1.006,1305157.000
2022-10-18,1.018,1.010,1.027,1.006,1621126.000
2022-10-19,1.005,0.982,1.008,0.979,2129202.000
2022-10-20,0.974,0.978,0.995,0.968,1503598.000
2022-10-21,0.976,0.967,0.976,0.960,1185052.000
2022-10-24,0.960,0.923,0.960,0.916,2733585.000
2022-10-25,0.914,0.920,0.931,0.912,1523202.000
2022-10-26,0.925,0.911,0.934,0.908,2278135.000
2022-10-27,0.907,0.887,0.914,0.884,1993570.000
2022-10-28,0.880,0.864,0.883,0.860,1618730.000
2022-10-31,0.852,0.856,0.865,0.842,1340663.000
2022-11-01,0.855,0.904,0.907,0.855,3061986.000
2022-11-02,0.901,0.916,0.931,0.895,3663184.000
2022-11-03,0.906,0.906,0.910,0.899,1216175.000
2022-11-04,0.902,0.943,0.950,0.902,2683091.000
2022-11-07,0.936,0.948,0.953,0.930,2034331.000
2022-11-08,0.945,0.932,0.954,0.927,1422690.000
2022-11-09,0.932,0.919,0.936,0.917,2094874.000
2022-11-10,0.913,0.928,0.933,0.912,2030207.000
2022-11-11,0.955,0.953,0.961,0.937,2612534.000
2022-11-14,0.954,0.945,0.968,0.942,1505163.000
2022-11-15,0.945,0.961,0.969,0.939,1542022.000
2022-11-16,0.962,0.960,0.973,0.956,1962911.000
2022-11-17,0.960,0.959,0.965,0.949,1129302.000
2022-11-18,0.960,0.954,0.964,0.953,1806654.000
2022-11-21,0.946,0.938,0.946,0.927,1739456.000
2022-11-22,0.935,0.936,0.950,0.932,1312097.000
2022-11-23,0.935,0.929,0.936,0.925,1553958.000
2022-11-24,0.935,0.923,0.938,0.921,1060460.000
2022-11-25,0.923,0.923,0.928,0.915,1236206.000
2022-11-28,0.909,0.924,0.926,0.894,2153631.000
2022-11-29,0.930,0.953,0.960,0.930,2686652.000
2022-11-30,0.953,0.955,0.963,0.947,2516625.000
2022-12-01,0.983,0.982,0.998,0.975,3808600.000
2022-12-02,0.982,0.987,0.994,0.978,1772130.000
2022-12-05,1.001,1.003,1.007,0.994,2750928.000
2022-12-06,0.999,1.021,1.040,0.996,2447756.000
2022-12-07,1.021,1.026,1.043,1.014,4922089.000
2022-12-08,1.026,1.018,1.026,1.014,2122178.000
2022-12-09,1.020,1.040,1.042,1.009,2813302.000
2022-12-12,1.040,1.025,1.043,1.024,1702443.000
2022-12-13,1.024,1.039,1.042,1.020,2078398.000
2022-12-14,1.040,1.059,1.060,1.031,2241377.000
2022-12-15,1.064,1.045,1.066,1.043,1880834.000
2022-12-16,1.040,1.049,1.051,1.037,1371753.000
2022-12-19,1.049,1.036,1.055,1.031,1779148.000
2022-12-20,1.032,1.002,1.033,0.996,2343175.000
2022-12-21,1.002,1.012,1.021,1.002,3010572.000
2022-12-22,1.022,1.033,1.046,1.019,2111054.000
2022-12-23,1.031,1.036,1.046,1.021,1532119.000
2022-12-26,1.037,1.026,1.044,1.024,1484486.000
2022-12-27,1.036,1.046,1.050,1.030,2125144.000
2022-12-28,1.044,1.041,1.045,1.035,1348534.000
2022-12-29,1.031,1.028,1.035,1.024,1537519.000
2022-12-30,1.035,1.044,1.045,1.031,1915598.000
2023-01-03,1.044,1.025,1.044,1.017,3016107.000
2023-01-04,1.026,1.024,1.032,1.018,1703134.000
2023-01-05,1.027,1.058,1.062,1.027,3446977.000
2023-01-06,1.060,1.058,1.062,1.047,2442990.000
2023-01-09,1.060,1.074,1.077,1.052,2284075.000
2023-01-10,1.075,1.079,1.084,1.067,2664453.000
2023-01-11,1.074,1.074,1.082,1.066,2319099.000
2023-01-12,1.077,1.068,1.079,1.064,2250969.000
2023-01-13,1.069,1.097,1.097,1.068,2979276.000
2023-01-16,1.097,1.119,1.133,1.097,3994990.000
2023-01-17,1.117,1.107,1.125,1.103,4292208.000
2023-01-18,1.111,1.097,1.120,1.095,2270535.000
2023-01-19,1.095,1.093,1.098,1.083,2149822.000
2023-01-20,1.100,1.091,1.108,1.090,2061319.000
2023-01-30,1.112,1.102,1.115,1.098,3097254.000
2023-01-31,1.103,1.083,1.112,1.080,2540980.000
2023-02-01,1.085,1.092,1.093,1.072,1679813.000
2023-02-02,1.092,1.097,1.102,1.083,1942118.000
2023-02-03,1.090,1.086,1.090,1.075,2385072.000
2023-02-06,1.070,1.067,1.074,1.054,4361806.000
2023-02-07,1.067,1.068,1.076,1.063,3764600.000
2023-02-08,1.070,1.059,1.072,1.056,1437313.000
2023-02-09,1.056,1.078,1.081,1.056,2034776.000
2023-02-10,1.082,1.080,1.087,1.073,1630795.000
2023-02-13,1.079,1.104,1.110,1.078,2162232.000
2023-02-14,1.111,1.100,1.111,1.097,1526910.000
2023-02-15,1.101,1.093,1.107,1.090,1972679.000
2023-02-16,1.091,1.091,1.110,1.084,2147043.000
2023-02-17,1.091,1.085,1.108,1.085,2355753.000
2023-02-20,1.084,1.104,1.106,1.076,2427237.000
2023-02-21,1.104,1.098,1.107,1.093,2180092.000
2023-02-22,1.099,1.101,1.109,1.092,1794243.000
2023-02-23,1.101,1.090,1.105,1.084,1331017.000
2023-02-24,1.088,1.079,1.089,1.072,1960141.000
2023-02-27,1.072,1.086,1.090,1.070,1658648.000
2023-02-28,1.087,1.089,1.094,1.078,1328064.000
2023-03-01,1.090,1.098,1.099,1.081,1371934.000
2023-03-02,1.097,1.093,1.098,1.090,1013397.000
2023-03-03,1.096,1.089,1.103,1.082,1768670.000
2023-03-06,1.090,1.085,1.093,1.077,1593067.000
2023-03-07,1.083,1.062,1.085,1.061,1877961.000
2023-03-08,1.061,1.054,1.064,1.050,1889197.000
2023-03-09,1.053,1.050,1.059,1.039,1152144.000
2023-03-10,1.044,1.034,1.050,1.034,1850297.000
2023-03-13,1.032,1.054,1.054,1.032,1439382.000
2023-03-14,1.053,1.053,1.058,1.044,1446322.000
2023-03-15,1.058,1.046,1.063,1.044,1212693.000
2023-03-16,1.040,1.035,1.052,1.035,1406201.000
2023-03-17,1.044,1.028,1.048,1.023,1690831.000
2023-03-20,1.028,1.013,1.030,1.008,2044496.000
2023-03-21,1.016,1.033,1.038,1.012,1527072.000
2023-03-22,1.037,1.033,1.045,1.030,1475984.000
2023-03-23,1.028,1.039,1.045,1.028,1631355.000
2023-03-24,1.039,1.038,1.047,1.034,1445421.000
2023-03-27,1.038,1.035,1.040,1.029,1206295.000
2023-03-28,1.037,1.049,1.053,1.034,1475108.000
2023-03-29,1.052,1.051,1.056,1.044,1254668.000
2023-03-30,1.050,1.062,1.065,1.047,1251224.000
2023-03-31,1.068,1.066,1.082,1.063,1587726.000
2023-04-03,1.066,1.064,1.072,1.059,1356448.000
2023-04-04,1.068,1.074,1.076,1.061,2606168.000
2023-04-06,1.067,1.058,1.075,1.054,1408593.000
2023-04-07,1.058,1.052,1.063,1.048,2713355.000
2023-04-10,1.051,1.041,1.051,1.028,1766555.000
2023-04-11,1.040,1.029,1.042,1.026,1290629.000
2023-04-12,1.029,1.010,1.033,1.004,2285300.000
2023-04-13,1.006,1.011,1.015,1.000,1389174.000
2023-04-14,1.012,1.003,1.015,1.001,1275176.000
2023-04-17,1.004,1.012,1.017,1.004,1390315.000
2023-04-18,1.014,1.019,1.022,1.012,1958173.000
2023-04-19,1.025,1.010,1.025,1.007,1832131.000
2023-04-20,1.010,0.999,1.011,0.996,1832201.000
2023-04-21,0.997,0.994,1.007,0.992,1351415.000
2023-04-24,0.992,0.976,0.993,0.971,1703512.000
2023-04-25,0.975,0.987,0.987,0.972,1702533.000
2023-04-26,0.986,0.984,0.988,0.975,1787283.000
2023-04-27,0.984,0.991,0.996,0.978,1234785.000
2023-04-28,0.994,1.002,1.007,0.994,4951603.000
2023-05-04,1.002,0.989,1.010,0.989,1569801.000
2023-05-05,0.992,0.995,0.996,0.984,1354369.000
2023-05-08,0.995,0.987,1.000,0.984,1485151.000
2023-05-09,0.983,0.987,0.997,0.977,1558645.000
2023-05-10,0.984,0.981,0.986,0.977,1989755.000
2023-05-11,0.981,0.978,0.989,0.976,816301.000
2023-05-12,0.977,0.971,0.986,0.971,1103983.000
2023-05-15,0.970,0.977,0.977,0.964,1096162.000
2023-05-16,0.980,0.971,0.980,0.967,1034063.000
2023-05-17,0.969,0.961,0.970,0.958,1353285.000
2023-05-18,0.960,0.951,0.965,0.948,1635637.000
2023-05-19,0.949,0.960,0.961,0.940,1296766.000
2023-05-22,0.959,0.978,0.982,0.950,2321726.000
2023-05-23,0.977,0.967,0.981,0.967,1297423.000
2023-05-24,0.966,0.954,0.966,0.954,1132945.000
2023-05-25,0.952,0.946,0.952,0.940,1289853.000
2023-05-26,0.946,0.945,0.953,0.938,1762800.000
2023-05-29,0.945,0.938,0.950,0.930,1991871.000
2023-05-30,0.936,0.928,0.938,0.918,1622075.000
2023-05-31,0.925,0.912,0.926,0.906,1659039.000
2023-06-01,0.909,0.917,0.931,0.906,1731230.000
2023-06-02,0.919,0.933,0.935,0.914,1824133.000
2023-06-05,0.931,0.921,0.933,0.915,1890579.000
2023-06-06,0.918,0.918,0.929,0.913,1065577.000
2023-06-07,0.919,0.910,0.923,0.906,1336617.000
2023-06-08,0.906,0.919,0.923,0.906,1519236.000
2023-06-09,0.919,0.917,0.922,0.914,1277560.000
2023-06-12,0.914,0.937,0.943,0.913,1555372.000
2023-06-13,0.939,0.941,0.948,0.933,3351413.000
2023-06-14,0.944,0.955,0.961,0.942,2143780.000
2023-06-15,0.959,0.970,0.970,0.954,1770486.000
2023-06-16,0.975,0.974,0.981,0.967,3777700.000
2023-06-19,0.974,0.962,0.979,0.956,2475399.000
2023-06-20,0.958,0.952,0.964,0.951,1836657.000
2023-06-21,0.953,0.941,0.955,0.941,4027895.000
2023-06-26,0.938,0.927,0.938,0.920,1711716.000
2023-06-27,0.928,0.932,0.936,0.921,1821073.000
2023-06-28,0.930,0.935,0.939,0.926,1643200.000
2023-06-29,0.934,0.925,0.936,0.923,1682862.000
2023-06-30,0.926,0.926,0.932,0.921,1962238.000
2023-07-03,0.926,0.944,0.944,0.921,2591414.000
2023-07-04,0.943,0.948,0.948,0.934,1117112.000
2023-07-05,0.948,0.930,0.948,0.928,1617547.000
2023-07-06,0.929,0.924,0.936,0.921,1112295.000
2023-07-07,0.922,0.926,0.929,0.917,1392357.000
2023-07-10,0.930,0.929,0.936,0.924,1141436.000
2023-07-11,0.933,0.927,0.933,0.922,1226160.000
2023-07-12,0.928,0.929,0.934,0.925,1119757.000
2023-07-13,0.934,0.952,0.954,0.933,1877520.000
2023-07-14,0.955,0.946,0.956,0.943,1110466.000
2023-07-17,0.946,0.943,0.946,0.935,1189997.000
2023-07-18,0.940,0.935,0.942,0.935,1626816.000
2023-07-19,0.934,0.934,0.939,0.930,1741520.000
2023-07-20,0.937,0.934,0.947,0.932,2082692.000
2023-07-21,0.936,0.952,0.957,0.934,3022908.000
2023-07-24,0.949,0.938,0.949,0.935,2245620.000
2023-07-25,0.954,0.969,0.970,0.954,4035994.000
2023-07-26,0.966,0.968,0.971,0.962,2489922.000
2023-07-27,0.970,0.974,0.983,0.965,2757068.000
2023-07-28,0.973,0.993,0.996,0.969,3229075.000
2023-07-31,1.001,1.000,1.022,0.994,3819510.000
2023-08-01,1.000,0.987,1.004,0.983,4714962.000
2023-08-02,0.985,0.982,0.992,0.976,2384846.000
2023-08-03,0.980,0.988,0.989,0.974,1864299.000
2023-08-04,0.999,0.987,1.006,0.985,2331955.000
2023-08-07,0.986,0.979,0.987,0.974,1855944.000
2023-08-08,0.978,0.979,0.982,0.969,2138384.000
2023-08-09,0.976,0.977,0.980,0.973,1744615.000
2023-08-10,0.978,0.976,0.979,0.969,1511501.000
2023-08-11,0.978,0.957,0.979,0.956,2067464.000
2023-08-14,0.950,0.946,0.952,0.933,1984933.000
2023-08-15,0.944,0.942,0.947,0.935,1356547.000
2023-08-16,0.938,0.938,0.946,0.936,1377850.000
2023-08-17,0.936,0.954,0.955,0.931,1839898.000
2023-08-18,0.951,0.934,0.953,0.934,1383891.000
2023-08-21,0.931,0.927,0.940,0.925,1633516.000
2023-08-22,0.930,0.925,0.934,0.914,1447666.000
2023-08-23,0.923,0.912,0.927,0.912,1313433.000
2023-08-24,0.914,0.929,0.933,0.910,1513150.000
2023-08-25,0.925,0.929,0.934,0.925,1624996.000
2023-08-28,0.970,0.929,0.975,0.924,2266199.000
2023-08-29,0.928,0.941,0.944,0.920,1920490.000
2023-08-30,0.939,0.938,0.946,0.935,1723139.000
2023-08-31,0.935,0.933,0.936,0.929,1479566.000
2023-09-01,0.938,0.944,0.947,0.937,2524341.000
2023-09-04,0.949,0.962,0.964,0.947,2423328.000
2023-09-05,0.963,0.953,0.963,0.950,1476260.000
2023-09-06,0.952,0.950,0.953,0.945,1250205.000
2023-09-07,0.949,0.939,0.949,0.935,1874023.000
2023-09-08,0.936,0.932,0.939,0.927,1677266.000
2023-09-11,0.932,0.941,0.945,0.929,1226188.000
2023-09-12,0.941,0.942,0.946,0.937,1386208.000
2023-09-13,0.942,0.939,0.950,0.935,1944462.000
2023-09-14,0.941,0.937,0.944,0.931,1015983.000
2023-09-15,0.938,0.929,0.942,0.926,2068542.000
2023-09-18,0.927,0.935,0.937,0.921,1530557.000
2023-09-19,0.935,0.933,0.936,0.926,929881.000
2023-09-20,0.932,0.931,0.936,0.928,917904.000
2023-09-21,0.929,0.914,0.930,0.914,1763292.000
2023-09-22,0.914,0.932,0.933,0.912,1588437.000
2023-09-25,0.933,0.927,0.933,0.925,1442152.000
2023-09-26,0.928,0.921,0.931,0.920,1280786.000
2023-09-27,0.919,0.924,0.931,0.919,1560008.000
2023-09-28,0.925,0.911,0.927,0.909,1638965.000
2023-10-09,0.910,0.904,0.910,0.893,1266784.000
2023-10-10,0.904,0.900,0.915,0.898,1185402.000
2023-10-11,0.904,0.901,0.908,0.899,1633510.000
2023-10-12,0.905,0.905,0.910,0.900,1241647.000
2023-10-13,0.901,0.888,0.901,0.885,1800795.000
2023-10-16,0.888,0.875,0.889,0.874,1470467.000
2023-10-17,0.876,0.880,0.881,0.870,1069454.000
2023-10-18,0.878,0.877,0.887,0.875,1330664.000
2023-10-19,0.875,0.850,0.875,0.848,2168997.000
2023-10-20,0.847,0.844,0.855,0.841,1363408.000
2023-10-23,0.843,0.842,0.855,0.836,1826640.000
2023-10-24,0.844,0.847,0.851,0.836,1326442.000
2023-10-25,0.858,0.864,0.872,0.858,1618224.000
2023-10-26,0.862,0.872,0.873,0.860,1453199.000
2023-10-27,0.871,0.890,0.894,0.868,1420368.000
2023-10-30,0.891,0.901,0.905,0.889,3358759.000
2023-10-31,0.902,0.905,0.906,0.897,1736346.000
2023-11-01,0.929,0.914,0.935,0.912,2979237.000
2023-11-02,0.911,0.905,0.918,0.904,1331756.000
2023-11-03,0.903,0.913,0.915,0.900,2153468.000
2023-11-06,0.917,0.912,0.919,0.905,2012618.000
2023-11-07,0.910,0.908,0.912,0.903,1133499.000
2023-11-08,0.907,0.906,0.911,0.900,1156957.000
2023-11-09,0.905,0.906,0.910,0.902,1020539.000
2023-11-10,0.905,0.899,0.905,0.896,1102512.000
2023-11-13,0.900,0.895,0.902,0.888,1629335.000
2023-11-14,0.894,0.896,0.902,0.891,957501.000
2023-11-15,0.900,0.901,0.903,0.897,1149026.000
2023-11-16,0.900,0.891,0.902,0.890,819635.000
2023-11-17,0.890,0.888,0.892,0.882,908647.000
2023-11-20,0.888,0.893,0.897,0.882,1202966.000
2023-11-21,0.895,0.904,0.908,0.892,1413681.000
2023-11-22,0.902,0.898,0.904,0.897,1254936.000
2023-11-23,0.897,0.898,0.899,0.891,967863.000
2023-11-24,0.898,0.899,0.901,0.895,1106873.000
2023-11-27,0.899,0.892,0.899,0.885,1837916.000
2023-11-28,0.890,0.889,0.894,0.886,784827.000
2023-11-29,0.889,0.887,0.890,0.881,1053759.000
2023-11-30,0.887,0.892,0.894,0.884,1139525.000
2023-12-01,0.892,0.879,0.893,0.875,1120468.000
2023-12-04,0.879,0.874,0.879,0.871,839885.000
2023-12-05,0.872,0.857,0.873,0.857,1351515.000
2023-12-06,0.856,0.865,0.869,0.853,1069850.000
2023-12-07,0.865,0.860,0.865,0.854,1173868.000
2023-12-08,0.861,0.861,0.866,0.858,1161839.000
2023-12-11,0.856,0.856,0.858,0.837,1836225.000
2023-12-12,0.855,0.859,0.859,0.850,806521.000
2023-12-13,0.860,0.834,0.860,0.833,1455922.000
2023-12-14,0.835,0.823,0.840,0.822,1316936.000
2023-12-15,0.824,0.826,0.837,0.822,1797776.000
2023-12-18,0.824,0.823,0.827,0.816,1196772.000
2023-12-19,0.823,0.821,0.825,0.816,939260.000
2023-12-20,0.823,0.811,0.824,0.811,1022809.000
2023-12-21,0.811,0.822,0.824,0.808,1232036.000
2023-12-22,0.822,0.824,0.829,0.816,1187301.000
2023-12-25,0.825,0.830,0.830,0.822,815662.000
2023-12-26,0.830,0.825,0.831,0.820,1408802.000
2023-12-27,0.825,0.830,0.833,0.821,1089693.000
2023-12-28,0.831,0.855,0.859,0.830,1602129.000
2023-12-29,0.855,0.853,0.860,0.848,1313793.000
2024-01-02,0.850,0.839,0.853,0.838,934086.000
2024-01-03,0.837,0.834,0.844,0.829,1123533.000
2024-01-04,0.834,0.819,0.834,0.816,1548516.000
2024-01-05,0.819,0.814,0.825,0.811,1041437.000
2024-01-08,0.814,0.800,0.816,0.800,1379878.000
2024-01-09,0.802,0.802,0.806,0.795,1236930.000
2024-01-10,0.801,0.805,0.812,0.795,1332941.000
2024-01-11,0.803,0.810,0.814,0.800,1008062.000
2024-01-12,0.809,0.806,0.815,0.803,1097886.000
2024-01-15,0.807,0.802,0.811,0.800,800925.000
2024-01-16,0.800,0.805,0.807,0.797,1086064.000
2024-01-17,0.803,0.784,0.804,0.784,1327561.000
2024-01-18,0.783,0.795,0.795,0.770,1789639.000
2024-01-19,0.794,0.795,0.800,0.788,1006794.000
2024-01-22,0.797,0.777,0.797,0.773,1421656.000
2024-01-23,0.777,0.778,0.785,0.770,1544420.000
2024-01-24,0.779,0.784,0.785,0.764,1299195.000
2024-01-25,0.785,0.795,0.796,0.778,1368826.000
2024-01-26,0.800,0.793,0.800,0.788,1006661.000
2024-01-29,0.793,0.798,0.809,0.792,1155056.000
2024-01-30,0.795,0.778,0.795,0.777,1013657.000
2024-01-31,0.777,0.771,0.780,0.766,1093621.000
2024-02-01,0.770,0.774,0.778,0.764,891415.000
2024-02-02,0.772,0.774,0.788,0.752,1925000.000
2024-02-05,0.772,0.779,0.787,0.754,2493461.000
2024-02-06,0.778,0.810,0.811,0.774,1661094.000
2024-02-07,0.811,0.828,0.828,0.803,1928409.000
2024-02-08,0.829,0.825,0.837,0.816,1409947.000
2024-02-19,0.833,0.827,0.836,0.817,1274396.000
2024-02-20,0.822,0.821,0.826,0.816,685314.000
2024-02-21,0.820,0.846,0.855,0.816,1651429.000
2024-02-22,0.845,0.848,0.850,0.839,960817.000
2024-02-23,0.849,0.849,0.857,0.843,1011181.000
2024-02-26,0.851,0.840,0.853,0.838,864614.000
2024-02-27,0.838,0.842,0.843,0.835,773058.000
2024-02-28,0.843,0.834,0.850,0.834,1391974.000
2024-02-29,0.835,0.848,0.849,0.832,1212918.000
2024-03-01,0.849,0.846,0.851,0.839,1212543.000
2024-03-04,0.846,0.841,0.846,0.836,1087731.000
2024-03-05,0.839,0.854,0.855,0.837,1163277.000
2024-03-06,0.851,0.843,0.852,0.840,1199064.000
2024-03-07,0.843,0.840,0.849,0.839,884225.000
2024-03-08,0.838,0.834,0.843,0.830,999886.000
2024-03-11,0.836,0.852,0.852,0.834,1178153.000
2024-03-12,0.852,0.875,0.878,0.850,1543213.000
2024-03-13,0.878,0.867,0.878,0.862,761677.000
2024-03-14,0.862,0.864,0.874,0.860,863570.000
2024-03-15,0.863,0.867,0.871,0.860,699671.000
2024-03-18,0.866,0.870,0.870,0.859,783995.000
2024-03-19,0.869,0.880,0.886,0.867,1327078.000
2024-03-20,0.878,0.878,0.882,0.873,851396.000
2024-03-21,0.880,0.885,0.889,0.878,1147379.000
2024-03-22,0.885,0.866,0.886,0.861,1480405.000
2024-03-25,0.866,0.862,0.868,0.857,745789.000
2024-03-26,0.860,0.871,0.873,0.860,934671.000
2024-03-27,0.871,0.860,0.872,0.860,1022471.000
2024-03-28,0.860,0.860,0.870,0.854,857851.000
2024-03-29,0.860,0.865,0.865,0.857,670185.000
2024-04-01,0.867,0.882,0.888,0.866,1749714.000
2024-04-02,0.882,0.876,0.883,0.873,762343.000
2024-04-03,0.876,0.880,0.883,0.873,1149896.000
2024-04-08,0.878,0.855,0.878,0.855,1427028.000
2024-04-09,0.852,0.855,0.858,0.848,704935.000
2024-04-10,0.855,0.843,0.855,0.839,952789.000
2024-04-11,0.840,0.839,0.843,0.836,797138.000
2024-04-12,0.840,0.825,0.846,0.825,858645.000
2024-04-15,0.823,0.848,0.849,0.823,1168783.000
2024-04-16,0.848,0.840,0.849,0.838,998366.000
2024-04-17,0.839,0.845,0.845,0.836,813128.000
2024-04-18,0.842,0.850,0.858,0.837,2039490.000
2024-04-19,0.850,0.842,0.850,0.836,678610.000
2024-04-22,0.843,0.859,0.865,0.843,899413.000
2024-04-23,0.859,0.865,0.866,0.854,2429030.000
2024-04-24,0.863,0.863,0.868,0.854,972002.000
2024-04-25,0.862,0.861,0.864,0.855,910615.000
2024-04-26,0.862,0.873,0.877,0.861,1128545.000
2024-04-29,0.880,0.879,0.888,0.868,1033695.000
2024-04-30,0.883,0.880,0.890,0.878,1409817.000
2024-05-06,0.889,0.898,0.905,0.889,1052128.000
2024-05-07,0.905,0.899,0.905,0.890,867513.000
2024-05-08,0.899,0.900,0.902,0.894,883730.000
2024-05-09,0.898,0.903,0.904,0.896,852527.000
2024-05-10,0.904,0.900,0.910,0.895,762635.000
2024-05-13,0.894,0.893,0.895,0.887,801451.000
2024-05-14,0.892,0.894,0.899,0.889,1958662.000
2024-05-15,0.894,0.885,0.897,0.885,1872984.000
2024-05-16,0.885,0.890,0.895,0.881,2936967.000
2024-05-17,0.889,0.903,0.903,0.888,1271294.000
2024-05-20,0.904,0.912,0.920,0.903,1067668.000
2024-05-21,0.912,0.910,0.916,0.904,607258.000
2024-05-22,0.911,0.903,0.912,0.899,698598.000
2024-05-23,0.902,0.893,0.906,0.890,572621.000
2024-05-24,0.892,0.883,0.895,0.882,931793.000
2024-05-27,0.883,0.888,0.888,0.880,689854.000
2024-05-28,0.888,0.876,0.888,0.876,672593.000
2024-05-29,0.876,0.876,0.883,0.874,486537.000
2024-05-30,0.877,0.866,0.877,0.864,575901.000
2024-05-31,0.866,0.866,0.871,0.863,541421.000
2024-06-03,0.865,0.867,0.871,0.861,611593.000
2024-06-04,0.867,0.874,0.876,0.862,783246.000
2024-06-05,0.873,0.866,0.876,0.864,665445.000
2024-06-06,0.866,0.859,0.867,0.855,928708.000
2024-06-07,0.859,0.851,0.868,0.848,695904.000
2024-06-11,0.849,0.837,0.849,0.834,701651.000
2024-06-12,0.840,0.837,0.843,0.836,480493.000
2024-06-13,0.839,0.823,0.839,0.820,651251.000
2024-06-14,0.823,0.831,0.831,0.812,1135116.000
2024-06-17,0.825,0.824,0.826,0.813,761279.000
2024-06-18,0.824,0.814,0.827,0.812,832852.000
2024-06-19,0.814,0.808,0.816,0.808,575165.000
2024-06-20,0.806,0.800,0.813,0.800,1152192.000
2024-06-21,0.798,0.796,0.802,0.790,710980.000
2024-06-24,0.788,0.795,0.802,0.780,838602.000
2024-06-25,0.795,0.791,0.800,0.788,654051.000
2024-06-26,0.790,0.794,0.797,0.788,717063.000
2024-06-27,0.795,0.786,0.795,0.784,656178.000
2024-06-28,0.785,0.780,0.791,0.778,856529.000
2024-07-01,0.780,0.782,0.784,0.771,752739.000
2024-07-02,0.781,0.785,0.791,0.778,719336.000
2024-07-03,0.788,0.781,0.788,0.778,741127.000
2024-07-04,0.783,0.772,0.785,0.770,1124579.000
2024-07-05,0.770,0.768,0.776,0.760,592366.000
2024-07-08,0.768,0.756,0.769,0.755,827251.000
2024-07-09,0.756,0.756,0.761,0.746,1049985.000
2024-07-10,0.756,0.758,0.765,0.750,1120491.000
2024-07-11,0.764,0.775,0.778,0.762,1059782.000
2024-07-12,0.778,0.775,0.779,0.768,645375.000
2024-07-15,0.779,0.780,0.781,0.773,702627.000
2024-07-16,0.778,0.780,0.784,0.774,607370.000
2024-07-17,0.778,0.795,0.795,0.774,969923.000
2024-07-18,0.792,0.798,0.799,0.790,1017908.000
2024-07-19,0.794,0.807,0.808,0.789,1118597.000
2024-07-22,0.806,0.793,0.806,0.790,918476.000
2024-07-23,0.792,0.765,0.794,0.765,911045.000
2024-07-24,0.765,0.756,0.768,0.754,825348.000
2024-07-25,0.753,0.758,0.761,0.752,561513.000
2024-07-26,0.758,0.758,0.765,0.752,865365.000
2024-07-29,0.758,0.744,0.758,0.743,865691.000
2024-07-30,0.742,0.744,0.744,0.732,920924.000
2024-07-31,0.742,0.768,0.770,0.740,2296181.000
2024-08-01,0.767,0.752,0.768,0.751,875458.000
2024-08-02,0.749,0.752,0.759,0.747,698822.000
2024-08-05,0.752,0.760,0.770,0.752,1490407.000
2024-08-06,0.765,0.765,0.766,0.755,957403.000
2024-08-07,0.763,0.759,0.763,0.754,727250.000
2024-08-08,0.758,0.772,0.778,0.755,1437980.000
2024-08-09,0.775,0.766,0.778,0.765,999320.000
2024-08-12,0.761,0.767,0.771,0.760,800110.000
2024-08-13,0.767,0.762,0.767,0.756,845710.000
2024-08-14,0.762,0.749,0.763,0.748,748802.000
2024-08-15,0.750,0.755,0.761,0.748,938069.000
2024-08-16,0.754,0.748,0.754,0.745,940022.000
2024-08-19,0.748,0.742,0.757,0.741,852885.000
2024-08-20,0.742,0.730,0.743,0.728,1513690.000
2024-08-21,0.729,0.723,0.731,0.723,990469.000
2024-08-22,0.725,0.714,0.725,0.710,948997.000
2024-08-23,0.713,0.715,0.721,0.712,612799.000
2024-08-26,0.717,0.711,0.718,0.708,559460.000
2024-08-27,0.710,0.703,0.710,0.702,791454.000
2024-08-28,0.703,0.696,0.703,0.687,1456810.000
2024-08-29,0.694,0.705,0.708,0.692,1263961.000
2024-08-30,0.700,0.722,0.732,0.696,1993705.000
2024-09-02,0.717,0.701,0.718,0.701,1333308.000
2024-09-03,0.700,0.709,0.715,0.700,916394.000
2024-09-04,0.709,0.703,0.714,0.701,880811.000
2024-09-05,0.704,0.708,0.708,0.702,859742.000
2024-09-06,0.706,0.699,0.707,0.697,676314.000
2024-09-09,0.696,0.691,0.697,0.688,725380.000
2024-09-10,0.691,0.691,0.698,0.686,906297.000
2024-09-11,0.690,0.690,0.695,0.682,536214.000
2024-09-12,0.691,0.677,0.693,0.676,1120500.000
2024-09-13,0.677,0.667,0.677,0.666,843084.000
2024-09-18,0.667,0.658,0.667,0.654,1327894.000
2024-09-19,0.659,0.673,0.683,0.655,2376392.000
2024-09-20,0.670,0.670,0.672,0.663,1247333.000
2024-09-23,0.671,0.669,0.681,0.667,852904.000
2024-09-24,0.680,0.712,0.712,0.673,3295833.000
2024-09-25,0.726,0.714,0.738,0.713,2390419.000
2024-09-26,0.712,0.785,0.785,0.712,6906529.000
2024-09-27,0.820,0.849,0.855,0.796,11679684.000
2024-09-30,0.910,0.934,0.934,0.850,17113516.000
2024-10-08,1.027,0.926,1.027,0.886,32359444.000
2024-10-09,0.888,0.834,0.897,0.834,13810604.000
2024-10-10,0.850,0.859,0.881,0.840,8863372.000
2024-10-11,0.859,0.836,0.859,0.826,6466995.000
2024-10-14,0.836,0.842,0.848,0.819,5411507.000
2024-10-15,0.840,0.814,0.842,0.814,4447311.000
2024-10-16,0.803,0.804,0.817,0.800,2924706.000
2024-10-17,0.806,0.789,0.810,0.788,3367374.000
2024-10-18,0.786,0.812,0.828,0.781,7282344.000
2024-10-21,0.814,0.818,0.822,0.803,5947845.000
2024-10-22,0.818,0.828,0.829,0.811,4367093.000
2024-10-23,0.834,0.836,0.844,0.823,5619599.000
2024-10-24,0.832,0.823,0.836,0.821,3576075.000
2024-10-25,0.821,0.830,0.837,0.820,3991566.000
2024-10-28,0.835,0.850,0.850,0.824,7162415.000
2024-10-29,0.850,0.830,0.854,0.828,7681678.000
2024-10-30,0.829,0.825,0.832,0.815,4016716.000
2024-10-31,0.821,0.823,0.830,0.817,3313446.000
2024-11-01,0.821,0.830,0.837,0.818,4484630.000
2024-11-04,0.837,0.841,0.841,0.827,3933591.000
2024-11-05,0.839,0.857,0.857,0.832,7413880.000
2024-11-06,0.858,0.854,0.860,0.845,7415734.000
2024-11-07,0.852,0.907,0.909,0.849,16619386.000
2024-11-08,0.935,0.886,0.935,0.880,18242556.000
2024-11-11,0.867,0.879,0.879,0.859,12056419.000
2024-11-12,0.881,0.873,0.894,0.866,11498693.000
2024-11-13,0.870,0.872,0.873,0.863,6206640.000
2024-11-14,0.868,0.858,0.873,0.856,6878795.000
2024-11-15,0.854,0.848,0.865,0.848,6647809.000
2024-11-18,0.849,0.839,0.856,0.835,3711600.000
2024-11-19,0.839,0.840,0.846,0.823,4013243.000
2024-11-20,0.838,0.842,0.845,0.832,3304140.000
2024-11-21,0.841,0.841,0.846,0.836,2545049.000
2024-11-22,0.842,0.813,0.843,0.813,4194801.000
2024-11-25,0.813,0.812,0.823,0.805,3191749.000
2024-11-26,0.808,0.816,0.824,0.807,2477676.000
2024-11-27,0.815,0.827,0.828,0.809,3569302.000
2024-11-28,0.826,0.817,0.826,0.815,3473466.000
2024-11-29,0.817,0.828,0.840,0.817,4661655.000
2024-12-02,0.830,0.837,0.839,0.823,6430518.000
2024-12-03,0.837,0.836,0.840,0.830,5748549.000
2024-12-04,0.836,0.829,0.836,0.825,2696695.000
2024-12-05,0.827,0.825,0.827,0.820,2570549.000
2024-12-06,0.826,0.833,0.838,0.823,4984897.000
2024-12-09,0.832,0.828,0.834,0.823,3577678.000
2024-12-10,0.870,0.840,0.871,0.840,15804188.000
2024-12-11,0.837,0.853,0.856,0.837,7768972.000
2024-12-12,0.853,0.870,0.870,0.847,10463963.000
2024-12-13,0.863,0.846,0.863,0.845,9042296.000
2024-12-16,0.846,0.834,0.849,0.831,7298351.000
2024-12-17,0.833,0.836,0.842,0.829,3832470.000
2024-12-18,0.837,0.835,0.841,0.833,3213140.000
2024-12-19,0.828,0.828,0.830,0.821,4905970.000
2024-12-20,0.825,0.826,0.832,0.824,3379386.000
2024-12-23,0.826,0.821,0.829,0.819,5466343.000
2024-12-24,0.820,0.829,0.829,0.819,3923095.000
2024-12-25,0.829,0.824,0.829,0.821,2262225.000
2024-12-26,0.823,0.823,0.827,0.820,3014811.000
2024-12-27,0.823,0.826,0.829,0.818,4283961.000
2024-12-30,0.825,0.822,0.830,0.820,3274958.000
2024-12-31,0.821,0.817,0.831,0.816,5460288.000
2025-01-02,0.817,0.799,0.818,0.795,6056843.000
2025-01-03,0.800,0.791,0.804,0.788,3056083.000
2025-01-06,0.786,0.781,0.792,0.776,3699825.000
2025-01-07,0.780,0.783,0.785,0.776,2819748.000
2025-01-08,0.781,0.781,0.786,0.769,2755354.000
2025-01-09,0.780,0.778,0.788,0.775,1997539.000
2025-01-10,0.777,0.768,0.780,0.767,3330355.000
2025-01-13,0.763,0.770,0.773,0.761,2603473.000
2025-01-14,0.771,0.788,0.788,0.770,2954393.000
2025-01-15,0.786,0.780,0.786,0.778,1525299.000
2025-01-16,0.783,0.775,0.789,0.771,2439653.000
2025-01-17,0.773,0.783,0.786,0.772,2802016.000
2025-01-20,0.786,0.785,0.793,0.782,2396285.000
2025-01-21,0.789,0.781,0.789,0.776,2130202.000
2025-01-22,0.780,0.769,0.780,0.766,2556784.000
2025-01-23,0.775,0.770,0.781,0.770,2749620.000
2025-01-24,0.770,0.773,0.775,0.767,2052578.000
2025-01-27,0.774,0.773,0.779,0.772,2288328.000
2025-02-05,0.773,0.761,0.776,0.759,3130622.000
2025-02-06,0.760,0.765,0.766,0.757,3472046.000
2025-02-07,0.764,0.772,0.776,0.757,5659919.000
2025-02-10,0.772,0.770,0.772,0.763,3782334.000
2025-02-11,0.772,0.763,0.774,0.761,3903264.000
2025-02-12,0.762,0.770,0.770,0.760,3363706.000
2025-02-13,0.770,0.787,0.794,0.768,9182090.000
2025-02-14,0.787,0.787,0.789,0.782,4634020.000
2025-02-17,0.788,0.788,0.790,0.783,5212600.000
2025-02-18,0.788,0.780,0.792,0.777,4883218.000
2025-02-19,0.777,0.787,0.787,0.775,3253324.000
2025-02-20,0.787,0.784,0.790,0.781,3214250.000
2025-02-21,0.787,0.786,0.795,0.782,5395839.000
2025-02-24,0.788,0.792,0.798,0.787,5621835.000
2025-02-25,0.789,0.778,0.789,0.775,4880193.000
2025-02-26,0.778,0.784,0.784,0.773,4285566.000
2025-02-27,0.783,0.798,0.798,0.781,7245445.000
2025-02-28,0.799,0.797,0.813,0.795,12033535.000
2025-03-03,0.799,0.795,0.809,0.790,5641855.000
2025-03-04,0.790,0.791,0.792,0.784,3703704.000
2025-03-05,0.791,0.789,0.794,0.784,3191205.000
2025-03-06,0.792,0.799,0.801,0.786,5928638.000
2025-03-07,0.797,0.805,0.808,0.793,5737916.000
2025-03-10,0.805,0.804,0.806,0.798,4480329.000
2025-03-11,0.800,0.820,0.820,0.795,6926430.000
2025-03-12,0.822,0.813,0.825,0.812,4226586.000
2025-03-13,0.813,0.812,0.821,0.810,3260133.000
2025-03-14,0.816,0.845,0.847,0.816,12026251.000
2025-03-17,0.857,0.846,0.858,0.840,13821604.000
2025-03-18,0.847,0.839,0.847,0.835,9602825.000
2025-03-19,0.838,0.834,0.842,0.831,6847039.000
2025-03-20,0.834,0.824,0.836,0.822,5415280.000
2025-03-21,0.821,0.815,0.830,0.812,6007627.000
2025-03-24,0.815,0.818,0.818,0.810,7355150.000
2025-03-25,0.818,0.817,0.819,0.809,4336132.000
2025-03-26,0.817,0.821,0.823,0.814,4340647.000
2025-03-27,0.820,0.827,0.828,0.817,4023929.000
2025-03-28,0.827,0.821,0.827,0.818,4231786.000
2025-03-31,0.818,0.812,0.824,0.810,4014133.000
2025-04-01,0.812,0.818,0.823,0.812,3277282.000
2025-04-02,0.816,0.815,0.823,0.814,2160964.000
2025-04-03,0.810,0.826,0.828,0.807,6840147.000
2025-04-07,0.810,0.800,0.821,0.774,12500456.000
2025-04-08,0.800,0.830,0.830,0.793,10296017.000
2025-04-09,0.822,0.842,0.845,0.817,18621785.000
2025-04-10,0.840,0.843,0.845,0.828,13051523.000
2025-04-11,0.840,0.834,0.842,0.825,10298429.000
2025-04-14,0.831,0.830,0.837,0.827,7885953.000
2025-04-15,0.829,0.831,0.834,0.824,6679750.000
2025-04-16,0.829,0.834,0.836,0.822,7075700.000
2025-04-17,0.831,0.838,0.841,0.826,6580426.000
2025-04-18,0.837,0.832,0.837,0.827,4765451.000
2025-04-21,0.831,0.827,0.831,0.825,4565751.000
2025-04-22,0.825,0.829,0.831,0.823,7726782.000
2025-04-23,0.827,0.823,0.830,0.821,5363124.000
2025-04-24,0.822,0.822,0.827,0.821,3520337.000
2025-04-25,0.824,0.820,0.828,0.818,4270720.000
2025-04-28,0.820,0.817,0.823,0.817,3651450.000
2025-04-29,0.817,0.815,0.817,0.811,3896330.000
2025-04-30,0.815,0.817,0.824,0.815,3526246.000
2025-05-06,0.820,0.819,0.821,0.814,4364289.000
2025-05-07,0.825,0.820,0.829,0.818,6072702.000
2025-05-08,0.820,0.822,0.826,0.816,3167805.000
2025-05-09,0.822,0.823,0.826,0.820,3290785.000
2025-05-12,0.825,0.823,0.827,0.819,3673395.000
2025-05-13,0.826,0.823,0.826,0.820,2922555.000
2025-05-14,0.822,0.833,0.838,0.819,6207264.000
2025-05-15,0.833,0.831,0.836,0.829,3264022.000
2025-05-16,0.831,0.823,0.831,0.820,2380868.000
2025-05-19,0.816,0.818,0.820,0.814,2612076.000
2025-05-20,0.817,0.824,0.829,0.817,3959502.000
2025-05-21,0.823,0.826,0.828,0.823,3363598.000
2025-05-22,0.825,0.822,0.827,0.821,2769897.000
2025-05-23,0.822,0.818,0.829,0.818,3736270.000
2025-05-26,0.818,0.816,0.822,0.812,3400760.000
2025-05-27,0.815,0.816,0.821,0.814,3260988.000
2025-05-28,0.815,0.820,0.823,0.812,2691693.000
2025-05-29,0.820,0.820,0.822,0.814,2647409.000
2025-05-30,0.818,0.820,0.826,0.817,2790790.000
2025-06-03,0.815,0.823,0.824,0.814,2110993.000
2025-06-04,0.824,0.824,0.825,0.820,2063196.000
2025-06-05,0.825,0.820,0.827,0.818,2638502.000
2025-06-06,0.820,0.819,0.823,0.816,3446188.000
2025-06-09,0.819,0.823,0.825,0.818,3520985.000
2025-06-10,0.822,0.816,0.823,0.813,6882835.000
2025-06-11,0.818,0.823,0.825,0.816,3273248.000
2025-06-12,0.823,0.814,0.823,0.813,2838048.000
2025-06-13,0.813,0.798,0.813,0.796,4175635.000
2025-06-16,0.796,0.795,0.797,0.790,2784116.000
2025-06-17,0.795,0.793,0.800,0.792,2040048.000
2025-06-18,0.795,0.795,0.803,0.794,2862249.000
2025-06-19,0.793,0.788,0.796,0.786,2539833.000
2025-06-20,0.788,0.794,0.799,0.788,3002322.000
2025-06-23,0.792,0.788,0.793,0.784,3662909.000
2025-06-24,0.790,0.794,0.797,0.787,2578826.000
2025-06-25,0.796,0.798,0.798,0.789,3270453.000
2025-06-26,0.798,0.796,0.799,0.794,1996904.000
2025-06-27,0.797,0.792,0.797,0.791,2885630.000
2025-06-30,0.792,0.794,0.795,0.789,1943281.000
2025-07-01,0.794,0.794,0.795,0.791,1588285.000
2025-07-02,0.795,0.795,0.798,0.793,1925681.000
2025-07-03,0.794,0.797,0.799,0.794,2519694.000
2025-07-04,0.797,0.798,0.801,0.794,3830550.000
2025-07-07,0.797,0.794,0.798,0.794,1227315.000
2025-07-08,0.795,0.798,0.799,0.792,3005124.000
2025-07-09,0.798,0.803,0.809,0.797,3792455.000
2025-07-10,0.803,0.804,0.806,0.798,2788022.000
2025-07-11,0.802,0.808,0.813,0.802,3892206.000
2025-07-14,0.807,0.809,0.810,0.802,1709549.000
2025-07-15,0.807,0.801,0.808,0.797,2946488.000
2025-07-16,0.799,0.803,0.804,0.799,1974878.000
2025-07-17,0.804,0.808,0.809,0.803,2978400.000
2025-07-18,0.808,0.816,0.817,0.807,3241624.000
2025-07-21,0.816,0.820,0.820,0.813,2343149.000
2025-07-22,0.820,0.836,0.837,0.818,6089278.000
2025-07-23,0.837,0.834,0.842,0.833,5228751.000
2025-07-24,0.833,0.836,0.837,0.830,4975530.000
2025-07-25,0.836,0.828,0.837,0.826,3845770.000
2025-07-28,0.828,0.823,0.828,0.819,4804571.000
2025-07-29,0.824,0.818,0.824,0.813,5577444.000
2025-07-30,0.819,0.824,0.830,0.816,5351703.000
2025-07-31,0.824,0.805,0.824,0.804,9361360.000
2025-08-01,0.805,0.806,0.809,0.803,5193342.000
2025-08-04,0.804,0.808,0.808,0.803,2354069.000
2025-08-05,0.809,0.816,0.816,0.808,5770093.000
2025-08-06,0.816,0.817,0.817,0.812,2032043.000
2025-08-07,0.818,0.816,0.818,0.814,2202473.000
2025-08-08,0.816,0.814,0.818,0.812,5704363.000
2025-08-11,0.815,0.822,0.824,0.812,3932208.000
2025-08-12,0.822,0.821,0.830,0.820,3827021.000
2025-08-13,0.825,0.822,0.825,0.817,5881919.000
2025-08-14,0.823,0.821,0.830,0.818,5333959.000
2025-08-15,0.819,0.822,0.823,0.814,5364190.000
2025-08-18,0.825,0.828,0.830,0.822,8024665.000
2025-08-19,0.827,0.833,0.837,0.826,8807610.000
2025-08-20,0.831,0.843,0.843,0.826,9028337.000
2025-08-21,0.845,0.848,0.854,0.842,9404642.000
2025-08-22,0.847,0.852,0.852,0.844,8125619.000
2025-08-25,0.858,0.875,0.875,0.853,15378447.000
2025-08-26,0.874,0.882,0.891,0.866,16800456.000
2025-08-27,0.880,0.861,0.881,0.860,15323588.000
2025-08-28,0.859,0.857,0.864,0.843,12438344.000
2025-08-29,0.861,0.877,0.879,0.861,12456432.000
2025-09-01,0.879,0.875,0.880,0.868,12605198.000
2025-09-02,0.874,0.871,0.886,0.868,10802970.000
2025-09-03,0.873,0.857,0.881,0.854,8184389.000
2025-09-04,0.856,0.858,0.858,0.848,9132451.000
2025-09-05,0.860,0.865,0.865,0.849,10386295.000
2025-09-08,0.864,0.881,0.881,0.863,10455997.000
2025-09-09,0.881,0.880,0.882,0.871,7403381.000
2025-09-10,0.879,0.878,0.881,0.873,7020241.000
2025-09-11,0.875,0.890,0.890,0.874,13470556.000
2025-09-12,0.890,0.880,0.895,0.880,8503881.000
2025-09-15,0.878,0.884,0.888,0.877,6192091.000
2025-09-16,0.885,0.878,0.885,0.870,11331429.000
2025-09-17,0.880,0.872,0.880,0.867,10617083.000
2025-09-18,0.873,0.858,0.873,0.852,11417610.000
2025-09-19,0.856,0.860,0.861,0.852,7230514.000
2025-09-22,0.859,0.849,0.859,0.846,6187429.000
2025-09-23,0.848,0.843,0.853,0.838,7696208.000
2025-09-24,0.841,0.847,0.849,0.840,4977386.000
2025-09-25,0.846,0.840,0.848,0.839,6195636.000
2025-09-26,0.838,0.839,0.844,0.835,4930234.000
2025-09-29,0.843,0.848,0.849,0.833,7956246.000
2025-09-30,0.847,0.846,0.847,0.839,7223923.000
2025-10-09,0.841,0.844,0.844,0.829,8958918.000
2025-10-10,0.841,0.846,0.852,0.839,8919160.000
2025-10-13,0.837,0.838,0.841,0.833,11151456.000
2025-10-14,0.839,0.848,0.852,0.838,11191731.000
2025-10-15,0.847,0.852,0.852,0.842,9908912.000
2025-10-16,0.851,0.853,0.858,0.849,8196538.000
2025-10-17,0.853,0.843,0.857,0.842,8605388.000
2025-10-20,0.845,0.837,0.847,0.834,8945674.000
2025-10-21,0.836,0.839,0.841,0.835,6125448.000
2025-10-22,0.838,0.833,0.841,0.831,5841216.000
2025-10-23,0.832,0.834,0.835,0.826,8818367.000
2025-10-24,0.835,0.826,0.837,0.825,8417820.000
2025-10-27,0.827,0.829,0.830,0.823,11153441.000
2025-10-28,0.830,0.825,0.832,0.825,7003117.000
2025-10-29,0.825,0.826,0.826,0.822,6324681.000
2025-10-30,0.825,0.824,0.830,0.821,7836449.000
2025-10-31,0.822,0.831,0.834,0.821,8114242.000
2025-11-03,0.830,0.833,0.834,0.826,5050319.000
2025-11-04,0.831,0.822,0.832,0.818,6662593.000
2025-11-05,0.818,0.820,0.824,0.815,5712597.000
2025-11-06,0.820,0.821,0.825,0.819,3562413.000
2025-11-07,0.821,0.822,0.826,0.820,4344379.000
2025-11-10,0.823,0.848,0.850,0.820,24525549.000
2025-11-11,0.848,0.848,0.849,0.840,11052831.000
2025-11-12,0.846,0.849,0.855,0.846,8380256.000
2025-11-13,0.847,0.853,0.853,0.842,8572856.000
2025-11-14,0.850,0.842,0.858,0.842,8147356.000
2025-11-17,0.842,0.837,0.843,0.830,7810349.000
2025-11-18,0.836,0.839,0.845,0.835,6848357.000
2025-11-19,0.838,0.836,0.840,0.833,5173653.000
2025-11-20,0.836,0.831,0.840,0.831,5110792.000
2025-11-21,0.828,0.825,0.836,0.822,7110518.000
2025-11-24,0.826,0.825,0.834,0.823,5322761.000
2025-11-25,0.826,0.827,0.828,0.821,6258897.000
2025-11-26,0.826,0.825,0.830,0.823,4859433.000
2025-11-27,0.827,0.825,0.829,0.822,5709558.000
2025-11-28,0.824,0.829,0.830,0.822,4437770.000
2025-12-01,0.830,0.827,0.833,0.825,4238854.000
2025-12-02,0.827,0.821,0.828,0.820,4007313.000
2025-12-03,0.822,0.814,0.822,0.813,5225757.000
2025-12-04,0.814,0.807,0.816,0.805,6250075.000
2025-12-05,0.806,0.809,0.810,0.804,3501859.000
2025-12-08,0.809,0.802,0.809,0.801,4744293.000
2025-12-09,0.803,0.793,0.804,0.790,7670913.000
2025-12-10,0.790,0.795,0.797,0.787,5029682.000
2025-12-11,0.796,0.791,0.796,0.790,3446129.000
2025-12-12,0.793,0.796,0.797,0.790,5860424.000
2025-12-15,0.801,0.801,0.808,0.799,5330864.000
2025-12-16,0.803,0.799,0.804,0.796,5675851.000
2025-12-17,0.801,0.805,0.806,0.795,5208423.000
2025-12-18,0.803,0.801,0.805,0.800,2986355.000
2025-12-19,0.803,0.811,0.811,0.800,5176474.000
2025-12-22,0.810,0.809,0.811,0.806,7033690.000
2025-12-23,0.809,0.802,0.810,0.802,8935750.000
2025-12-24,0.802,0.799,0.803,0.796,5828607.000
2025-12-25,0.798,0.804,0.805,0.797,5846776.000
2025-12-26,0.803,0.800,0.804,0.797,3788830.000
2025-12-29,0.800,0.798,0.803,0.796,7399026.000
2025-12-30,0.796,0.798,0.800,0.795,4460882.000
2025-12-31,0.798,0.793,0.798,0.790,4141190.000
2026-01-05,0.793,0.802,0.803,0.792,9974278.000
2026-01-06,0.801,0.809,0.809,0.798,13670968.000
2026-01-07,0.809,0.804,0.810,0.802,8625739.000
2026-01-08,0.802,0.798,0.802,0.796,7104851.000
2026-01-09,0.797,0.801,0.803,0.797,6546424.000
2026-01-12,0.801,0.806,0.806,0.799,8763573.000
2026-01-13,0.806,0.798,0.807,0.795,13229313.000
2026-01-14,0.797,0.794,0.801,0.789,12477122.000
2026-01-15,0.791,0.790,0.797,0.789,5948059.000
2026-01-16,0.791,0.779,0.793,0.779,9934347.000
2026-01-19,0.779,0.782,0.785,0.778,4627047.000
2026-01-20,0.782,0.784,0.786,0.780,9332576.000
2026-01-21,0.783,0.775,0.784,0.773,12086641.000
2026-01-22,0.775,0.772,0.778,0.771,6757810.000
2026-01-23,0.772,0.771,0.775,0.770,4877576.000
2026-01-26,0.770,0.771,0.774,0.759,9922156.000
2026-01-27,0.770,0.758,0.770,0.757,8164679.000
2026-01-28,0.758,0.756,0.761,0.753,8290582.000
2026-01-29,0.756,0.800,0.800,0.756,22216998.000
2026-01-30,0.795,0.778,0.795,0.778,10938105.000
2026-02-02,0.777,0.777,0.795,0.775,8467190.000
2026-02-03,0.777,0.783,0.787,0.774,5684056.000
2026-02-04,0.782,0.800,0.801,0.781,9430756.000
2026-02-05,0.798,0.808,0.812,0.797,15073689.000
2026-02-06,0.805,0.798,0.808,0.795,6442700.000
2026-02-09,0.797,0.799,0.802,0.794,7202685.000
2026-02-10,0.798,0.789,0.798,0.787,6242210.000
2026-02-11,0.789,0.789,0.791,0.786,4230064.000
2026-02-12,0.789,0.780,0.789,0.778,4953021.000
2026-02-13,0.780,0.777,0.785,0.776,5329070.000
2026-02-24,0.780,0.771,0.786,0.770,5104426.000
2026-02-25,0.771,0.775,0.781,0.771,8158357.000
2026-02-26,0.776,0.771,0.779,0.769,4567004.000
2026-02-27,0.770,0.775,0.776,0.770,4003936.000
2026-03-02,0.770,0.768,0.777,0.764,5026824.000
2026-03-03,0.767,0.765,0.777,0.763,5701971.000
2026-03-04,0.763,0.759,0.763,0.754,6448636.000
2026-03-05,0.761,0.756,0.762,0.753,4554894.000
2026-03-06,0.754,0.773,0.776,0.753,9695514.000
2026-03-09,0.769,0.771,0.777,0.768,5634914.000
2026-03-10,0.771,0.772,0.775,0.770,3503681.000
2026-03-11,0.772,0.776,0.777,0.767,3857827.000
2026-03-12,0.775,0.779,0.781,0.771,5196627.000
2026-03-13,0.779,0.781,0.786,0.777,4663486.000
2026-03-16,0.780,0.790,0.793,0.780,7494843.000
2026-03-17,0.788,0.788,0.801,0.786,10907624.000
2026-03-18,0.789,0.782,0.791,0.778,5958008.000
2026-03-19,0.779,0.770,0.780,0.769,5630702.000
2026-03-20,0.770,0.764,0.777,0.764,4189372.000
2026-03-23,0.760,0.736,0.761,0.733,8491824.000
2026-03-24,0.739,0.742,0.743,0.732,4642580.000
2026-03-25,0.741,0.747,0.747,0.737,3899984.000
2026-03-26,0.746,0.739,0.749,0.738,6098522.000
2026-03-27,0.736,0.752,0.753,0.735,5445278.000
2026-03-30,0.745,0.753,0.757,0.745,3972893.000
2026-03-31,0.757,0.742,0.762,0.742,7937258.000
2026-04-01,0.747,0.751,0.754,0.744,3634009.000
2026-04-02,0.750,0.756,0.761,0.748,4044343.000
2026-04-03,0.756,0.747,0.757,0.745,2972841.000
2026-04-07,0.747,0.745,0.752,0.743,3113428.000
2026-04-08,0.753,0.757,0.757,0.748,5803719.000
2026-04-09,0.753,0.747,0.754,0.744,3609130.000
2026-04-10,0.747,0.743,0.749,0.741,12417288.000
2026-04-13,0.741,0.744,0.745,0.738,6382730.000
2026-04-14,0.745,0.751,0.751,0.742,5314142.000
2026-04-15,0.750,0.752,0.754,0.747,6431325.000
2026-04-16,0.752,0.753,0.753,0.749,3394576.000
2026-04-17,0.747,0.742,0.747,0.740,7058046.000
2026-04-20,0.742,0.742,0.744,0.739,5230536.000
2026-04-21,0.742,0.742,0.747,0.740,4846740.000
2026-04-22,0.740,0.737,0.744,0.735,3439869.000
2026-04-23,0.737,0.737,0.742,0.733,5154697.000
2026-04-24,0.736,0.737,0.740,0.732,3373514.000
2026-04-27,0.734,0.731,0.735,0.729,3123985.000
2026-04-28,0.730,0.732,0.733,0.728,3594153.000
2026-04-29,0.732,0.745,0.748,0.731,5452947.000
2026-04-30,0.745,0.747,0.753,0.743,4895282.000
2026-05-06,0.740,0.742,0.742,0.735,4829362.000
2026-05-07,0.741,0.739,0.746,0.737,3648240.000
2026-05-08,0.738,0.734,0.741,0.732,4686874.000
2026-05-11,0.732,0.736,0.737,0.728,4990012.000
2026-05-12,0.735,0.725,0.736,0.723,5418498.000
2026-05-13,0.723,0.719,0.726,0.716,3733818.000
2026-05-14,0.720,0.720,0.732,0.716,6068319.000
2026-05-15,0.719,0.708,0.720,0.706,4917825.000
2026-05-18,0.709,0.700,0.710,0.698,3808660.000
2026-05-19,0.700,0.700,0.707,0.696,2946993.000
2026-05-20,0.699,0.699,0.705,0.696,2999556.000
2026-05-21,0.698,0.690,0.705,0.690,4238709.000
2026-05-22,0.692,0.682,0.693,0.680,3851917.000
2026-05-25,0.682,0.681,0.686,0.674,5516139.000
2026-05-26,0.680,0.680,0.684,0.676,3007341.000
2026-05-27,0.679,0.682,0.690,0.668,13980902.000
2026-05-28,0.679,0.670,0.679,0.668,5870697.000
2026-05-29,0.669,0.689,0.692,0.667,8427272.000
2026-06-01,0.687,0.691,0.691,0.679,3833946.000
2026-06-02,0.689,0.680,0.690,0.678,4972392.000
2026-06-03,0.678,0.670,0.678,0.664,6409244.000
2026-06-04,0.668,0.659,0.673,0.658,4348615.000
2026-06-05,0.659,0.658,0.668,0.656,4829841.000
2026-06-08,0.656,0.646,0.659,0.642,5378824.000
