date,open,close,high,low,volume
2014-01-02,0.326,0.318,0.326,0.315,19272.000
2014-01-03,0.311,0.295,0.312,0.292,22631.000
2014-01-06,0.295,0.260,0.295,0.256,45869.000
2014-01-07,0.258,0.259,0.270,0.244,44094.000
2014-01-08,0.259,0.260,0.278,0.250,19835.000
2014-01-09,0.261,0.248,0.266,0.246,40741.000
2014-01-10,0.241,0.244,0.250,0.237,14492.000
2014-01-13,0.244,0.241,0.253,0.236,49376.000
2014-01-14,0.241,0.250,0.252,0.236,27851.000
2014-01-15,0.250,0.251,0.253,0.239,33269.000
2014-01-16,0.251,0.252,0.258,0.239,62643.000
2014-01-17,0.252,0.237,0.252,0.233,45093.000
2014-01-20,0.234,0.227,0.243,0.218,40600.000
2014-01-21,0.256,0.228,0.256,0.227,48823.000
2014-01-22,0.228,0.261,0.262,0.228,63407.000
2014-01-23,0.262,0.257,0.264,0.253,102134.000
2014-01-24,0.255,0.267,0.272,0.253,50435.000
2014-01-27,0.263,0.256,0.264,0.251,30039.000
2014-01-28,0.257,0.256,0.268,0.251,43022.000
2014-01-29,0.259,0.269,0.277,0.258,28668.000
2014-01-30,0.267,0.258,0.269,0.257,22048.000
2014-02-07,0.257,0.260,0.262,0.244,34605.000
2014-02-10,0.266,0.295,0.298,0.262,47515.000
2014-02-11,0.295,0.312,0.316,0.288,57604.000
2014-02-12,0.309,0.315,0.318,0.307,92145.000
2014-02-13,0.314,0.315,0.330,0.308,42736.000
2014-02-14,0.313,0.329,0.329,0.312,42510.000
2014-02-17,0.330,0.332,0.337,0.322,31279.000
2014-02-18,0.333,0.316,0.333,0.314,46906.000
2014-02-19,0.316,0.331,0.344,0.313,30689.000
2014-02-20,0.333,0.343,0.365,0.333,98918.000
2014-02-21,0.335,0.324,0.341,0.311,43068.000
2014-02-24,0.315,0.295,0.315,0.281,33143.000
2014-02-25,0.295,0.263,0.302,0.252,40286.000
2014-02-26,0.260,0.262,0.264,0.244,38481.000
2014-02-27,0.262,0.273,0.292,0.262,43665.000
2014-02-28,0.269,0.283,0.283,0.254,27101.000
2014-03-03,0.280,0.288,0.296,0.269,40791.000
2014-03-04,0.286,0.278,0.286,0.267,35225.000
2014-03-05,0.278,0.271,0.282,0.270,28943.000
2014-03-06,0.268,0.271,0.274,0.253,32046.000
2014-03-07,0.269,0.266,0.279,0.262,22135.000
2014-03-10,0.258,0.217,0.263,0.215,54454.000
2014-03-11,0.217,0.216,0.225,0.209,33367.000
2014-03-12,0.216,0.217,0.235,0.207,61297.000
2014-03-13,0.220,0.240,0.249,0.220,35188.000
2014-03-14,0.233,0.237,0.244,0.230,26738.000
2014-03-17,0.240,0.252,0.252,0.233,45454.000
2014-03-18,0.252,0.252,0.262,0.240,25100.000
2014-03-19,0.249,0.244,0.249,0.235,24434.000
2014-03-20,0.238,0.228,0.257,0.228,32143.000
2014-03-21,0.229,0.264,0.268,0.214,67720.000
2014-03-24,0.265,0.277,0.287,0.257,45533.000
2014-03-25,0.280,0.282,0.295,0.274,31645.000
2014-03-26,0.281,0.277,0.286,0.271,28278.000
2014-03-27,0.277,0.269,0.283,0.249,38833.000
2014-03-28,0.268,0.262,0.274,0.253,27955.000
2014-03-31,0.261,0.254,0.265,0.250,24467.000
2014-04-01,0.257,0.266,0.269,0.256,22246.000
2014-04-02,0.263,0.276,0.281,0.263,30532.000
2014-04-03,0.277,0.262,0.283,0.259,24285.000
2014-04-04,0.258,0.268,0.270,0.253,19394.000
2014-04-08,0.269,0.302,0.309,0.263,81911.000
2014-04-09,0.305,0.305,0.313,0.302,47795.000
2014-04-10,0.312,0.329,0.340,0.298,48027.000
2014-04-11,0.330,0.333,0.337,0.322,28036.000
2014-04-14,0.331,0.327,0.342,0.317,23191.000
2014-04-15,0.326,0.306,0.326,0.303,47899.000
2014-04-16,0.305,0.305,0.311,0.298,23352.000
2014-04-17,0.304,0.300,0.310,0.297,29724.000
2014-04-18,0.297,0.300,0.308,0.287,26862.000
2014-04-21,0.292,0.280,0.302,0.279,43479.000
2014-04-22,0.278,0.284,0.285,0.268,53307.000
2014-04-23,0.282,0.279,0.284,0.275,39353.000
2014-04-24,0.281,0.280,0.287,0.276,24877.000
2014-04-25,0.280,0.270,0.285,0.268,29999.000
2014-04-28,0.269,0.248,0.269,0.247,31379.000
2014-04-29,0.249,0.260,0.261,0.248,28085.000
2014-04-30,0.260,0.267,0.273,0.256,27190.000
2014-05-05,0.264,0.267,0.271,0.253,48803.000
2014-05-06,0.264,0.271,0.276,0.264,28287.000
2014-05-07,0.270,0.261,0.270,0.259,6760.000
2014-05-08,0.257,0.261,0.276,0.257,21495.000
2014-05-09,0.261,0.254,0.264,0.248,12030.000
2014-05-12,0.259,0.285,0.287,0.257,36353.000
2014-05-13,0.285,0.282,0.287,0.275,6351.000
2014-05-14,0.279,0.281,0.284,0.275,28912.000
2014-05-15,0.281,0.266,0.281,0.265,22042.000
2014-05-16,0.265,0.265,0.268,0.258,21752.000
2014-05-19,0.260,0.255,0.260,0.248,25173.000
2014-05-20,0.254,0.252,0.261,0.250,21983.000
2014-05-21,0.252,0.267,0.267,0.242,31249.000
2014-05-22,0.264,0.261,0.278,0.256,20758.000
2014-05-23,0.261,0.271,0.271,0.257,20028.000
2014-05-26,0.273,0.280,0.282,0.273,39642.000
2014-05-27,0.276,0.281,0.284,0.276,21071.000
2014-05-28,0.281,0.289,0.290,0.276,20283.000
2014-05-29,0.287,0.277,0.289,0.275,22355.000
2014-05-30,0.274,0.276,0.281,0.268,29534.000
2014-06-03,0.276,0.271,0.280,0.270,35704.000
2014-06-04,0.270,0.259,0.271,0.255,10105.000
2014-06-05,0.257,0.271,0.271,0.256,13315.000
2014-06-06,0.270,0.261,0.270,0.258,11650.000
2014-06-09,0.257,0.262,0.272,0.257,25034.000
2014-06-10,0.263,0.276,0.281,0.260,23556.000
2014-06-11,0.276,0.281,0.282,0.270,36670.000
2014-06-12,0.276,0.274,0.279,0.272,16410.000
2014-06-13,0.272,0.293,0.299,0.269,62859.000
2014-06-16,0.288,0.306,0.308,0.287,38739.000
2014-06-17,0.303,0.295,0.303,0.287,31516.000
2014-06-18,0.295,0.286,0.295,0.285,32039.000
2014-06-19,0.285,0.264,0.288,0.260,34274.000
2014-06-20,0.267,0.271,0.273,0.261,27237.000
2014-06-23,0.268,0.275,0.279,0.268,30285.000
2014-06-24,0.275,0.276,0.277,0.270,13681.000
2014-06-25,0.276,0.271,0.276,0.268,18967.000
2014-06-26,0.272,0.277,0.279,0.271,10970.000
2014-06-27,0.275,0.279,0.286,0.272,38143.000
2014-06-30,0.279,0.291,0.295,0.279,29608.000
2014-07-01,0.295,0.292,0.297,0.288,23791.000
2014-07-02,0.291,0.300,0.302,0.289,22003.000
2014-07-03,0.296,0.303,0.310,0.294,34598.000
2014-07-04,0.305,0.304,0.308,0.300,20377.000
2014-07-07,0.303,0.301,0.305,0.295,26787.000
2014-07-08,0.297,0.307,0.310,0.297,36797.000
2014-07-09,0.303,0.291,0.309,0.289,21956.000
2014-07-10,0.291,0.290,0.294,0.287,24841.000
2014-07-11,0.290,0.297,0.299,0.287,15742.000
2014-07-14,0.297,0.318,0.319,0.297,42278.000
2014-07-15,0.314,0.317,0.319,0.311,36831.000
2014-07-16,0.315,0.316,0.328,0.315,22855.000
2014-07-17,0.314,0.312,0.317,0.308,20982.000
2014-07-18,0.312,0.315,0.324,0.309,24107.000
2014-07-21,0.315,0.313,0.317,0.311,22484.000
2014-07-22,0.312,0.333,0.345,0.309,70558.000
2014-07-23,0.333,0.337,0.345,0.329,62434.000
2014-07-24,0.336,0.363,0.367,0.336,65643.000
2014-07-25,0.363,0.379,0.381,0.362,28737.000
2014-07-28,0.379,0.417,0.428,0.379,83286.000
2014-07-29,0.422,0.427,0.437,0.415,71750.000
2014-07-30,0.421,0.418,0.431,0.413,76989.000
2014-07-31,0.417,0.443,0.444,0.415,51677.000
2014-08-01,0.436,0.435,0.459,0.435,44092.000
2014-08-04,0.434,0.458,0.459,0.434,24427.000
2014-08-05,0.459,0.457,0.461,0.449,30105.000
2014-08-06,0.455,0.455,0.461,0.439,37560.000
2014-08-07,0.450,0.436,0.457,0.432,28324.000
2014-08-08,0.428,0.437,0.443,0.428,19995.000
2014-08-11,0.437,0.468,0.469,0.437,36017.000
2014-08-12,0.466,0.467,0.470,0.459,41638.000
2014-08-13,0.465,0.464,0.473,0.451,49760.000
2014-08-14,0.463,0.456,0.469,0.454,25511.000
2014-08-15,0.456,0.467,0.469,0.451,38013.000
2014-08-18,0.464,0.473,0.477,0.461,57143.000
2014-08-19,0.473,0.474,0.477,0.465,41938.000
2014-08-20,0.472,0.468,0.475,0.464,41414.000
2014-08-21,0.468,0.455,0.468,0.442,37392.000
2014-08-22,0.451,0.462,0.462,0.447,65015.000
2014-08-25,0.463,0.451,0.463,0.447,34489.000
2014-08-26,0.447,0.434,0.455,0.433,39971.000
2014-08-27,0.435,0.435,0.445,0.432,49284.000
2014-08-28,0.435,0.427,0.438,0.417,56793.000
2014-08-29,0.427,0.444,0.445,0.424,34991.000
2014-09-01,0.449,0.451,0.457,0.440,28266.000
2014-09-02,0.450,0.475,0.476,0.448,39853.000
2014-09-03,0.475,0.489,0.495,0.475,49245.000
2014-09-04,0.490,0.503,0.504,0.485,55333.000
2014-09-05,0.503,0.528,0.532,0.503,68331.000
2014-09-09,0.527,0.520,0.528,0.517,67998.000
2014-09-10,0.519,0.511,0.519,0.508,31048.000
2014-09-11,0.511,0.513,0.535,0.507,41486.000
2014-09-12,0.508,0.520,0.522,0.503,40685.000
2014-09-15,0.520,0.522,0.527,0.511,60522.000
2014-09-16,0.525,0.498,0.534,0.497,45385.000
2014-09-17,0.500,0.498,0.502,0.487,30655.000
2014-09-18,0.498,0.503,0.523,0.490,48308.000
2014-09-19,0.501,0.526,0.527,0.500,34052.000
2014-09-22,0.513,0.491,0.513,0.489,34093.000
2014-09-23,0.491,0.502,0.507,0.491,35112.000
2014-09-24,0.497,0.528,0.532,0.493,56353.000
2014-09-25,0.534,0.532,0.546,0.522,40695.000
2014-09-26,0.517,0.529,0.536,0.517,13405.000
2014-09-29,0.527,0.544,0.544,0.527,33642.000
2014-09-30,0.545,0.550,0.550,0.542,22799.000
2014-10-08,0.547,0.557,0.559,0.540,41746.000
2014-10-09,0.557,0.558,0.563,0.548,54411.000
2014-10-10,0.557,0.545,0.557,0.539,31340.000
2014-10-13,0.537,0.531,0.537,0.517,31364.000
2014-10-14,0.529,0.533,0.555,0.523,37688.000
2014-10-15,0.533,0.539,0.539,0.519,38480.000
2014-10-16,0.536,0.535,0.557,0.526,47949.000
2014-10-17,0.532,0.531,0.541,0.507,38047.000
2014-10-20,0.528,0.540,0.540,0.527,51294.000
2014-10-21,0.540,0.525,0.540,0.522,27968.000
2014-10-22,0.523,0.516,0.529,0.515,49542.000
2014-10-23,0.515,0.492,0.515,0.489,39085.000
2014-10-24,0.492,0.491,0.498,0.488,31802.000
2014-10-27,0.490,0.477,0.490,0.469,33854.000
2014-10-28,0.479,0.508,0.508,0.479,33169.000
2014-10-29,0.509,0.538,0.545,0.509,49205.000
2014-10-30,0.537,0.566,0.573,0.532,70691.000
2014-10-31,0.572,0.611,0.614,0.568,87691.000
2014-11-03,0.612,0.612,0.621,0.603,52381.000
2014-11-04,0.608,0.610,0.617,0.599,34455.000
2014-11-05,0.616,0.610,0.622,0.597,38860.000
2014-11-06,0.609,0.611,0.612,0.592,29074.000
2014-11-07,0.611,0.610,0.640,0.603,42745.000
2014-11-10,0.613,0.662,0.663,0.613,72154.000
2014-11-11,0.678,0.667,0.696,0.633,79193.000
2014-11-12,0.649,0.686,0.687,0.638,49012.000
2014-11-13,0.692,0.681,0.701,0.672,63158.000
2014-11-14,0.680,0.674,0.681,0.660,34609.000
2014-11-17,0.692,0.676,0.710,0.672,58815.000
2014-11-18,0.671,0.651,0.676,0.645,49228.000
2014-11-19,0.645,0.643,0.651,0.639,39036.000
2014-11-20,0.637,0.645,0.647,0.630,35512.000
2014-11-21,0.645,0.677,0.686,0.635,49101.000
2014-11-24,0.691,0.709,0.723,0.677,98347.000
2014-11-25,0.709,0.746,0.746,0.704,84893.000
2014-11-26,0.746,0.764,0.765,0.745,70677.000
2014-11-27,0.765,0.771,0.781,0.756,67888.000
2014-11-28,0.771,0.825,0.826,0.758,98707.000
2014-12-01,0.831,0.835,0.860,0.829,77447.000
2014-12-02,0.833,0.903,0.917,0.817,106946.000
2014-12-03,0.904,0.905,0.947,0.862,92725.000
2014-12-04,0.909,0.999,1.005,0.895,133320.000
2014-12-05,1.006,1.014,1.066,0.927,157738.000
2014-12-08,0.988,1.079,1.097,0.967,168250.000
2014-12-09,1.065,0.984,1.157,0.977,168046.000
2014-12-10,0.987,1.068,1.070,0.939,131479.000
2014-12-11,1.047,1.063,1.106,1.032,73454.000
2014-12-12,1.062,1.052,1.077,1.035,58832.000
2014-12-15,1.051,1.059,1.067,1.013,86726.000
2014-12-16,1.048,1.106,1.107,1.037,106624.000
2014-12-17,1.109,1.146,1.167,1.086,131962.000
2014-12-18,1.145,1.142,1.163,1.111,108583.000
2014-12-19,1.138,1.237,1.237,1.128,167194.000
2014-12-22,1.245,1.278,1.331,1.237,185385.000
2014-12-23,1.267,1.178,1.272,1.159,211275.000
2014-12-24,1.165,1.104,1.182,1.077,151912.000
2014-12-25,1.108,1.194,1.197,1.106,88698.000
2014-12-26,1.203,1.250,1.257,1.180,154577.000
2014-12-29,1.265,1.239,1.292,1.202,134307.000
2014-12-30,1.231,1.211,1.259,1.188,130217.000
2014-12-31,1.217,1.272,1.282,1.210,156970.000
2015-01-05,1.275,1.393,1.413,1.273,225055.000
2015-01-06,1.377,1.388,1.446,1.342,266903.000
2015-01-07,1.377,1.378,1.387,1.345,117133.000
2015-01-08,1.377,1.315,1.381,1.307,311367.000
2015-01-09,1.309,1.298,1.402,1.277,135161.000
2015-01-12,1.304,1.244,1.304,1.213,150427.000
2015-01-13,1.236,1.247,1.256,1.228,75770.000
2015-01-14,1.253,1.238,1.276,1.233,65631.000
2015-01-15,1.238,1.314,1.318,1.229,79598.000
2015-01-16,1.317,1.339,1.362,1.315,78460.000
2015-01-19,1.267,1.093,1.267,1.078,221444.000
2015-01-20,1.157,1.153,1.173,1.109,150521.000
2015-01-21,1.153,1.254,1.270,1.153,101574.000
2015-01-22,1.257,1.255,1.267,1.232,79135.000
2015-01-23,1.258,1.252,1.291,1.245,109395.000
2015-01-26,1.254,1.283,1.285,1.237,50936.000
2015-01-27,1.277,1.264,1.281,1.220,61173.000
2015-01-28,1.258,1.246,1.272,1.234,34158.000
2015-01-29,1.237,1.222,1.237,1.200,61650.000
2015-01-30,1.224,1.204,1.243,1.195,74111.000
2015-02-02,1.195,1.133,1.195,1.127,67981.000
2015-02-03,1.137,1.169,1.172,1.129,54481.000
2015-02-04,1.176,1.150,1.192,1.149,49843.000
2015-02-05,1.197,1.113,1.226,1.107,80810.000
2015-02-06,1.105,1.052,1.105,1.039,80908.000
2015-02-09,1.050,1.053,1.073,1.027,79842.000
2015-02-10,1.045,1.100,1.103,1.045,85418.000
2015-02-11,1.112,1.105,1.115,1.097,38253.000
2015-02-12,1.107,1.110,1.113,1.086,36294.000
2015-02-13,1.114,1.137,1.163,1.114,44424.000
2015-02-16,1.140,1.146,1.148,1.129,83869.000
2015-02-17,1.146,1.169,1.175,1.146,104454.000
2015-02-25,1.175,1.156,1.180,1.147,44440.000
2015-02-26,1.154,1.230,1.232,1.154,74432.000
2015-02-27,1.227,1.230,1.240,1.217,66561.000
2015-03-02,1.238,1.254,1.257,1.227,157394.000
2015-03-03,1.253,1.222,1.253,1.221,103472.000
2015-03-04,1.222,1.225,1.234,1.208,56803.000
2015-03-05,1.222,1.195,1.225,1.172,61602.000
2015-03-06,1.198,1.193,1.210,1.187,52972.000
2015-03-09,1.157,1.265,1.266,1.157,82455.000
2015-03-10,1.262,1.251,1.268,1.229,70318.000
2015-03-11,1.256,1.262,1.286,1.242,101258.000
2015-03-12,1.267,1.317,1.327,1.267,136520.000
2015-03-13,1.327,1.333,1.352,1.319,76589.000
2015-03-16,1.343,1.383,1.384,1.337,85694.000
2015-03-17,1.392,1.426,1.427,1.390,117514.000
2015-03-18,1.433,1.512,1.513,1.433,621412.000
2015-03-19,1.512,1.509,1.527,1.497,168005.000
2015-03-20,1.517,1.545,1.553,1.509,98294.000
2015-03-23,1.555,1.603,1.604,1.555,102345.000
2015-03-24,1.602,1.626,1.639,1.549,163575.000
2015-03-25,1.607,1.609,1.627,1.591,72819.000
2015-03-26,1.595,1.592,1.639,1.563,80266.000
2015-03-27,1.593,1.613,1.623,1.577,56348.880
2015-03-30,1.617,1.698,1.699,1.617,86856.000
2015-03-31,1.708,1.662,1.725,1.655,80287.000
2015-04-01,1.661,1.708,1.725,1.658,72093.000
2015-04-02,1.727,1.750,1.751,1.697,99185.000
2015-04-03,1.747,1.802,1.805,1.727,81934.000
2015-04-07,1.827,1.908,1.926,1.827,103316.000
2015-04-08,1.910,1.958,1.959,1.879,123340.000
2015-04-09,1.958,1.948,1.987,1.872,122049.000
2015-04-10,1.936,2.019,2.021,1.909,467700.000
2015-04-13,2.057,2.057,2.065,2.013,98942.000
2015-04-14,2.029,2.073,2.102,2.017,85027.000
2015-04-15,2.070,2.048,2.102,2.027,84656.000
2015-04-16,2.007,2.120,2.121,1.973,113636.000
2015-04-17,2.147,2.182,2.206,2.142,122800.000
2015-04-20,2.152,2.077,2.201,2.071,169275.000
2015-04-21,2.087,2.139,2.146,2.062,101265.000
2015-04-22,2.149,2.244,2.245,2.149,85040.000
2015-04-23,2.257,2.254,2.282,2.227,97580.000
2015-04-24,2.237,2.198,2.237,2.147,100272.000
2015-04-27,2.202,2.269,2.272,2.202,116201.000
2015-04-28,2.267,2.202,2.277,2.177,102758.000
2015-04-29,2.198,2.205,2.227,2.161,55905.000
2015-04-30,2.215,2.204,2.242,2.197,51746.000
2015-05-04,2.203,2.254,2.257,2.174,76416.000
2015-05-05,2.254,2.101,2.272,2.077,107381.000
2015-05-06,2.096,2.026,2.147,1.993,77873.000
2015-05-07,2.017,1.918,2.017,1.910,111297.000
2015-05-08,1.922,1.985,1.995,1.913,80036.000
2015-05-11,1.998,2.096,2.096,1.977,148982.000
2015-05-12,2.096,2.139,2.143,2.087,64308.000
2015-05-13,2.137,2.110,2.142,2.102,70371.000
2015-05-14,2.101,2.125,2.144,2.088,89521.000
2015-05-15,2.109,2.076,2.111,2.047,56878.000
2015-05-18,2.065,2.034,2.082,2.027,72639.000
2015-05-19,2.027,2.140,2.145,2.027,87553.000
2015-05-20,2.146,2.158,2.230,2.146,81967.000
2015-05-21,2.160,2.254,2.257,2.160,88492.000
2015-05-22,2.288,2.343,2.345,2.273,116330.000
2015-05-25,2.351,2.469,2.470,2.339,90649.000
2015-05-26,2.497,2.521,2.522,2.411,114046.000
2015-05-27,2.591,2.521,2.591,2.472,248928.000
2015-05-28,2.506,2.297,2.549,2.266,131961.000
2015-05-29,2.272,2.260,2.387,2.118,119273.000
2015-06-01,2.241,2.512,2.529,2.241,90254.000
2015-06-02,2.517,2.567,2.572,2.467,109897.000
2015-06-03,2.566,2.549,2.567,2.484,129285.000
2015-06-04,2.537,2.601,2.607,2.393,158974.000
2015-06-05,2.637,2.687,2.766,2.612,142792.000
2015-06-08,2.717,2.780,2.806,2.681,319612.000
2015-06-09,2.781,2.794,2.797,2.722,388574.000
2015-06-10,2.767,2.782,2.817,2.713,184069.000
2015-06-11,2.780,2.773,2.785,2.737,130846.000
2015-06-12,2.776,2.881,2.886,2.776,141438.000
2015-06-15,2.881,2.859,2.935,2.853,463373.000
2015-06-16,2.827,2.702,2.848,2.663,345407.000
2015-06-17,2.679,2.796,2.802,2.587,165879.000
2015-06-18,2.797,2.707,2.824,2.687,2381704.000
2015-06-19,2.695,2.426,2.695,2.417,520726.000
2015-06-23,2.427,2.482,2.482,2.230,1136071.000
2015-06-24,2.493,2.592,2.592,2.477,2077599.000
2015-06-25,2.587,2.465,2.617,2.422,3154123.000
2015-06-26,2.422,2.095,2.422,2.091,4648611.000
2015-06-29,2.207,2.066,2.260,1.881,5932277.000
2015-06-30,2.096,2.273,2.277,1.905,3719665.000
2015-07-01,2.247,2.041,2.287,2.027,4512503.000
2015-07-02,2.041,1.888,2.075,1.836,3310388.000
2015-07-03,1.872,1.667,1.917,1.657,1355161.000
2015-07-06,1.961,1.777,1.961,1.633,504436.000
2015-07-07,1.775,1.669,1.775,1.522,432091.000
2015-07-08,1.375,1.375,1.627,1.375,199418.000
2015-07-09,1.327,1.640,1.640,1.327,171718.000
2015-07-10,1.757,1.931,1.931,1.747,238584.000
2015-07-13,2.065,2.120,2.122,1.877,448721.000
2015-07-14,2.057,1.957,2.099,1.907,990930.000
2015-07-15,1.926,1.782,1.957,1.771,201219.000
2015-07-16,1.729,1.825,1.897,1.728,410248.000
2015-07-17,1.832,1.965,1.982,1.832,1997334.000
2015-07-20,1.937,1.952,1.996,1.907,2054326.000
2015-07-21,1.922,1.983,2.007,1.897,1586152.000
2015-07-22,1.979,1.963,1.996,1.924,1249970.000
2015-07-23,1.964,2.052,2.053,1.949,926017.000
2015-07-24,2.037,1.986,2.087,1.977,1676050.000
2015-07-27,1.942,1.683,1.972,1.661,1422593.000
2015-07-28,1.645,1.697,1.771,1.577,2144908.000
2015-07-29,1.705,1.821,1.841,1.693,825476.000
2015-07-30,1.832,1.757,1.863,1.757,934782.000
2015-07-31,1.727,1.745,1.817,1.713,180180.000
2015-08-03,1.733,1.826,1.827,1.707,155401.000
2015-08-04,1.797,1.884,1.906,1.784,183655.000
2015-08-05,1.900,1.817,1.905,1.817,205951.000
2015-08-06,1.796,1.787,1.827,1.767,144482.000
2015-08-07,1.793,1.847,1.865,1.793,207972.000
2015-08-10,1.863,1.991,2.007,1.863,114173.000
2015-08-11,1.983,1.975,2.013,1.948,172479.000
2015-08-12,1.948,1.924,1.975,1.923,247203.000
2015-08-13,1.927,1.968,1.969,1.872,306501.000
2015-08-14,1.995,1.965,2.000,1.945,180627.000
2015-08-17,1.937,1.992,1.993,1.913,441984.000
2015-08-18,1.995,1.830,2.016,1.680,666317.000
2015-08-19,1.749,1.847,1.864,1.627,1168034.000
2015-08-20,1.812,1.740,1.812,1.737,320951.000
2015-08-21,1.724,1.606,1.732,1.581,673990.000
2015-08-24,1.557,1.318,1.557,1.318,124910.000
2015-08-25,1.137,1.081,1.249,1.071,352755.000
2015-08-26,1.177,1.100,1.227,1.032,2179177.000
2015-08-27,1.122,1.253,1.257,1.122,1329799.000
2015-08-28,1.260,1.375,1.380,1.260,1299521.000
2015-08-31,1.327,1.365,1.387,1.287,1213666.000
2015-09-01,1.357,1.357,1.367,1.250,1242515.000
2015-09-02,1.315,1.377,1.402,1.249,1094737.000
2015-09-07,1.352,1.295,1.437,1.227,844364.000
2015-09-08,1.287,1.372,1.377,1.230,146131.000
2015-09-09,1.377,1.427,1.607,1.357,130831.000
2015-09-10,1.395,1.375,1.415,1.367,43602.000
2015-09-11,1.367,1.371,1.395,1.325,14491.000
2015-09-14,1.377,1.272,1.391,1.271,29102.000
2015-09-15,1.257,1.190,1.259,1.182,33940.000
2015-09-16,1.191,1.330,1.376,1.187,34758.000
2015-09-17,1.241,1.253,1.338,1.241,63408.000
2015-09-18,1.282,1.254,1.297,1.238,9471.000
2015-09-21,1.233,1.285,1.287,1.228,10609.000
2015-09-22,1.286,1.303,1.313,1.286,18904.000
2015-09-23,1.293,1.281,1.293,1.267,8754.000
2015-09-24,1.266,1.283,1.287,1.227,6650.000
2015-09-25,1.277,1.244,1.283,1.218,9958.000
2015-09-28,1.223,1.237,1.245,1.223,12494.000
2015-09-29,1.228,1.205,1.236,1.202,6935.000
2015-09-30,1.212,1.218,1.226,1.205,3820.000
2015-10-08,1.293,1.282,1.297,1.258,29498.000
2015-10-09,1.279,1.305,1.307,1.272,32384.000
2015-10-12,1.305,1.388,1.407,1.304,29743.000
2015-10-13,1.388,1.385,1.394,1.377,12057.000
2015-10-14,1.394,1.367,1.394,1.358,12671.000
2015-10-15,1.360,1.420,1.427,1.359,17177.000
2015-10-16,1.407,1.458,1.477,1.407,28244.000
2015-10-19,1.461,1.465,1.497,1.451,19645.000
2015-10-20,1.487,1.487,1.489,1.459,11496.000
2015-10-21,1.477,1.405,1.509,1.397,17161.000
2015-10-22,1.410,1.445,1.447,1.377,14212.000
2015-10-23,1.446,1.484,1.497,1.428,11778.000
2015-10-26,1.502,1.507,1.523,1.497,18377.000
2015-10-27,1.503,1.515,1.517,1.457,11993.000
2015-10-28,1.507,1.483,1.517,1.482,7502.000
2015-10-29,1.490,1.477,1.497,1.468,6562.000
2015-10-30,1.477,1.477,1.487,1.463,4444.000
2015-11-02,1.477,1.457,1.483,1.443,5400.000
2015-11-03,1.461,1.426,1.461,1.421,9277.000
2015-11-04,1.427,1.513,1.517,1.424,19523.000
2015-11-05,1.524,1.566,1.615,1.507,34620.000
2015-11-06,1.568,1.613,1.627,1.567,26342.000
2015-11-09,1.628,1.672,1.757,1.628,50466.000
2015-11-10,1.664,1.662,1.681,1.638,40767.000
2015-11-11,1.647,1.659,1.682,1.627,14517.000
2015-11-12,1.659,1.627,1.666,1.627,16085.000
2015-11-13,1.627,1.604,1.627,1.603,7911.000
2015-11-16,1.583,1.613,1.613,1.573,7555.000
2015-11-17,1.623,1.629,1.667,1.623,16141.000
2015-11-18,1.628,1.604,1.628,1.603,6896.000
2015-11-19,1.607,1.633,1.636,1.599,6089.000
2015-11-20,1.633,1.625,1.637,1.614,8365.000
2015-11-23,1.617,1.620,1.650,1.605,18298.000
2015-11-24,1.620,1.616,1.627,1.584,8427.000
2015-11-25,1.607,1.645,1.652,1.588,18587.000
2015-11-26,1.653,1.642,1.674,1.639,17698.000
2015-11-27,1.637,1.559,1.637,1.508,13899.000
2015-11-30,1.527,1.526,1.547,1.468,15940.000
2015-12-01,1.526,1.505,1.526,1.487,9073.000
2015-12-02,1.506,1.578,1.592,1.489,13221.000
2015-12-03,1.579,1.607,1.609,1.560,9429.000
2015-12-04,1.587,1.558,1.605,1.547,9059.000
2015-12-07,1.558,1.552,1.574,1.530,3324.000
2015-12-08,1.547,1.517,1.547,1.507,6726.000
2015-12-09,1.504,1.512,1.515,1.495,5471.000
2015-12-10,1.512,1.498,1.532,1.495,4183.000
2015-12-11,1.493,1.480,1.506,1.471,5849.000
2015-12-14,1.479,1.533,1.536,1.443,8443.000
2015-12-15,1.532,1.515,1.532,1.507,4487.000
2015-12-16,1.517,1.507,1.532,1.507,5284.000
2015-12-17,1.523,1.561,1.577,1.523,16344.000
2015-12-18,1.561,1.562,1.585,1.553,10176.000
2015-12-21,1.562,1.637,1.647,1.553,32396.000
2015-12-22,1.644,1.636,1.655,1.629,12672.000
2015-12-23,1.642,1.654,1.677,1.636,18158.000
2015-12-24,1.655,1.623,1.655,1.594,14670.000
2015-12-25,1.623,1.626,1.632,1.617,6381.000
2015-12-28,1.627,1.563,1.667,1.557,27075.000
2015-12-29,1.566,1.576,1.597,1.555,11724.000
2015-12-30,1.586,1.577,1.586,1.567,4361.000
2015-12-31,1.592,1.580,1.593,1.567,5810.000
2016-01-04,1.583,1.453,1.588,1.443,18759.000
2016-01-05,1.447,1.413,1.447,1.337,32963.000
2016-01-06,1.437,1.456,1.456,1.407,19749.000
2016-01-07,1.413,1.322,1.445,1.290,3125.000
2016-01-08,1.327,1.358,1.436,1.287,46185.000
2016-01-11,1.347,1.264,1.347,1.255,22843.000
2016-01-12,1.267,1.218,1.295,1.189,20223.000
2016-01-13,1.229,1.197,1.243,1.197,12363.000
2016-01-14,1.175,1.223,1.227,1.129,19673.000
2016-01-15,1.187,1.143,1.217,1.125,24392.000
2016-01-18,1.137,1.133,1.148,1.102,15214.000
2016-01-19,1.139,1.204,1.205,1.127,19561.000
2016-01-20,1.215,1.164,1.215,1.144,21453.000
2016-01-21,1.152,1.114,1.178,1.102,12372.000
2016-01-22,1.112,1.127,1.132,1.094,14661.000
2016-01-25,1.132,1.141,1.148,1.126,6693.000
2016-01-26,1.141,1.007,1.141,0.977,23712.000
2016-01-27,1.002,0.983,1.015,0.927,22189.000
2016-01-28,0.982,0.952,0.994,0.943,8145.000
2016-01-29,0.954,0.997,1.007,0.947,12378.000
2016-02-01,0.998,0.960,1.004,0.946,10680.000
2016-02-02,0.959,0.999,1.004,0.959,8100.000
2016-02-03,0.985,0.988,0.992,0.965,6106.000
2016-02-04,0.994,1.009,1.016,0.994,14706.000
2016-02-05,1.026,1.009,1.026,0.999,9068.000
2016-02-15,0.977,0.990,1.004,0.965,9218.000
2016-02-16,1.006,1.046,1.046,1.006,11915.000
2016-02-17,1.041,1.065,1.067,1.037,8805.000
2016-02-18,1.077,1.069,1.085,1.067,10932.000
2016-02-19,1.069,1.070,1.076,1.057,12105.000
2016-02-22,1.077,1.112,1.117,1.077,14785.000
2016-02-23,1.115,1.091,1.115,1.077,5356.000
2016-02-24,1.092,1.100,1.110,1.078,8617.000
2016-02-25,1.095,1.008,1.099,0.966,16951.000
2016-02-26,1.011,1.002,1.027,0.955,26234.000
2016-02-29,1.002,0.962,1.002,0.925,28920.000
2016-03-01,0.978,0.984,0.997,0.959,14022.000
2016-03-02,0.995,1.089,1.090,0.995,24589.000
2016-03-03,1.106,1.088,1.106,1.084,12898.000
2016-03-04,1.096,1.117,1.137,1.067,25287.000
2016-03-07,1.136,1.129,1.147,1.119,13097.000
2016-03-08,1.128,1.123,1.129,1.077,8522.000
2016-03-09,1.122,1.095,1.122,1.077,6378.000
2016-03-10,1.105,1.083,1.126,1.080,4430.000
2016-03-11,1.082,1.085,1.092,1.061,6723.000
2016-03-14,1.087,1.106,1.132,1.086,23100.000
2016-03-15,1.107,1.106,1.111,1.081,13020.000
2016-03-16,1.106,1.118,1.139,1.106,12952.000
2016-03-17,1.120,1.143,1.160,1.118,10633.000
2016-03-18,1.157,1.177,1.182,1.146,9886.000
2016-03-21,1.183,1.201,1.209,1.183,22966.000
2016-03-22,1.201,1.195,1.201,1.187,9266.000
2016-03-23,1.193,1.186,1.203,1.167,20885.000
2016-03-24,1.177,1.156,1.181,1.155,18398.000
2016-03-25,1.156,1.159,1.176,1.152,5597.000
2016-03-28,1.160,1.160,1.203,1.139,13907.000
2016-03-29,1.147,1.118,1.155,1.115,9028.000
2016-03-30,1.122,1.181,1.183,1.122,12936.000
2016-03-31,1.189,1.181,1.196,1.167,16797.000
2016-04-01,1.182,1.185,1.185,1.158,7250.000
2016-04-05,1.185,1.224,1.225,1.176,25746.000
2016-04-06,1.207,1.215,1.225,1.207,9078.000
2016-04-07,1.215,1.195,1.226,1.195,8630.000
2016-04-08,1.185,1.186,1.187,1.175,7950.000
2016-04-11,1.185,1.213,1.223,1.185,18512.000
2016-04-12,1.213,1.202,1.213,1.195,8752.000
2016-04-13,1.208,1.244,1.259,1.177,29674.000
2016-04-14,1.248,1.247,1.257,1.232,12452.000
2016-04-15,1.256,1.245,1.256,1.236,9718.000
2016-04-18,1.242,1.228,1.242,1.212,6165.000
2016-04-19,1.230,1.223,1.240,1.210,9704.000
2016-04-20,1.227,1.186,1.378,1.138,38572.000
2016-04-21,1.185,1.194,1.209,1.160,22592.000
2016-04-22,1.193,1.193,1.193,1.168,9551.000
2016-04-25,1.193,1.177,1.193,1.162,3981.000
2016-04-26,1.186,1.189,1.197,1.177,8265.000
2016-04-27,1.203,1.193,1.203,1.189,11626.000
2016-04-28,1.197,1.187,1.206,1.167,7339.000
2016-04-29,1.188,1.183,1.188,1.177,10730.000
2016-05-03,1.195,1.209,1.212,1.172,15300.000
2016-05-04,1.209,1.201,1.209,1.188,6355.000
2016-05-05,1.200,1.192,1.200,1.181,4225.000
2016-05-06,1.192,1.151,1.195,1.138,15094.000
2016-05-09,1.156,1.081,1.156,1.068,26990.000
2016-05-10,1.079,1.072,1.107,1.067,11440.000
2016-05-11,1.079,1.073,1.085,1.065,9639.000
2016-05-12,1.073,1.082,1.094,1.051,8194.000
2016-05-13,1.074,1.083,1.093,1.074,8201.000
2016-05-16,1.079,1.093,1.093,1.074,11115.000
2016-05-17,1.094,1.095,1.101,1.086,8071.000
2016-05-18,1.094,1.077,1.094,1.054,18399.000
2016-05-19,1.074,1.069,1.085,1.061,4559.000
2016-05-20,1.067,1.071,1.076,1.064,4266.000
2016-05-23,1.083,1.082,1.097,1.077,4995.000
2016-05-24,1.084,1.076,1.084,1.067,4468.000
2016-05-25,1.084,1.074,1.087,1.074,4732.000
2016-05-26,1.081,1.074,1.081,1.059,10398.000
2016-05-27,1.074,1.079,1.086,0.993,3586.000
2016-05-30,1.074,1.088,1.097,1.068,8931.000
2016-05-31,1.088,1.154,1.157,1.088,20617.000
2016-06-01,1.160,1.148,1.160,1.123,9972.000
2016-06-02,1.154,1.148,1.154,1.139,4626.000
2016-06-03,1.148,1.152,1.156,1.142,4987.000
2016-06-06,1.158,1.153,1.158,1.149,4630.000
2016-06-07,1.158,1.153,1.159,1.147,4269.000
2016-06-08,1.158,1.141,1.158,1.139,11786.000
2016-06-13,1.141,1.089,1.141,1.087,11161.000
2016-06-14,1.091,1.095,1.103,1.077,5936.000
2016-06-15,1.094,1.115,1.117,1.087,8108.000
2016-06-16,1.115,1.098,1.116,1.097,11287.000
2016-06-17,1.098,1.111,1.122,1.098,7918.000
2016-06-20,1.121,1.117,1.125,1.107,6938.000
2016-06-21,1.118,1.117,1.133,1.116,16381.000
2016-06-22,1.127,1.147,1.156,1.116,13064.000
2016-06-23,1.141,1.125,1.141,1.124,7768.000
2016-06-24,1.127,1.104,1.133,1.090,13896.000
2016-06-27,1.095,1.125,1.127,1.067,19790.000
2016-06-28,1.120,1.121,1.124,1.106,12659.000
2016-06-29,1.127,1.135,1.137,1.127,7543.000
2016-06-30,1.137,1.143,1.155,1.135,8898.000
2016-07-01,1.147,1.149,1.158,1.143,9945.000
2016-07-04,1.152,1.188,1.197,1.149,19071.000
2016-07-05,1.188,1.201,1.205,1.187,12223.000
2016-07-06,1.199,1.193,1.199,1.185,8043.000
2016-07-07,1.194,1.195,1.197,1.186,5356.000
2016-07-08,1.189,1.185,1.195,1.184,7737.000
2016-07-11,1.185,1.195,1.207,1.185,14203.000
2016-07-12,1.202,1.253,1.255,1.185,20044.000
2016-07-13,1.253,1.268,1.284,1.253,10708.000
2016-07-14,1.268,1.260,1.272,1.255,7297.000
2016-07-15,1.259,1.267,1.277,1.259,12873.000
2016-07-18,1.266,1.276,1.280,1.261,10982.000
2016-07-19,1.276,1.262,1.276,1.253,14475.000
2016-07-20,1.262,1.263,1.270,1.257,6233.000
2016-07-21,1.263,1.280,1.285,1.263,7546.000
2016-07-22,1.279,1.263,1.280,1.256,9344.000
2016-07-25,1.270,1.268,1.272,1.253,6038.000
2016-07-26,1.267,1.297,1.297,1.266,14022.000
2016-07-27,1.301,1.275,1.312,1.247,22264.000
2016-07-28,1.267,1.293,1.305,1.259,12975.000
2016-07-29,1.296,1.302,1.312,1.292,11301.000
2016-08-01,1.307,1.286,1.307,1.269,18163.000
2016-08-02,1.295,1.288,1.295,1.270,11114.000
2016-08-03,1.288,1.285,1.291,1.276,6346.000
2016-08-04,1.286,1.285,1.291,1.277,7076.000
2016-08-05,1.285,1.297,1.301,1.285,7767.000
2016-08-08,1.297,1.309,1.309,1.282,10047.000
2016-08-09,1.309,1.334,1.335,1.309,12322.000
2016-08-10,1.334,1.331,1.355,1.327,23468.000
2016-08-11,1.332,1.322,1.358,1.322,45704.000
2016-08-12,1.322,1.375,1.381,1.322,39275.000
2016-08-15,1.380,1.434,1.456,1.380,96324.000
2016-08-16,1.437,1.410,1.452,1.405,77969.000
2016-08-17,1.412,1.421,1.432,1.405,20115.000
2016-08-18,1.421,1.408,1.432,1.406,20506.000
2016-08-19,1.408,1.418,1.422,1.397,17213.000
2016-08-22,1.420,1.406,1.421,1.397,9325.000
2016-08-23,1.406,1.403,1.412,1.395,10231.000
2016-08-24,1.410,1.396,1.415,1.390,20458.000
2016-08-25,1.394,1.383,1.396,1.367,13889.000
2016-08-26,1.385,1.380,1.396,1.373,7748.000
2016-08-29,1.380,1.384,1.386,1.369,4281.000
2016-08-30,1.383,1.381,1.396,1.377,13867.000
2016-08-31,1.382,1.394,1.401,1.379,10752.000
2016-09-01,1.399,1.379,1.399,1.378,16533.000
2016-09-02,1.381,1.386,1.390,1.368,7691.000
2016-09-05,1.386,1.399,1.402,1.386,39740.000
2016-09-06,1.400,1.408,1.409,1.392,18607.000
2016-09-07,1.408,1.415,1.427,1.408,19914.000
2016-09-08,1.415,1.414,1.422,1.406,16933.000
2016-09-09,1.414,1.407,1.422,1.406,20877.000
2016-09-12,1.402,1.346,1.402,1.336,43142.000
2016-09-13,1.351,1.345,1.379,1.337,22869.000
2016-09-14,1.344,1.334,1.344,1.329,17006.000
2016-09-19,1.337,1.348,1.353,1.337,14313.000
2016-09-20,1.349,1.350,1.352,1.337,12986.000
2016-09-21,1.350,1.356,1.359,1.350,16482.000
2016-09-22,1.364,1.377,1.387,1.363,15047.000
2016-09-23,1.383,1.368,1.387,1.360,7439.000
2016-09-26,1.360,1.334,1.363,1.331,12940.000
2016-09-27,1.329,1.331,1.336,1.316,19672.000
2016-09-28,1.340,1.328,1.340,1.325,7124.000
2016-09-29,1.330,1.338,1.344,1.330,8160.000
2016-09-30,1.337,1.347,1.347,1.335,10238.000
2016-10-10,1.347,1.377,1.387,1.347,24070.000
2016-10-11,1.378,1.381,1.384,1.373,14861.000
2016-10-12,1.380,1.374,1.380,1.370,8710.000
2016-10-13,1.374,1.386,1.387,1.373,12039.000
2016-10-14,1.386,1.386,1.387,1.373,11489.000
2016-10-17,1.396,1.371,1.396,1.367,18260.000
2016-10-18,1.371,1.402,1.403,1.369,19396.000
2016-10-19,1.402,1.403,1.417,1.400,12525.000
2016-10-20,1.402,1.402,1.407,1.397,17387.000
2016-10-21,1.405,1.420,1.425,1.402,21400.000
2016-10-24,1.420,1.456,1.463,1.420,33356.000
2016-10-25,1.456,1.456,1.459,1.447,17574.000
2016-10-26,1.453,1.435,1.456,1.432,38271.000
2016-10-27,1.437,1.435,1.438,1.423,20071.000
2016-10-28,1.435,1.427,1.444,1.422,18777.000
2016-10-31,1.434,1.421,1.434,1.411,14491.000
2016-11-01,1.422,1.434,1.435,1.419,13076.000
2016-11-02,1.435,1.416,1.435,1.411,62824.000
2016-11-03,1.412,1.433,1.439,1.407,30451.000
2016-11-04,1.433,1.430,1.446,1.427,46616.000
2016-11-07,1.429,1.442,1.455,1.427,65946.000
2016-11-08,1.453,1.454,1.462,1.442,53010.000
2016-11-09,1.454,1.435,1.454,1.415,111692.000
2016-11-10,1.438,1.468,1.473,1.438,25715.000
2016-11-11,1.472,1.485,1.490,1.466,33088.000
2016-11-14,1.484,1.491,1.505,1.477,34351.000
2016-11-15,1.491,1.482,1.492,1.477,13755.000
2016-11-16,1.483,1.488,1.491,1.478,19666.000
2016-11-17,1.487,1.492,1.495,1.476,16790.000
2016-11-18,1.491,1.484,1.503,1.482,14235.000
2016-11-21,1.486,1.509,1.526,1.484,28154.000
2016-11-22,1.513,1.536,1.538,1.509,25385.000
2016-11-23,1.536,1.541,1.561,1.532,32897.000
2016-11-24,1.542,1.547,1.561,1.536,18632.000
2016-11-25,1.548,1.577,1.578,1.538,34930.000
2016-11-28,1.580,1.597,1.619,1.580,53157.000
2016-11-29,1.601,1.609,1.643,1.586,63530.000
2016-11-30,1.609,1.573,1.609,1.567,42766.000
2016-12-01,1.573,1.605,1.608,1.573,57979.000
2016-12-02,1.599,1.585,1.615,1.574,40116.000
2016-12-05,1.577,1.549,1.577,1.542,34505.000
2016-12-06,1.537,1.542,1.566,1.537,20608.000
2016-12-07,1.544,1.554,1.555,1.529,19899.000
2016-12-08,1.555,1.561,1.566,1.555,13483.000
2016-12-09,1.562,1.585,1.593,1.552,37496.000
2016-12-12,1.582,1.536,1.588,1.518,83382.000
2016-12-13,1.525,1.519,1.530,1.499,33132.000
2016-12-14,1.515,1.504,1.530,1.504,34088.000
2016-12-15,1.504,1.452,1.504,1.444,60021.000
2016-12-16,1.465,1.457,1.465,1.447,23762.000
2016-12-19,1.457,1.453,1.464,1.449,16824.000
2016-12-20,1.456,1.432,1.456,1.417,44811.000
2016-12-21,1.436,1.459,1.461,1.436,23388.000
2016-12-22,1.460,1.464,1.468,1.453,20105.000
2016-12-23,1.465,1.436,1.465,1.432,26201.000
2016-12-26,1.439,1.446,1.447,1.410,32619.000
2016-12-27,1.447,1.445,1.452,1.442,15132.000
2016-12-28,1.445,1.433,1.448,1.427,20904.000
2016-12-29,1.432,1.434,1.440,1.428,52458.000
2016-12-30,1.435,1.440,1.443,1.431,49625.000
2017-01-03,1.443,1.464,1.469,1.443,28854.000
2017-01-04,1.467,1.484,1.488,1.462,26788.000
2017-01-05,1.487,1.487,1.490,1.478,21096.000
2017-01-06,1.490,1.486,1.497,1.478,23733.000
2017-01-09,1.486,1.497,1.498,1.482,20684.000
2017-01-10,1.495,1.488,1.498,1.483,24137.000
2017-01-11,1.488,1.471,1.488,1.468,21484.000
2017-01-12,1.472,1.463,1.476,1.459,39648.000
2017-01-13,1.463,1.472,1.472,1.454,33705.000
2017-01-16,1.472,1.499,1.506,1.451,60002.000
2017-01-17,1.483,1.497,1.497,1.482,17933.000
2017-01-18,1.496,1.510,1.514,1.493,27507.000
2017-01-19,1.510,1.502,1.521,1.502,32097.000
2017-01-20,1.504,1.521,1.523,1.504,19393.000
2017-01-23,1.598,1.520,1.598,1.517,43516.000
2017-01-24,1.522,1.534,1.537,1.518,20258.000
2017-01-25,1.536,1.540,1.543,1.529,23480.000
2017-01-26,1.541,1.544,1.554,1.541,76698.000
2017-02-03,1.552,1.526,1.552,1.525,44489.000
2017-02-06,1.524,1.530,1.537,1.523,43242.000
2017-02-07,1.535,1.529,1.538,1.523,30753.000
2017-02-08,1.530,1.536,1.537,1.516,31501.000
2017-02-09,1.536,1.546,1.551,1.534,40625.000
2017-02-10,1.546,1.562,1.568,1.546,59560.000
2017-02-13,1.566,1.572,1.577,1.562,51957.000
2017-02-14,1.572,1.568,1.574,1.561,34934.000
2017-02-15,1.568,1.573,1.593,1.568,178632.000
2017-02-16,1.572,1.585,1.586,1.572,121959.000
2017-02-17,1.585,1.567,1.588,1.564,141900.000
2017-02-20,1.566,1.603,1.603,1.566,52474.000
2017-02-21,1.604,1.609,1.620,1.602,36953.000
2017-02-22,1.608,1.623,1.625,1.603,104857.000
2017-02-23,1.619,1.610,1.625,1.568,74025.000
2017-02-24,1.610,1.607,1.613,1.596,41984.000
2017-02-27,1.606,1.590,1.606,1.586,49388.000
2017-02-28,1.578,1.598,1.601,1.578,63060.000
2017-03-01,1.602,1.599,1.609,1.594,144116.000
2017-03-02,1.600,1.583,1.604,1.580,81822.000
2017-03-03,1.583,1.580,1.584,1.569,53701.000
2017-03-06,1.578,1.589,1.591,1.578,85821.000
2017-03-07,1.588,1.586,1.588,1.577,63545.000
2017-03-08,1.585,1.581,1.587,1.578,50808.000
2017-03-09,1.580,1.562,1.580,1.557,90065.000
2017-03-10,1.564,1.562,1.566,1.556,55210.000
2017-03-13,1.561,1.588,1.590,1.554,46608.000
2017-03-14,1.589,1.592,1.594,1.582,42453.000
2017-03-15,1.590,1.597,1.598,1.579,57136.000
2017-03-16,1.598,1.606,1.613,1.598,129831.000
2017-03-17,1.608,1.577,1.608,1.571,104197.000
2017-03-20,1.586,1.596,1.603,1.576,98481.000
2017-03-21,1.594,1.604,1.605,1.586,58874.000
2017-03-22,1.598,1.583,1.599,1.580,46380.000
2017-03-23,1.584,1.585,1.602,1.577,42540.000
2017-03-24,1.588,1.614,1.620,1.586,61661.000
2017-03-27,1.615,1.619,1.633,1.614,48711.000
2017-03-28,1.619,1.606,1.620,1.601,33452.000
2017-03-29,1.606,1.604,1.615,1.597,28901.000
2017-03-30,1.599,1.598,1.608,1.581,40915.000
2017-03-31,1.603,1.619,1.621,1.597,43225.000
2017-04-05,1.628,1.651,1.652,1.628,63224.000
2017-04-06,1.652,1.655,1.659,1.647,65420.000
2017-04-07,1.655,1.660,1.661,1.644,59343.000
2017-04-10,1.660,1.658,1.666,1.652,51448.000
2017-04-11,1.657,1.660,1.663,1.628,81709.000
2017-04-12,1.668,1.648,1.668,1.643,54685.000
2017-04-13,1.648,1.656,1.659,1.643,28765.000
2017-04-14,1.656,1.632,1.661,1.627,72459.000
2017-04-17,1.632,1.622,1.632,1.605,76707.000
2017-04-18,1.621,1.608,1.631,1.608,78490.000
2017-04-19,1.604,1.590,1.604,1.572,98359.000
2017-04-20,1.589,1.598,1.602,1.586,47399.000
2017-04-21,1.599,1.617,1.620,1.596,54749.000
2017-04-24,1.616,1.594,1.616,1.573,101933.000
2017-04-25,1.596,1.601,1.605,1.588,45038.000
2017-04-26,1.602,1.604,1.613,1.598,54110.000
2017-04-27,1.605,1.602,1.605,1.576,104257.000
2017-04-28,1.602,1.588,1.602,1.578,80099.000
2017-05-02,1.587,1.573,1.588,1.569,88120.000
2017-05-03,1.572,1.560,1.578,1.557,77698.000
2017-05-04,1.562,1.553,1.567,1.546,44326.000
2017-05-05,1.555,1.547,1.555,1.528,83427.000
2017-05-08,1.546,1.547,1.550,1.528,68691.000
2017-05-09,1.543,1.551,1.557,1.533,38946.000
2017-05-10,1.548,1.533,1.554,1.530,62605.000
2017-05-11,1.534,1.546,1.552,1.520,73031.000
2017-05-12,1.547,1.573,1.574,1.543,60182.000
2017-05-15,1.573,1.589,1.589,1.573,59575.000
2017-05-16,1.587,1.598,1.599,1.565,64594.000
2017-05-17,1.594,1.591,1.607,1.587,47551.000
2017-05-18,1.589,1.575,1.589,1.565,47015.000
2017-05-19,1.575,1.580,1.582,1.568,62634.000
2017-05-22,1.578,1.578,1.593,1.564,85143.000
2017-05-23,1.572,1.601,1.603,1.572,79126.000
2017-05-24,1.600,1.598,1.600,1.579,73901.000
2017-05-25,1.597,1.648,1.656,1.590,172291.000
2017-05-26,1.648,1.655,1.661,1.638,83515.000
2017-05-31,1.659,1.668,1.673,1.647,71170.000
2017-06-01,1.666,1.675,1.676,1.656,44464.000
2017-06-02,1.674,1.676,1.684,1.668,38358.000
2017-06-05,1.674,1.652,1.678,1.648,60341.000
2017-06-06,1.652,1.660,1.660,1.642,46682.000
2017-06-07,1.660,1.685,1.686,1.660,40702.000
2017-06-08,1.687,1.716,1.719,1.684,54777.000
2017-06-09,1.715,1.720,1.734,1.708,61623.000
2017-06-12,1.722,1.725,1.750,1.709,59856.000
2017-06-13,1.733,1.733,1.735,1.714,50809.000
2017-06-14,1.733,1.697,1.733,1.693,80597.000
2017-06-15,1.699,1.682,1.702,1.676,53187.000
2017-06-16,1.682,1.672,1.688,1.668,42596.000
2017-06-19,1.674,1.689,1.694,1.664,39326.000
2017-06-20,1.693,1.678,1.696,1.678,53800.000
2017-06-21,1.690,1.710,1.711,1.676,52338.000
2017-06-22,1.709,1.719,1.745,1.703,90884.000
2017-06-23,1.718,1.740,1.741,1.703,48579.000
2017-06-26,1.738,1.764,1.770,1.738,53652.000
2017-06-27,1.763,1.765,1.769,1.750,34055.000
2017-06-28,1.759,1.757,1.779,1.754,31786.000
2017-06-29,1.757,1.771,1.774,1.756,39917.000
2017-06-30,1.768,1.779,1.783,1.753,52649.000
2017-07-03,1.780,1.781,1.785,1.763,49620.000
2017-07-04,1.771,1.767,1.779,1.756,47952.000
2017-07-05,1.762,1.784,1.787,1.758,42943.000
2017-07-06,1.784,1.796,1.800,1.778,51612.000
2017-07-07,1.798,1.807,1.807,1.788,51516.000
2017-07-10,1.807,1.806,1.818,1.798,31370.000
2017-07-11,1.806,1.823,1.837,1.803,54868.000
2017-07-12,1.822,1.806,1.834,1.794,61226.000
2017-07-13,1.806,1.831,1.832,1.805,42354.000
2017-07-14,1.831,1.860,1.861,1.831,41705.000
2017-07-17,1.861,1.843,1.878,1.810,99650.000
2017-07-18,1.848,1.843,1.853,1.816,62933.000
2017-07-19,1.844,1.872,1.873,1.841,64827.000
2017-07-20,1.869,1.887,1.887,1.859,83769.000
2017-07-21,1.886,1.888,1.895,1.879,37513.000
2017-07-24,1.893,1.902,1.909,1.878,48133.000
2017-07-25,1.903,1.888,1.904,1.883,59835.000
2017-07-26,1.893,1.873,1.916,1.854,82770.000
2017-07-27,1.873,1.873,1.873,1.854,37803.000
2017-07-28,1.871,1.871,1.874,1.858,27414.000
2017-07-31,1.871,1.875,1.878,1.865,50760.000
2017-08-01,1.877,1.894,1.895,1.875,60179.000
2017-08-02,1.896,1.888,1.910,1.591,38590.000
2017-08-03,1.888,1.865,1.896,1.853,62689.000
2017-08-04,1.858,1.853,1.870,1.852,91167.000
2017-08-07,1.858,1.862,1.863,1.833,54281.000
2017-08-08,1.860,1.848,1.862,1.845,41308.000
2017-08-09,1.849,1.843,1.850,1.838,31201.000
2017-08-10,1.842,1.835,1.848,1.816,56124.000
2017-08-11,1.831,1.788,1.831,1.784,101821.000
2017-08-14,1.778,1.801,1.807,1.778,39942.000
2017-08-15,1.801,1.818,1.833,1.798,52523.000
2017-08-16,1.818,1.811,1.818,1.805,30099.000
2017-08-17,1.812,1.825,1.830,1.811,25827.000
2017-08-18,1.818,1.829,1.835,1.808,31320.000
2017-08-21,1.828,1.838,1.841,1.826,29712.000
2017-08-22,1.838,1.841,1.851,1.835,40502.000
2017-08-23,1.840,1.852,1.859,1.840,42438.000
2017-08-24,1.852,1.846,1.863,1.845,32703.000
2017-08-25,1.846,1.896,1.898,1.845,82364.000
2017-08-28,1.896,1.905,1.927,1.896,46856.000
2017-08-29,1.902,1.907,1.913,1.898,41496.000
2017-08-30,1.912,1.900,1.921,1.896,30101.000
2017-08-31,1.902,1.883,1.912,1.868,53858.000
2017-09-01,1.883,1.882,1.900,1.875,57237.000
2017-09-04,1.883,1.886,1.890,1.873,58779.000
2017-09-05,1.887,1.894,1.900,1.880,35080.000
2017-09-06,1.891,1.891,1.893,1.881,25471.000
2017-09-07,1.891,1.881,1.896,1.880,40146.000
2017-09-08,1.881,1.883,1.891,1.876,37807.000
2017-09-11,1.883,1.887,1.901,1.880,48834.000
2017-09-12,1.888,1.893,1.898,1.885,34152.000
2017-09-13,1.893,1.892,1.896,1.884,17853.000
2017-09-14,1.892,1.874,1.895,1.871,58796.000
2017-09-15,1.875,1.865,1.877,1.861,36368.000
2017-09-18,1.867,1.878,1.884,1.865,35807.000
2017-09-19,1.879,1.872,1.893,1.868,32052.000
2017-09-20,1.873,1.888,1.893,1.868,40779.000
2017-09-21,1.888,1.897,1.902,1.881,26259.000
2017-09-22,1.896,1.901,1.903,1.886,50089.000
2017-09-25,1.900,1.898,1.901,1.889,38511.000
2017-09-26,1.893,1.894,1.901,1.888,23763.000
2017-09-27,1.894,1.898,1.902,1.891,17886.000
2017-09-28,1.892,1.894,1.897,1.889,21435.000
2017-09-29,1.894,1.904,1.905,1.894,28413.000
2017-10-09,1.938,1.926,1.956,1.923,44477.000
2017-10-10,1.926,1.918,1.936,1.900,52326.000
2017-10-11,1.920,1.930,1.936,1.909,32287.000
2017-10-12,1.930,1.936,1.940,1.925,26042.000
2017-10-13,1.937,1.937,1.943,1.930,49055.000
2017-10-16,1.937,1.933,1.937,1.928,31570.000
2017-10-17,1.932,1.929,1.933,1.922,22488.000
2017-10-18,1.928,1.944,1.945,1.927,30309.000
2017-10-19,1.944,1.951,1.956,1.944,47733.000
2017-10-20,1.949,1.961,1.963,1.944,40306.000
2017-10-23,1.960,1.957,1.961,1.954,24231.000
2017-10-24,1.955,1.974,1.975,1.950,35497.000
2017-10-25,1.975,1.979,1.979,1.970,21743.000
2017-10-26,1.979,1.972,1.992,1.967,47092.000
2017-10-27,1.984,1.987,1.988,1.974,34737.000
2017-10-30,1.988,1.980,1.993,1.953,63991.000
2017-10-31,1.976,1.968,1.976,1.956,48492.000
2017-11-01,1.968,1.943,1.972,1.943,55823.000
2017-11-02,1.942,1.940,1.946,1.925,47839.000
2017-11-03,1.940,1.931,1.940,1.911,61492.000
2017-11-06,1.930,1.943,1.943,1.917,32424.000
2017-11-07,1.943,1.961,1.973,1.943,50730.000
2017-11-08,1.961,1.969,1.989,1.959,41260.000
2017-11-09,1.972,1.985,1.987,1.968,26960.000
2017-11-10,1.987,2.004,2.006,1.968,46117.000
2017-11-13,2.004,2.027,2.035,2.004,39573.000
2017-11-14,2.026,2.011,2.032,2.005,43506.000
2017-11-15,2.011,1.992,2.011,1.987,40986.000
2017-11-16,1.991,1.991,1.994,1.981,35884.000
2017-11-17,1.991,2.026,2.029,1.989,52666.000
2017-11-20,2.023,2.049,2.053,1.996,67738.000
2017-11-21,2.049,2.075,2.089,2.040,66741.000
2017-11-22,2.078,2.089,2.112,2.073,42874.000
2017-11-23,2.088,2.023,2.100,2.006,84496.000
2017-11-24,2.020,2.018,2.028,1.990,100013.000
2017-11-27,2.018,1.989,2.018,1.972,93006.000
2017-11-28,1.980,1.981,1.991,1.963,61120.000
2017-11-29,1.982,1.980,1.998,1.959,38010.000
2017-11-30,1.979,1.961,1.984,1.957,61370.000
2017-12-01,1.961,1.958,1.966,1.945,57885.000
2017-12-04,1.958,1.957,1.966,1.944,53385.000
2017-12-05,1.957,1.992,2.000,1.956,93235.000
2017-12-06,1.991,1.964,1.991,1.938,60295.000
2017-12-07,1.961,1.939,1.963,1.929,63415.000
2017-12-08,1.936,1.935,1.939,1.918,57952.000
2017-12-11,1.933,1.965,1.965,1.922,51748.000
2017-12-12,1.957,1.923,1.958,1.921,63199.000
2017-12-13,1.923,1.936,1.937,1.910,50419.000
2017-12-14,1.936,1.924,1.942,1.920,53668.000
2017-12-15,1.919,1.900,1.924,1.899,65003.000
2017-12-18,1.904,1.904,1.910,1.895,46135.000
2017-12-19,1.905,1.929,1.929,1.905,48227.000
2017-12-20,1.929,1.930,1.938,1.921,48280.000
2017-12-21,1.933,1.937,1.946,1.913,62039.000
2017-12-22,1.939,1.935,1.946,1.934,66846.000
2017-12-25,1.934,1.938,1.963,1.933,84799.000
2017-12-26,1.938,1.957,1.958,1.935,67750.000
2017-12-27,1.958,1.938,1.966,1.933,58080.000
2017-12-28,1.940,1.954,1.958,1.932,52893.000
2017-12-29,1.955,1.970,1.970,1.954,95535.000
2018-01-02,1.971,2.015,2.018,1.971,73751.000
2018-01-03,2.016,2.030,2.045,2.008,57403.000
2018-01-04,2.029,2.031,2.039,2.022,39810.000
2018-01-05,2.031,2.063,2.071,2.026,60483.000
2018-01-08,2.062,2.085,2.103,2.061,77699.000
2018-01-09,2.087,2.084,2.091,2.075,42076.000
2018-01-10,2.084,2.094,2.103,2.075,113432.000
2018-01-11,2.093,2.086,2.100,2.072,76104.000
2018-01-12,2.085,2.094,2.105,2.080,49504.000
2018-01-15,2.095,2.089,2.117,2.083,51135.000
2018-01-16,2.087,2.112,2.113,2.083,49100.000
2018-01-17,2.118,2.122,2.152,2.103,90937.000
2018-01-18,2.123,2.150,2.152,2.123,68507.000
2018-01-19,2.154,2.166,2.185,2.153,80489.000
2018-01-22,2.164,2.187,2.191,2.161,66770.000
2018-01-23,2.194,2.236,2.237,2.189,97856.000
2018-01-24,2.238,2.246,2.264,2.226,60290.000
2018-01-25,2.245,2.232,2.252,2.206,67916.000
2018-01-26,2.229,2.268,2.277,2.223,60694.000
2018-01-29,2.261,2.236,2.301,2.217,100404.000
2018-01-30,2.235,2.205,2.241,2.198,82591.000
2018-01-31,2.199,2.202,2.209,2.173,64938.000
2018-02-01,2.204,2.199,2.221,2.174,69442.000
2018-02-02,2.189,2.230,2.234,2.158,65078.000
2018-02-05,2.207,2.280,2.283,2.197,61639.000
2018-02-06,2.245,2.192,2.246,2.177,153874.000
2018-02-07,2.227,2.129,2.249,2.123,127183.000
2018-02-08,2.123,2.071,2.125,2.037,126259.000
2018-02-09,2.026,1.955,2.026,1.885,207636.000
2018-02-12,1.960,1.961,1.977,1.937,99254.000
2018-02-13,1.970,2.000,2.031,1.970,74557.000
2018-02-14,2.000,2.009,2.012,1.977,76998.000
2018-02-22,2.047,2.067,2.067,2.033,63126.000
2018-02-23,2.067,2.081,2.089,2.054,67777.000
2018-02-26,2.090,2.100,2.113,2.063,75873.000
2018-02-27,2.107,2.061,2.111,2.055,89720.000
2018-02-28,2.048,2.033,2.048,2.012,67357.000
2018-03-01,2.026,2.027,2.047,2.004,64245.000
2018-03-02,2.018,2.025,2.034,2.000,58988.000
2018-03-05,2.025,2.027,2.047,2.012,37774.000
2018-03-06,2.038,2.052,2.056,2.016,53904.000
2018-03-07,2.053,2.048,2.079,2.045,63244.000
2018-03-08,2.047,2.061,2.065,2.043,25880.000
2018-03-09,2.071,2.063,2.071,2.054,53726.000
2018-03-12,2.072,2.069,2.081,2.065,48549.000
2018-03-13,2.069,2.057,2.078,2.054,47325.000
2018-03-14,2.056,2.049,2.056,2.039,30707.000
2018-03-15,2.047,2.043,2.054,2.035,49994.000
2018-03-16,2.044,2.026,2.052,2.022,38080.000
2018-03-19,2.025,2.011,2.027,2.001,49544.000
2018-03-20,2.011,2.017,2.017,1.991,41606.000
2018-03-21,2.023,2.007,2.034,2.002,39035.000
2018-03-22,2.016,1.987,2.016,1.973,62502.000
2018-03-23,1.945,1.920,1.945,1.882,170866.000
2018-03-26,1.912,1.890,1.912,1.854,110612.000
2018-03-27,1.901,1.890,1.957,1.879,77549.000
2018-03-28,1.879,1.854,1.896,1.854,89689.000
2018-03-29,1.855,1.905,1.911,1.838,65767.000
2018-03-30,1.905,1.898,1.911,1.890,47862.000
2018-04-02,1.898,1.882,1.912,1.880,61747.000
2018-04-03,1.868,1.842,1.869,1.837,92793.000
2018-04-04,1.844,1.843,1.867,1.842,59763.000
2018-04-09,1.841,1.841,1.851,1.825,44276.000
2018-04-10,1.842,1.893,1.894,1.842,59866.000
2018-04-11,1.896,1.915,1.926,1.893,56162.000
2018-04-12,1.915,1.885,1.915,1.883,48114.000
2018-04-13,1.910,1.872,1.910,1.869,32900.000
2018-04-16,1.872,1.819,1.872,1.810,99550.000
2018-04-17,1.827,1.795,1.829,1.787,66697.000
2018-04-18,1.810,1.797,1.822,1.765,91789.000
2018-04-19,1.797,1.815,1.817,1.792,47689.000
2018-04-20,1.813,1.780,1.823,1.772,55746.000
2018-04-23,1.778,1.780,1.793,1.767,46454.000
2018-04-24,1.779,1.835,1.855,1.779,75329.000
2018-04-25,1.827,1.818,1.832,1.814,39520.000
2018-04-26,1.821,1.778,1.825,1.774,66557.000
2018-04-27,1.785,1.783,1.793,1.750,86721.000
2018-05-02,1.789,1.795,1.799,1.783,52436.000
2018-05-03,1.795,1.812,1.818,1.786,55620.000
2018-05-04,1.812,1.811,1.819,1.807,31669.000
2018-05-07,1.811,1.842,1.843,1.808,41755.000
2018-05-08,1.842,1.867,1.871,1.837,58603.000
2018-05-09,1.873,1.861,1.873,1.856,41713.000
2018-05-10,1.864,1.882,1.884,1.864,32171.000
2018-05-11,1.882,1.876,1.890,1.873,30250.000
2018-05-14,1.879,1.882,1.894,1.877,34046.000
2018-05-15,1.888,1.892,1.893,1.878,36584.000
2018-05-16,1.889,1.881,1.893,1.879,32672.000
2018-05-17,1.878,1.875,1.886,1.871,28557.000
2018-05-18,1.875,1.905,1.906,1.866,42043.000
2018-05-21,1.912,1.914,1.926,1.910,58412.000
2018-05-22,1.914,1.900,1.916,1.893,29386.000
2018-05-23,1.897,1.877,1.899,1.877,46409.000
2018-05-24,1.877,1.854,1.878,1.852,52978.000
2018-05-25,1.853,1.858,1.862,1.842,48783.000
2018-05-28,1.855,1.853,1.862,1.842,41874.000
2018-05-29,1.851,1.850,1.859,1.842,39391.000
2018-05-30,1.841,1.811,1.841,1.805,76433.000
2018-05-31,1.819,1.852,1.856,1.819,49477.000
2018-06-01,1.848,1.841,1.860,1.830,36530.000
2018-06-04,1.846,1.858,1.862,1.846,34919.000
2018-06-05,1.861,1.872,1.875,1.848,32221.000
2018-06-06,1.870,1.865,1.870,1.859,25149.000
2018-06-07,1.866,1.855,1.874,1.855,39656.000
2018-06-08,1.854,1.821,1.854,1.812,60820.000
2018-06-11,1.819,1.817,1.820,1.804,52091.000
2018-06-12,1.818,1.837,1.846,1.810,36164.000
2018-06-13,1.836,1.834,1.843,1.831,19893.000
2018-06-14,1.829,1.832,1.842,1.818,20561.000
2018-06-15,1.832,1.830,1.841,1.822,41381.000
2018-06-19,1.826,1.763,1.827,1.727,124372.000
2018-06-20,1.753,1.758,1.762,1.735,69138.000
2018-06-21,1.758,1.738,1.777,1.735,61410.000
2018-06-22,1.735,1.733,1.738,1.710,45693.000
2018-06-25,1.739,1.713,1.753,1.712,54551.000
2018-06-26,1.697,1.680,1.697,1.650,123243.000
2018-06-27,1.680,1.648,1.689,1.636,121937.000
2018-06-28,1.651,1.621,1.652,1.616,89673.000
2018-06-29,1.624,1.667,1.670,1.623,99040.000
2018-07-02,1.668,1.592,1.668,1.576,261361.000
2018-07-03,1.598,1.597,1.601,1.541,103533.000
2018-07-04,1.596,1.590,1.610,1.587,53213.000
2018-07-05,1.591,1.576,1.605,1.567,58401.000
2018-07-06,1.579,1.593,1.607,1.550,80909.000
2018-07-09,1.597,1.648,1.650,1.596,96787.000
2018-07-10,1.648,1.658,1.663,1.637,67835.000
2018-07-11,1.617,1.620,1.629,1.603,86272.000
2018-07-12,1.617,1.665,1.677,1.617,85677.000
2018-07-13,1.671,1.662,1.676,1.657,31986.000
2018-07-16,1.663,1.652,1.671,1.637,48687.000
2018-07-17,1.640,1.639,1.651,1.623,55566.000
2018-07-18,1.639,1.653,1.672,1.639,45784.000
2018-07-19,1.654,1.642,1.667,1.642,48128.000
2018-07-20,1.643,1.709,1.717,1.635,73768.000
2018-07-23,1.703,1.746,1.751,1.696,65930.000
2018-07-24,1.747,1.768,1.779,1.747,68861.000
2018-07-25,1.776,1.767,1.776,1.758,39176.000
2018-07-26,1.767,1.750,1.779,1.745,41029.000
2018-07-27,1.750,1.742,1.757,1.739,29938.000
2018-07-30,1.742,1.747,1.770,1.733,50023.000
2018-07-31,1.746,1.764,1.771,1.736,48667.000
2018-08-01,1.766,1.713,1.775,1.711,69985.000
2018-08-02,1.707,1.656,1.707,1.630,112461.000
2018-08-03,1.659,1.643,1.674,1.642,65740.000
2018-08-06,1.648,1.627,1.666,1.616,66546.000
2018-08-07,1.630,1.683,1.683,1.619,76269.000
2018-08-08,1.681,1.648,1.681,1.648,50765.000
2018-08-09,1.647,1.692,1.700,1.640,50456.000
2018-08-10,1.695,1.682,1.700,1.665,41510.000
2018-08-13,1.667,1.661,1.667,1.629,73131.000
2018-08-14,1.661,1.655,1.666,1.649,38647.000
2018-08-15,1.657,1.609,1.661,1.608,94808.000
2018-08-16,1.600,1.599,1.617,1.569,77768.000
2018-08-17,1.614,1.574,1.619,1.572,67714.000
2018-08-20,1.577,1.600,1.602,1.572,58414.000
2018-08-21,1.602,1.626,1.635,1.602,46513.000
2018-08-22,1.626,1.615,1.631,1.610,27934.000
2018-08-23,1.615,1.624,1.636,1.602,38175.000
2018-08-24,1.623,1.634,1.652,1.610,48208.000
2018-08-27,1.637,1.686,1.688,1.637,61799.000
2018-08-28,1.686,1.684,1.694,1.680,45885.000
2018-08-29,1.682,1.681,1.686,1.664,65725.000
2018-08-30,1.672,1.663,1.686,1.657,76049.000
2018-08-31,1.656,1.653,1.668,1.639,46376.000
2018-09-03,1.655,1.649,1.659,1.627,50632.000
2018-09-04,1.650,1.673,1.679,1.643,51832.000
2018-09-05,1.668,1.637,1.671,1.630,58876.000
2018-09-06,1.625,1.612,1.640,1.610,49983.000
2018-09-07,1.617,1.624,1.644,1.607,56274.000
2018-09-10,1.620,1.612,1.627,1.607,94811.000
2018-09-11,1.611,1.601,1.612,1.590,55420.000
2018-09-12,1.604,1.597,1.611,1.583,56340.000
2018-09-13,1.612,1.626,1.627,1.600,54552.000
2018-09-14,1.627,1.629,1.636,1.620,38816.000
2018-09-17,1.626,1.615,1.626,1.609,67264.000
2018-09-18,1.611,1.653,1.654,1.607,47753.000
2018-09-19,1.653,1.688,1.696,1.646,109886.000
2018-09-20,1.691,1.679,1.694,1.676,42935.000
2018-09-21,1.685,1.755,1.757,1.679,90064.000
2018-09-25,1.732,1.732,1.740,1.724,63660.000
2018-09-26,1.737,1.752,1.786,1.735,81133.000
2018-09-27,1.749,1.756,1.760,1.745,38759.000
2018-09-28,1.756,1.778,1.782,1.756,56369.000
2018-10-08,1.746,1.684,1.746,1.680,134415.000
2018-10-09,1.684,1.676,1.694,1.673,75931.000
2018-10-10,1.680,1.686,1.700,1.666,53516.000
2018-10-11,1.622,1.575,1.652,1.548,354911.000
2018-10-12,1.574,1.591,1.601,1.538,179055.000
2018-10-15,1.600,1.552,1.601,1.544,118229.000
2018-10-16,1.550,1.531,1.567,1.527,107694.000
2018-10-17,1.548,1.551,1.564,1.519,106811.000
2018-10-18,1.542,1.507,1.542,1.502,162032.000
2018-10-19,1.496,1.564,1.566,1.477,133528.000
2018-10-22,1.579,1.652,1.672,1.579,202005.000
2018-10-23,1.653,1.589,1.653,1.582,191620.000
2018-10-24,1.588,1.601,1.633,1.580,112264.000
2018-10-25,1.557,1.598,1.602,1.531,122468.000
2018-10-26,1.607,1.602,1.622,1.586,53336.000
2018-10-29,1.602,1.551,1.608,1.539,135269.000
2018-10-30,1.546,1.565,1.592,1.538,85947.000
2018-10-31,1.575,1.593,1.599,1.569,97013.000
2018-11-01,1.598,1.590,1.617,1.587,89812.000
2018-11-02,1.629,1.652,1.652,1.610,134016.000
2018-11-05,1.638,1.637,1.648,1.612,89883.000
2018-11-06,1.636,1.633,1.637,1.617,43521.000
2018-11-07,1.633,1.618,1.650,1.615,69714.000
2018-11-08,1.628,1.620,1.640,1.611,95584.000
2018-11-09,1.609,1.583,1.610,1.582,87214.000
2018-11-12,1.580,1.613,1.613,1.577,55226.000
2018-11-13,1.596,1.627,1.637,1.588,63744.000
2018-11-14,1.627,1.602,1.633,1.599,61581.000
2018-11-15,1.602,1.621,1.625,1.602,50250.000
2018-11-16,1.627,1.627,1.642,1.615,71736.000
2018-11-19,1.628,1.651,1.652,1.628,68315.000
2018-11-20,1.642,1.606,1.648,1.602,96438.000
2018-11-21,1.595,1.606,1.610,1.584,47236.000
2018-11-22,1.609,1.597,1.613,1.587,40422.000
2018-11-23,1.596,1.552,1.596,1.547,154885.000
2018-11-26,1.552,1.555,1.568,1.544,63145.000
2018-11-27,1.557,1.549,1.564,1.541,56317.000
2018-11-28,1.547,1.565,1.566,1.535,46982.000
2018-11-29,1.575,1.548,1.575,1.547,51922.000
2018-11-30,1.547,1.564,1.565,1.541,51900.000
2018-12-03,1.605,1.620,1.631,1.599,121097.000
2018-12-04,1.621,1.626,1.630,1.607,56342.000
2018-12-05,1.606,1.619,1.629,1.601,47293.000
2018-12-06,1.602,1.588,1.607,1.582,71764.000
2018-12-07,1.588,1.598,1.600,1.587,25621.000
2018-12-10,1.592,1.584,1.597,1.577,53017.000
2018-12-11,1.588,1.586,1.592,1.581,29512.000
2018-12-12,1.592,1.602,1.607,1.592,31812.000
2018-12-13,1.606,1.629,1.640,1.603,111861.000
2018-12-14,1.627,1.613,1.630,1.611,100017.000
2018-12-17,1.610,1.627,1.628,1.606,44677.000
2018-12-18,1.620,1.611,1.627,1.596,66656.000
2018-12-19,1.608,1.596,1.620,1.594,51370.000
2018-12-20,1.593,1.581,1.607,1.566,102763.000
2018-12-21,1.577,1.567,1.579,1.553,106937.000
2018-12-24,1.562,1.582,1.582,1.556,53765.000
2018-12-25,1.571,1.557,1.571,1.524,162942.000
2018-12-26,1.555,1.559,1.566,1.551,42509.000
2018-12-27,1.578,1.556,1.590,1.546,62001.000
2018-12-28,1.555,1.560,1.564,1.546,60627.000
2019-01-02,1.564,1.516,1.567,1.506,169175.000
2019-01-03,1.512,1.509,1.534,1.506,84279.000
2019-01-04,1.497,1.543,1.544,1.489,96931.000
2019-01-07,1.552,1.568,1.571,1.549,77403.000
2019-01-08,1.567,1.573,1.574,1.556,73663.000
2019-01-09,1.573,1.585,1.616,1.573,111849.000
2019-01-10,1.587,1.577,1.594,1.577,81669.000
2019-01-11,1.579,1.588,1.593,1.576,51891.000
2019-01-14,1.589,1.590,1.597,1.587,60620.000
2019-01-15,1.591,1.608,1.612,1.582,94638.000
2019-01-16,1.613,1.610,1.614,1.606,72050.000
2019-01-17,1.611,1.603,1.622,1.603,68747.000
2019-01-18,1.605,1.635,1.637,1.605,71313.000
2019-01-21,1.640,1.646,1.653,1.637,104958.000
2019-01-22,1.645,1.621,1.652,1.614,118727.000
2019-01-23,1.618,1.624,1.630,1.613,36888.000
2019-01-24,1.620,1.633,1.635,1.613,80900.000
2019-01-25,1.633,1.641,1.651,1.633,83921.000
2019-01-28,1.649,1.642,1.670,1.639,101074.000
2019-01-29,1.634,1.653,1.658,1.617,115704.000
2019-01-30,1.649,1.644,1.659,1.635,59426.000
2019-01-31,1.646,1.660,1.669,1.646,73310.000
2019-02-01,1.663,1.682,1.683,1.655,117300.000
2019-02-11,1.682,1.697,1.705,1.675,168775.000
2019-02-12,1.707,1.716,1.725,1.697,137561.000
2019-02-13,1.718,1.747,1.764,1.715,188726.000
2019-02-14,1.748,1.752,1.760,1.740,87704.000
2019-02-15,1.749,1.713,1.749,1.709,121391.000
2019-02-18,1.722,1.773,1.773,1.722,103539.000
2019-02-19,1.775,1.769,1.791,1.757,118842.000
2019-02-20,1.771,1.772,1.777,1.757,87531.000
2019-02-21,1.772,1.754,1.786,1.750,113983.000
2019-02-22,1.755,1.782,1.783,1.742,112490.000
2019-02-25,1.788,1.900,1.902,1.788,322009.000
2019-02-26,1.893,1.883,1.929,1.875,227760.000
2019-02-27,1.875,1.881,1.923,1.867,147095.000
2019-02-28,1.880,1.882,1.902,1.875,100277.000
2019-03-01,1.891,1.910,1.911,1.874,117991.000
2019-03-04,1.915,1.944,1.985,1.915,184693.000
2019-03-05,1.941,1.959,1.960,1.927,127329.000
2019-03-06,1.959,1.994,2.002,1.942,189306.000
2019-03-07,1.991,1.985,2.001,1.960,201913.000
2019-03-08,1.962,1.868,1.962,1.865,265317.000
2019-03-11,1.864,1.905,1.911,1.860,129956.000
2019-03-12,1.925,1.933,1.963,1.909,126461.000
2019-03-13,1.933,1.912,1.939,1.908,110960.000
2019-03-14,1.911,1.880,1.933,1.866,123913.000
2019-03-15,1.879,1.907,1.927,1.879,98086.000
2019-03-18,1.909,1.982,1.985,1.905,158839.000
2019-03-19,1.984,1.979,2.002,1.966,110002.000
2019-03-20,1.968,1.977,1.989,1.941,95723.000
2019-03-21,1.980,1.992,2.007,1.980,128373.000
2019-03-22,1.991,1.994,2.001,1.955,95664.000
2019-03-25,1.946,1.951,1.988,1.946,110106.000
2019-03-26,1.953,1.905,1.967,1.900,150899.000
2019-03-27,1.920,1.950,1.953,1.916,97944.000
2019-03-28,1.950,1.937,1.964,1.928,115546.000
2019-03-29,1.937,1.994,2.001,1.920,184763.000
2019-04-01,1.997,2.071,2.075,1.997,199813.000
2019-04-02,2.082,2.069,2.089,2.063,119090.000
2019-04-03,2.065,2.101,2.105,2.037,108994.000
2019-04-04,2.118,2.136,2.143,2.105,115132.000
2019-04-08,2.145,2.151,2.168,2.106,175678.000
2019-04-09,2.145,2.144,2.155,2.130,71487.000
2019-04-10,2.135,2.137,2.157,2.112,74838.000
2019-04-11,2.137,2.110,2.152,2.096,94708.000
2019-04-12,2.105,2.086,2.106,2.068,99704.000
2019-04-15,2.135,2.080,2.140,2.076,122205.000
2019-04-16,2.074,2.120,2.120,2.040,167143.000
2019-04-17,2.119,2.124,2.134,2.097,122418.000
2019-04-18,2.125,2.100,2.125,2.097,68745.000
2019-04-19,2.100,2.107,2.115,2.077,72924.000
2019-04-22,2.110,2.047,2.113,2.045,153266.000
2019-04-23,2.045,2.020,2.049,2.016,143169.000
2019-04-24,2.020,2.041,2.044,2.008,103777.000
2019-04-25,2.040,1.974,2.040,1.971,173061.000
2019-04-26,1.973,1.940,1.973,1.936,171830.000
2019-04-29,1.940,1.922,1.958,1.921,147583.000
2019-04-30,1.924,1.949,1.952,1.920,99537.000
2019-05-06,1.906,1.816,1.910,1.785,374693.000
2019-05-07,1.821,1.846,1.854,1.821,159092.000
2019-05-08,1.816,1.816,1.848,1.795,152311.000
2019-05-09,1.802,1.775,1.811,1.773,181540.000
2019-05-10,1.790,1.835,1.838,1.752,208186.000
2019-05-13,1.795,1.797,1.814,1.790,117919.000
2019-05-14,1.787,1.781,1.797,1.774,113408.000
2019-05-15,1.794,1.822,1.828,1.793,112772.000
2019-05-16,1.822,1.835,1.838,1.796,80482.000
2019-05-17,1.835,1.779,1.842,1.776,137608.000
2019-05-20,1.779,1.766,1.790,1.747,114116.000
2019-05-21,1.771,1.793,1.808,1.764,90760.000
2019-05-22,1.792,1.790,1.800,1.778,52556.000
2019-05-23,1.784,1.762,1.784,1.760,127714.000
2019-05-24,1.764,1.762,1.775,1.755,95061.000
2019-05-27,1.762,1.789,1.790,1.746,108998.000
2019-05-28,1.789,1.790,1.812,1.781,99536.000
2019-05-29,1.790,1.793,1.802,1.786,63685.000
2019-05-30,1.789,1.793,1.793,1.774,65550.000
2019-05-31,1.792,1.788,1.805,1.785,51862.000
2019-06-03,1.796,1.776,1.804,1.770,83751.000
2019-06-04,1.775,1.766,1.776,1.763,69038.000
2019-06-05,1.786,1.777,1.793,1.773,89168.000
2019-06-06,1.775,1.750,1.775,1.750,112916.000
2019-06-10,1.760,1.774,1.787,1.756,58030.000
2019-06-11,1.778,1.834,1.835,1.776,161386.000
2019-06-12,1.831,1.816,1.831,1.811,63569.000
2019-06-13,1.815,1.807,1.816,1.790,86349.000
2019-06-14,1.801,1.783,1.815,1.782,76942.000
2019-06-17,1.783,1.791,1.801,1.777,50108.000
2019-06-18,1.792,1.794,1.799,1.787,61676.000
2019-06-19,1.832,1.813,1.843,1.813,127440.000
2019-06-20,1.813,1.861,1.871,1.810,197522.000
2019-06-21,1.861,1.867,1.878,1.856,102027.000
2019-06-24,1.867,1.869,1.872,1.858,97405.000
2019-06-25,1.868,1.844,1.870,1.826,94261.000
2019-06-26,1.839,1.850,1.856,1.835,52623.000
2019-06-27,1.852,1.872,1.880,1.852,81257.000
2019-06-28,1.872,1.861,1.874,1.849,136690.000
2019-07-01,1.905,1.901,1.905,1.888,114006.000
2019-07-02,1.900,1.914,1.916,1.894,101015.000
2019-07-03,1.913,1.916,1.920,1.903,78318.000
2019-07-04,1.913,1.913,1.931,1.905,83742.000
2019-07-05,1.914,1.918,1.922,1.902,35233.000
2019-07-08,1.912,1.857,1.918,1.846,128434.000
2019-07-09,1.856,1.854,1.867,1.850,52347.000
2019-07-10,1.854,1.838,1.863,1.833,63890.000
2019-07-11,1.843,1.839,1.859,1.833,71098.000
2019-07-12,1.842,1.852,1.855,1.835,37547.000
2019-07-15,1.851,1.853,1.862,1.811,66031.000
2019-07-16,1.852,1.855,1.860,1.846,40291.000
2019-07-17,1.852,1.852,1.859,1.843,32903.000
2019-07-18,1.846,1.826,1.846,1.826,69343.000
2019-07-19,1.825,1.843,1.854,1.825,41487.000
2019-07-22,1.843,1.822,1.851,1.817,62710.000
2019-07-23,1.825,1.833,1.834,1.823,34542.000
2019-07-24,1.835,1.854,1.863,1.835,57012.000
2019-07-25,1.856,1.869,1.870,1.855,52548.000
2019-07-26,1.868,1.880,1.883,1.862,57049.000
2019-07-29,1.880,1.885,1.887,1.875,58552.000
2019-07-30,1.883,1.901,1.909,1.883,45854.000
2019-07-31,1.897,1.883,1.897,1.878,44392.000
2019-08-01,1.880,1.862,1.880,1.856,57620.000
2019-08-02,1.824,1.826,1.828,1.816,154673.000
2019-08-05,1.822,1.781,1.822,1.778,158457.000
2019-08-06,1.755,1.735,1.757,1.705,203162.000
2019-08-07,1.742,1.727,1.745,1.727,75811.000
2019-08-08,1.736,1.748,1.752,1.736,53372.000
2019-08-09,1.758,1.750,1.760,1.741,85032.000
2019-08-12,1.749,1.779,1.779,1.745,57312.000
2019-08-13,1.769,1.763,1.769,1.760,55683.000
2019-08-14,1.778,1.769,1.794,1.767,65312.000
2019-08-15,1.747,1.783,1.786,1.732,62928.000
2019-08-16,1.787,1.784,1.794,1.777,51458.000
2019-08-19,1.786,1.828,1.829,1.786,103298.000
2019-08-20,1.829,1.834,1.835,1.819,75222.000
2019-08-21,1.832,1.833,1.838,1.826,44965.000
2019-08-22,1.833,1.825,1.835,1.816,61212.000
2019-08-23,1.825,1.832,1.835,1.816,88993.000
2019-08-26,1.805,1.819,1.823,1.796,68159.000
2019-08-27,1.819,1.855,1.864,1.817,120870.000
2019-08-28,1.849,1.842,1.856,1.836,58601.000
2019-08-29,1.845,1.829,1.847,1.822,64332.000
2019-08-30,1.837,1.814,1.848,1.811,93729.000
2019-09-02,1.816,1.845,1.855,1.816,71495.000
2019-09-03,1.846,1.854,1.854,1.842,44075.000
2019-09-04,1.854,1.890,1.893,1.851,86580.000
2019-09-05,1.900,1.913,1.941,1.899,124179.000
2019-09-06,1.915,1.925,1.927,1.911,76289.000
2019-09-09,1.945,1.939,1.952,1.930,62339.000
2019-09-10,1.939,1.930,1.940,1.922,49723.000
2019-09-11,1.934,1.924,1.938,1.922,68220.000
2019-09-12,1.925,1.941,1.947,1.925,58730.000
2019-09-16,1.944,1.950,1.956,1.942,66516.000
2019-09-17,1.948,1.915,1.948,1.905,78586.000
2019-09-18,1.917,1.918,1.923,1.913,38420.000
2019-09-19,1.917,1.921,1.921,1.909,29348.000
2019-09-20,1.922,1.922,1.928,1.919,32127.000
2019-09-23,1.920,1.894,1.921,1.881,74012.000
2019-09-24,1.897,1.897,1.913,1.891,47325.000
2019-09-25,1.897,1.870,1.897,1.868,64895.000
2019-09-26,1.874,1.870,1.884,1.865,60837.000
2019-09-27,1.870,1.856,1.872,1.851,76131.000
2019-09-30,1.854,1.838,1.857,1.831,90066.000
2019-10-08,1.841,1.848,1.855,1.833,59392.000
2019-10-09,1.843,1.870,1.873,1.836,55269.000
2019-10-10,1.871,1.882,1.883,1.870,56826.000
2019-10-11,1.886,1.911,1.917,1.886,96321.000
2019-10-14,1.916,1.937,1.952,1.916,111542.000
2019-10-15,1.936,1.924,1.939,1.919,52614.000
2019-10-16,1.920,1.917,1.943,1.914,55079.000
2019-10-17,1.906,1.902,1.917,1.896,46900.000
2019-10-18,1.905,1.873,1.913,1.864,89462.000
2019-10-21,1.872,1.878,1.883,1.857,58692.000
2019-10-22,1.879,1.882,1.884,1.867,60549.000
2019-10-23,1.882,1.877,1.885,1.871,38952.000
2019-10-24,1.873,1.882,1.888,1.869,37125.000
2019-10-25,1.880,1.885,1.885,1.862,53713.000
2019-10-28,1.884,1.895,1.897,1.884,92734.000
2019-10-29,1.895,1.883,1.895,1.883,54801.000
2019-10-30,1.880,1.852,1.880,1.847,112339.000
2019-10-31,1.852,1.840,1.853,1.836,89964.000
2019-11-01,1.837,1.864,1.866,1.831,76177.000
2019-11-04,1.865,1.872,1.880,1.860,76684.000
2019-11-05,1.876,1.886,1.903,1.869,92694.000
2019-11-06,1.886,1.869,1.886,1.865,65791.000
2019-11-07,1.869,1.876,1.882,1.868,49316.000
2019-11-08,1.895,1.866,1.896,1.862,69678.000
2019-11-11,1.860,1.815,1.860,1.814,220509.000
2019-11-12,1.815,1.820,1.822,1.805,100193.000
2019-11-13,1.817,1.807,1.817,1.803,95632.000
2019-11-14,1.807,1.805,1.809,1.798,62152.000
2019-11-15,1.805,1.790,1.808,1.790,101741.000
2019-11-18,1.792,1.804,1.805,1.778,84033.000
2019-11-19,1.809,1.825,1.826,1.803,70397.000
2019-11-20,1.826,1.813,1.829,1.811,153295.000
2019-11-21,1.810,1.811,1.816,1.800,44733.000
2019-11-22,1.815,1.813,1.831,1.804,69528.000
2019-11-25,1.813,1.844,1.849,1.812,125771.000
2019-11-26,1.853,1.838,1.854,1.835,56168.000
2019-11-27,1.838,1.832,1.842,1.827,45522.000
2019-11-28,1.830,1.825,1.836,1.822,60774.000
2019-11-29,1.822,1.819,1.830,1.813,61256.000
2019-12-02,1.818,1.827,1.838,1.818,74376.000
2019-12-03,1.825,1.830,1.831,1.814,52048.000
2019-12-04,1.820,1.816,1.829,1.809,75209.000
2019-12-05,1.822,1.829,1.832,1.819,142682.000
2019-12-06,1.828,1.824,1.831,1.816,84938.000
2019-12-09,1.823,1.840,1.842,1.823,100900.000
2019-12-10,1.840,1.847,1.847,1.837,84162.000
2019-12-11,1.847,1.862,1.866,1.847,209779.000
2019-12-12,1.862,1.861,1.865,1.856,79177.000
2019-12-13,1.873,1.892,1.896,1.873,124379.000
2019-12-16,1.901,1.916,1.917,1.900,139492.000
2019-12-17,1.916,1.935,1.953,1.907,193265.000
2019-12-18,1.935,1.930,1.946,1.927,126228.000
2019-12-19,1.933,1.938,1.940,1.929,138925.000
2019-12-20,1.940,1.923,1.942,1.921,114310.000
2019-12-23,1.923,1.892,1.926,1.889,146173.000
2019-12-24,1.893,1.900,1.901,1.881,141493.000
2019-12-25,1.900,1.900,1.902,1.890,80474.000
2019-12-26,1.902,1.928,1.929,1.901,77538.000
2019-12-27,1.930,1.930,1.948,1.930,129304.000
2019-12-30,1.928,1.954,1.955,1.921,143705.000
2019-12-31,1.954,1.972,1.975,1.950,134748.000
2020-01-02,1.985,2.009,2.018,1.985,214656.000
2020-01-03,2.009,2.002,2.014,1.993,183588.000
2020-01-06,1.998,1.996,2.020,1.991,154834.000
2020-01-07,1.994,2.016,2.017,1.994,110679.000
2020-01-08,2.014,1.996,2.014,1.989,336325.000
2020-01-09,2.005,2.019,2.021,2.005,308416.000
2020-01-10,2.021,2.010,2.026,1.998,271178.000
2020-01-13,2.011,2.021,2.023,1.998,153772.000
2020-01-14,2.029,2.036,2.041,2.026,336831.000
2020-01-15,2.034,2.026,2.037,2.010,278961.000
2020-01-16,2.026,2.022,2.029,2.014,134183.000
2020-01-17,2.019,2.003,2.035,1.999,500458.000
2020-01-20,2.003,2.003,2.008,1.989,178994.000
2020-01-21,2.003,1.952,2.019,1.950,377722.000
2020-01-22,1.951,1.948,1.961,1.913,280971.000
2020-01-23,1.939,1.886,1.949,1.868,522070.000
2020-02-03,1.675,1.637,1.675,1.629,1120352.000
2020-02-04,1.637,1.701,1.702,1.632,481791.000
2020-02-05,1.702,1.733,1.752,1.695,487158.000
2020-02-06,1.735,1.739,1.749,1.709,400172.000
2020-02-07,1.732,1.733,1.734,1.709,285103.000
2020-02-10,1.732,1.776,1.777,1.715,489618.000
2020-02-11,1.782,1.790,1.804,1.772,232761.000
2020-02-12,1.790,1.797,1.797,1.776,158418.000
2020-02-13,1.795,1.781,1.800,1.779,162421.000
2020-02-14,1.778,1.796,1.797,1.777,137725.000
2020-02-17,1.796,1.841,1.842,1.796,204545.000
2020-02-18,1.842,1.843,1.854,1.831,192767.000
2020-02-19,1.842,1.841,1.853,1.834,167299.000
2020-02-20,1.841,1.877,1.878,1.838,276213.000
2020-02-21,1.877,1.893,1.911,1.874,348616.000
2020-02-24,1.891,1.875,1.891,1.857,295508.000
2020-02-25,1.844,1.841,1.845,1.799,329863.000
2020-02-26,1.809,1.848,1.880,1.809,294975.000
2020-02-27,1.853,1.850,1.871,1.844,154485.000
2020-02-28,1.819,1.777,1.820,1.764,456321.000
2020-03-02,1.778,1.856,1.863,1.778,255541.000
2020-03-03,1.879,1.863,1.899,1.847,279566.000
2020-03-04,1.856,1.887,1.888,1.848,194485.000
2020-03-05,1.894,1.909,1.915,1.891,265979.000
2020-03-06,1.894,1.886,1.894,1.874,156505.000
2020-03-09,1.840,1.815,1.849,1.812,301881.000
2020-03-10,1.809,1.852,1.858,1.797,240926.000
2020-03-11,1.852,1.836,1.862,1.835,281189.000
2020-03-12,1.816,1.795,1.817,1.787,476573.000
2020-03-13,1.719,1.751,1.771,1.690,496347.000
2020-03-16,1.754,1.693,1.782,1.685,702459.000
2020-03-17,1.694,1.670,1.719,1.634,683883.000
2020-03-18,1.680,1.644,1.701,1.637,218632.000
2020-03-19,1.639,1.601,1.643,1.565,687023.000
2020-03-20,1.611,1.626,1.627,1.594,450742.000
2020-03-23,1.588,1.551,1.588,1.545,493284.000
2020-03-24,1.587,1.593,1.597,1.560,170012.000
2020-03-25,1.631,1.650,1.657,1.627,198265.000
2020-03-26,1.647,1.632,1.649,1.630,115162.000
2020-03-27,1.652,1.645,1.668,1.642,133884.000
2020-03-30,1.627,1.623,1.634,1.605,113491.000
2020-03-31,1.637,1.618,1.643,1.616,116258.000
2020-04-01,1.618,1.602,1.631,1.602,155149.000
2020-04-02,1.599,1.628,1.630,1.569,96692.000
2020-04-03,1.628,1.621,1.633,1.612,116079.000
2020-04-07,1.643,1.656,1.658,1.641,292994.000
2020-04-08,1.653,1.657,1.658,1.643,175401.000
2020-04-09,1.659,1.656,1.667,1.655,102791.000
2020-04-10,1.656,1.639,1.662,1.634,120596.000
2020-04-13,1.639,1.629,1.640,1.620,144830.000
2020-04-14,1.632,1.653,1.654,1.632,81026.000
2020-04-15,1.655,1.644,1.658,1.640,105419.000
2020-04-16,1.640,1.636,1.643,1.629,76197.000
2020-04-17,1.643,1.643,1.654,1.640,118839.000
2020-04-20,1.643,1.646,1.647,1.635,78540.000
2020-04-21,1.645,1.630,1.645,1.616,157343.000
2020-04-22,1.623,1.631,1.632,1.613,101326.000
2020-04-23,1.632,1.623,1.636,1.622,79945.000
2020-04-24,1.622,1.605,1.623,1.601,379802.000
2020-04-27,1.606,1.616,1.620,1.605,103563.000
2020-04-28,1.614,1.598,1.615,1.565,173821.000
2020-04-29,1.597,1.630,1.635,1.594,486443.000
2020-04-30,1.632,1.671,1.671,1.632,190406.000
2020-05-06,1.661,1.670,1.670,1.641,130092.000
2020-05-07,1.670,1.671,1.674,1.659,100758.000
2020-05-08,1.672,1.688,1.691,1.672,111285.000
2020-05-11,1.688,1.686,1.702,1.676,210412.000
2020-05-12,1.686,1.675,1.688,1.665,107201.000
2020-05-13,1.669,1.677,1.680,1.660,96379.000
2020-05-14,1.677,1.653,1.678,1.653,778617.000
2020-05-15,1.655,1.648,1.663,1.646,255053.000
2020-05-18,1.649,1.648,1.655,1.641,86526.000
2020-05-19,1.654,1.656,1.665,1.650,69504.000
2020-05-20,1.656,1.640,1.657,1.638,133205.000
2020-05-21,1.641,1.632,1.646,1.629,96651.000
2020-05-22,1.633,1.598,1.634,1.590,272802.000
2020-05-25,1.598,1.597,1.599,1.583,99890.000
2020-05-26,1.599,1.609,1.610,1.598,79411.000
2020-05-27,1.610,1.621,1.627,1.608,260094.000
2020-05-28,1.621,1.625,1.633,1.610,262774.000
2020-05-29,1.622,1.611,1.622,1.605,99771.000
2020-06-01,1.611,1.651,1.652,1.611,217460.000
2020-06-02,1.651,1.657,1.662,1.649,140631.000
2020-06-03,1.664,1.667,1.684,1.664,130508.000
2020-06-04,1.686,1.678,1.688,1.669,168854.000
2020-06-05,1.678,1.663,1.678,1.655,99750.000
2020-06-08,1.665,1.673,1.679,1.665,109816.000
2020-06-09,1.673,1.679,1.681,1.673,93540.000
2020-06-10,1.679,1.669,1.680,1.665,79055.000
2020-06-11,1.671,1.652,1.672,1.649,167358.000
2020-06-12,1.639,1.649,1.650,1.620,79783.000
2020-06-15,1.649,1.633,1.650,1.630,109703.000
2020-06-16,1.639,1.661,1.663,1.639,109083.000
2020-06-17,1.661,1.669,1.675,1.660,89273.000
2020-06-18,1.669,1.690,1.696,1.663,171064.000
2020-06-19,1.690,1.687,1.692,1.681,118868.000
2020-06-22,1.687,1.675,1.689,1.672,135251.000
2020-06-23,1.675,1.666,1.675,1.661,103423.000
2020-06-24,1.667,1.669,1.674,1.665,108564.000
2020-06-29,1.669,1.651,1.669,1.648,194484.000
2020-06-30,1.655,1.668,1.670,1.655,155705.000
2020-07-01,1.670,1.708,1.709,1.670,297376.000
2020-07-02,1.709,1.765,1.767,1.699,308116.000
2020-07-03,1.769,1.802,1.810,1.769,326708.000
2020-07-06,1.816,1.985,1.992,1.816,1247452.000
2020-07-07,2.002,1.942,2.072,1.929,984027.000
2020-07-08,1.943,1.982,1.985,1.914,471651.000
2020-07-09,1.979,1.994,2.001,1.945,427655.000
2020-07-10,1.994,1.932,1.994,1.919,370087.000
2020-07-13,1.931,1.985,1.993,1.924,387282.000
2020-07-14,1.987,1.969,2.012,1.931,309400.000
2020-07-15,1.979,1.929,1.985,1.904,346795.000
2020-07-16,1.929,1.857,1.951,1.855,585991.000
2020-07-17,1.858,1.859,1.889,1.839,293949.000
2020-07-20,1.863,1.960,1.963,1.863,388029.000
2020-07-21,1.964,1.953,1.975,1.944,235584.000
2020-07-22,1.953,1.954,1.986,1.950,281823.000
2020-07-23,1.951,1.921,1.951,1.881,239803.000
2020-07-24,1.921,1.844,1.922,1.827,302622.000
2020-07-27,1.844,1.831,1.859,1.816,176522.000
2020-07-28,1.833,1.850,1.862,1.833,137798.000
2020-07-29,1.841,1.881,1.886,1.832,188310.000
2020-07-30,1.893,1.883,1.904,1.882,143000.000
2020-07-31,1.884,1.902,1.919,1.879,168726.000
2020-08-03,1.921,1.963,1.965,1.921,389910.000
2020-08-04,1.977,1.964,1.984,1.949,340651.000
2020-08-05,1.964,1.949,1.964,1.927,119124.000
2020-08-06,1.950,1.962,1.966,1.933,220957.000
2020-08-07,1.962,1.957,1.962,1.929,264911.000
2020-08-10,1.959,1.989,1.996,1.959,512190.000
2020-08-11,1.989,1.976,2.017,1.969,387257.000
2020-08-12,1.976,1.956,1.976,1.922,287924.000
2020-08-13,1.961,1.980,1.987,1.959,292723.000
2020-08-14,1.982,1.994,1.996,1.949,194375.000
2020-08-17,1.999,2.056,2.069,1.999,424250.000
2020-08-18,2.057,2.059,2.067,2.051,244448.000
2020-08-19,2.062,2.051,2.079,2.044,258369.000
2020-08-20,2.051,2.036,2.054,2.029,180925.000
2020-08-21,2.037,2.033,2.048,2.020,219717.000
2020-08-24,2.041,2.037,2.047,2.031,185449.000
2020-08-25,2.048,2.024,2.055,2.017,237208.000
2020-08-26,2.024,1.984,2.026,1.976,291357.000
2020-08-27,1.986,1.985,1.992,1.964,146441.000
2020-08-28,1.985,2.018,2.021,1.981,163098.000
2020-08-31,2.026,2.008,2.036,2.007,232667.000
2020-09-01,2.008,2.006,2.010,1.985,148814.000
2020-09-02,2.009,2.006,2.018,1.994,125800.000
2020-09-03,2.006,2.001,2.023,1.994,155205.000
2020-09-04,2.000,1.981,2.000,1.956,235135.000
2020-09-07,1.984,1.968,2.005,1.964,239040.000
2020-09-08,1.971,1.980,1.985,1.959,185059.000
2020-09-09,1.968,1.958,1.976,1.944,224902.000
2020-09-10,1.962,1.940,1.975,1.937,222142.000
2020-09-11,1.941,1.937,1.942,1.916,215803.000
2020-09-14,1.940,1.939,1.946,1.929,181161.000
2020-09-15,1.941,1.947,1.947,1.935,134076.000
2020-09-16,1.947,1.955,1.965,1.941,132332.000
2020-09-17,1.955,1.958,1.968,1.944,151098.000
2020-09-18,1.959,1.992,1.993,1.953,168079.000
2020-09-21,1.994,1.980,1.997,1.977,199104.000
2020-09-22,1.978,1.948,1.978,1.942,228885.000
2020-09-23,1.949,1.947,1.957,1.940,134611.000
2020-09-24,1.947,1.908,1.948,1.904,444168.000
2020-09-25,1.911,1.902,1.919,1.887,289102.000
2020-09-28,1.903,1.904,1.910,1.896,187493.000
2020-09-29,1.906,1.904,1.918,1.899,186802.000
2020-09-30,1.904,1.897,1.914,1.885,413099.000
2020-10-09,1.914,1.934,1.943,1.914,409242.000
2020-10-12,1.936,1.979,1.980,1.936,460646.000
2020-10-13,1.981,1.974,1.985,1.960,349091.000
2020-10-14,1.975,1.962,1.977,1.959,269768.000
2020-10-15,1.962,1.954,1.964,1.951,271335.000
2020-10-16,1.954,1.957,1.964,1.950,237394.000
2020-10-19,1.960,1.946,1.984,1.943,369303.000
2020-10-20,1.946,1.942,1.946,1.926,326035.000
2020-10-21,1.942,1.938,1.945,1.926,237696.000
2020-10-22,1.938,1.926,1.940,1.922,217423.000
2020-10-23,1.927,1.918,1.935,1.915,314772.000
2020-10-26,1.917,1.902,1.918,1.896,456633.000
2020-10-27,1.900,1.894,1.901,1.886,303026.000
2020-10-28,1.894,1.898,1.901,1.879,265853.000
2020-10-29,1.890,1.922,1.928,1.881,255583.000
2020-10-30,1.922,1.906,1.939,1.903,458528.000
2020-11-02,1.907,1.917,1.922,1.907,279234.000
2020-11-03,1.919,1.935,1.937,1.919,240903.000
2020-11-04,1.938,1.960,1.962,1.938,358064.000
2020-11-05,1.975,2.006,2.009,1.975,735437.000
2020-11-06,2.006,2.029,2.030,2.001,459671.000
2020-11-09,2.044,2.080,2.084,2.044,451950.000
2020-11-10,2.089,2.069,2.097,2.063,382482.000
2020-11-11,2.068,2.084,2.097,2.060,294707.000
2020-11-12,2.084,2.097,2.099,2.074,242209.000
2020-11-13,2.097,2.077,2.097,2.059,360771.000
2020-11-16,2.087,2.134,2.136,2.087,383616.000
2020-11-17,2.135,2.145,2.159,2.135,456829.000
2020-11-18,2.145,2.159,2.162,2.140,359127.000
2020-11-19,2.159,2.140,2.161,2.130,431612.000
2020-11-20,2.140,2.155,2.155,2.127,272965.000
2020-11-23,2.158,2.199,2.214,2.157,429593.000
2020-11-24,2.205,2.194,2.209,2.180,441328.000
2020-11-25,2.196,2.162,2.208,2.159,575851.000
2020-11-26,2.162,2.154,2.163,2.138,310075.000
2020-11-27,2.154,2.175,2.179,2.141,328940.000
2020-11-30,2.177,2.148,2.199,2.143,516823.000
2020-12-01,2.148,2.154,2.159,2.124,398938.000
2020-12-02,2.155,2.156,2.164,2.140,219911.000
2020-12-03,2.154,2.131,2.154,2.125,482511.000
2020-12-04,2.131,2.120,2.132,2.098,520826.000
2020-12-07,2.121,2.076,2.126,2.076,753722.000
2020-12-08,2.077,2.069,2.089,2.064,442919.000
2020-12-09,2.070,2.031,2.072,2.029,661564.000
2020-12-10,2.031,2.048,2.051,2.030,422672.000
2020-12-11,2.049,2.041,2.059,2.019,556886.000
2020-12-14,2.042,2.003,2.045,1.991,948698.000
2020-12-15,2.004,1.990,2.006,1.970,1050063.000
2020-12-16,1.990,1.988,2.000,1.982,848000.000
2020-12-17,1.988,2.014,2.014,1.966,796289.000
2020-12-18,2.014,2.032,2.048,2.014,699453.000
2020-12-21,2.032,2.036,2.044,2.015,543806.000
2020-12-22,2.034,1.977,2.034,1.970,1394620.000
2020-12-23,1.979,1.980,1.990,1.969,665696.000
2020-12-24,1.981,1.970,1.990,1.960,887115.000
2020-12-25,1.969,1.980,1.992,1.956,438287.000
2020-12-28,1.980,1.967,1.984,1.959,727238.000
2020-12-29,1.968,1.942,1.975,1.940,1049827.000
2020-12-30,1.943,1.947,1.958,1.933,495610.000
2020-12-31,1.947,1.958,1.961,1.940,765641.000
2021-01-04,1.958,1.965,1.965,1.940,892045.000
2021-01-05,1.965,1.943,1.965,1.920,1922536.000
2021-01-06,1.943,1.940,1.949,1.928,815366.000
2021-01-07,1.940,1.930,1.945,1.919,1076189.000
2021-01-08,1.931,1.943,1.945,1.918,743487.000
2021-01-11,1.944,1.910,1.947,1.906,2324583.000
2021-01-12,1.911,1.931,1.933,1.910,1676104.000
2021-01-13,1.932,1.938,1.946,1.924,1280802.000
2021-01-14,1.938,1.936,1.947,1.924,1368541.000
2021-01-15,1.936,1.954,1.959,1.936,981523.000
2021-01-18,1.990,1.968,1.990,1.950,2547963.000
2021-01-19,1.969,1.971,1.986,1.951,1050082.000
2021-01-20,1.972,1.969,1.980,1.961,887877.000
2021-01-21,1.970,1.973,1.982,1.963,1263987.000
2021-01-22,1.975,1.949,1.976,1.943,1864284.000
2021-01-25,1.949,1.914,1.949,1.912,1699973.000
2021-01-26,1.914,1.903,1.922,1.901,885970.000
2021-01-27,1.903,1.902,1.918,1.900,689798.000
2021-01-28,1.901,1.870,1.901,1.868,843925.000
2021-01-29,1.871,1.854,1.882,1.840,889926.000
2021-02-01,1.855,1.871,1.874,1.839,704108.000
2021-02-02,1.871,1.877,1.879,1.870,529995.000
2021-02-03,1.877,1.857,1.879,1.852,592348.000
2021-02-04,1.856,1.840,1.857,1.830,965772.000
2021-02-05,1.840,1.859,1.865,1.831,544827.000
2021-02-08,1.859,1.872,1.881,1.853,609295.000
2021-02-09,1.872,1.888,1.888,1.863,533076.000
2021-02-10,1.889,1.907,1.909,1.889,886838.000
2021-02-18,1.930,1.970,1.974,1.930,1328895.000
2021-02-19,1.970,2.022,2.024,1.970,2562653.000
2021-02-22,2.024,2.066,2.101,2.024,3590926.000
2021-02-23,2.067,2.038,2.068,2.029,1405185.000
2021-02-24,2.038,2.007,2.043,1.990,1092277.000
2021-02-25,2.009,2.049,2.059,2.009,1276164.000
2021-02-26,2.043,1.997,2.043,1.991,1111385.000
2021-03-01,1.998,2.032,2.033,1.998,670531.000
2021-03-02,2.042,2.017,2.050,2.000,1080838.000
2021-03-03,2.018,2.082,2.084,2.017,1920248.000
2021-03-04,2.082,2.078,2.107,2.066,1916590.000
2021-03-05,2.060,2.050,2.062,2.028,741365.000
2021-03-08,2.058,2.039,2.084,2.033,909045.000
2021-03-09,2.040,2.028,2.068,1.990,1730802.000
2021-03-10,2.035,2.013,2.043,2.010,813625.000
2021-03-11,2.013,2.060,2.062,2.013,828497.000
2021-03-12,2.068,2.087,2.095,2.054,1180488.000
2021-03-15,2.087,2.112,2.122,2.086,1196983.000
2021-03-16,2.113,2.115,2.120,2.090,672045.000
2021-03-17,2.114,2.101,2.114,2.084,574043.000
2021-03-18,2.102,2.101,2.115,2.095,484440.000
2021-03-19,2.095,2.084,2.105,2.072,620213.000
2021-03-22,2.085,2.110,2.115,2.085,746335.000
2021-03-23,2.110,2.089,2.115,2.076,805479.000
2021-03-24,2.074,2.041,2.083,2.031,1207575.000
2021-03-25,2.041,2.043,2.062,2.040,598911.000
2021-03-26,2.045,2.075,2.077,2.045,575681.000
2021-03-29,2.088,2.111,2.116,2.078,1209328.000
2021-03-30,2.111,2.110,2.115,2.088,593144.000
2021-03-31,2.110,2.103,2.110,2.092,468457.000
2021-04-01,2.104,2.121,2.129,2.097,831957.000
2021-04-02,2.121,2.098,2.126,2.093,1018930.000
2021-04-06,2.100,2.105,2.112,2.100,548540.000
2021-04-07,2.105,2.125,2.127,2.092,862254.000
2021-04-08,2.125,2.126,2.139,2.119,714611.000
2021-04-09,2.127,2.130,2.134,2.114,710502.000
2021-04-12,2.131,2.137,2.146,2.124,836788.000
2021-04-13,2.135,2.105,2.136,2.104,1211855.000
2021-04-14,2.105,2.111,2.116,2.098,712055.000
2021-04-15,2.112,2.115,2.119,2.106,392059.000
2021-04-16,2.115,2.150,2.159,2.115,1428831.000
2021-04-19,2.150,2.162,2.169,2.141,674004.000
2021-04-20,2.159,2.154,2.162,2.151,615199.000
2021-04-21,2.150,2.145,2.152,2.132,587338.000
2021-04-22,2.145,2.153,2.171,2.145,570381.000
2021-04-23,2.149,2.148,2.151,2.136,830486.000
2021-04-26,2.152,2.140,2.164,2.133,948353.000
2021-04-27,2.137,2.127,2.138,2.110,1079650.000
2021-04-28,2.123,2.130,2.131,2.110,631820.000
2021-04-29,2.130,2.146,2.150,2.120,656543.000
2021-04-30,2.140,2.117,2.143,2.106,1714531.000
2021-05-06,2.118,2.158,2.165,2.118,1690672.000
2021-05-07,2.168,2.189,2.208,2.162,1229371.000
2021-05-10,2.201,2.230,2.233,2.195,1029249.000
2021-05-11,2.227,2.203,2.228,2.161,986274.000
2021-05-12,2.197,2.214,2.219,2.187,632863.000
2021-05-13,2.190,2.171,2.207,2.167,1151710.000
2021-05-14,2.171,2.177,2.185,2.167,643497.000
2021-05-17,2.177,2.172,2.191,2.170,790675.000
2021-05-18,2.172,2.184,2.188,2.168,457928.000
2021-05-19,2.183,2.159,2.183,2.155,1261973.000
2021-05-20,2.135,2.115,2.135,2.097,2675704.000
2021-05-21,2.115,2.120,2.134,2.114,657969.000
2021-05-24,2.120,2.118,2.130,2.112,737215.000
2021-05-25,2.118,2.145,2.152,2.108,1112785.000
2021-05-26,2.145,2.164,2.173,2.142,672561.000
2021-05-27,2.164,2.176,2.179,2.157,804683.000
2021-05-28,2.182,2.172,2.194,2.164,605787.000
2021-05-31,2.183,2.175,2.184,2.156,1057481.000
2021-06-01,2.175,2.197,2.198,2.158,973979.000
2021-06-02,2.197,2.192,2.198,2.183,698400.000
2021-06-03,2.192,2.206,2.228,2.192,1110569.000
2021-06-04,2.207,2.200,2.210,2.182,625149.000
2021-06-07,2.200,2.197,2.210,2.190,511458.000
2021-06-08,2.198,2.186,2.200,2.180,663845.000
2021-06-09,2.186,2.202,2.217,2.182,1044019.000
2021-06-10,2.202,2.213,2.230,2.200,818745.000
2021-06-11,2.222,2.217,2.230,2.212,643792.000
2021-06-15,2.227,2.201,2.230,2.192,952320.000
2021-06-16,2.201,2.192,2.217,2.186,742761.000
2021-06-17,2.192,2.184,2.202,2.178,597758.000
2021-06-18,2.184,2.184,2.188,2.178,552027.000
2021-06-21,2.183,2.172,2.183,2.170,627119.000
2021-06-22,2.172,2.197,2.201,2.172,555151.000
2021-06-23,2.198,2.233,2.238,2.197,1199351.000
2021-06-24,2.236,2.245,2.263,2.225,1024793.000
2021-06-25,2.246,2.255,2.263,2.238,706785.000
2021-06-28,2.255,2.219,2.255,2.216,886581.000
2021-06-29,2.219,2.198,2.219,2.196,678648.000
2021-06-30,2.198,2.212,2.219,2.194,461182.000
2021-07-01,2.215,2.213,2.231,2.206,476538.000
2021-07-02,2.213,2.189,2.216,2.188,993107.000
2021-07-05,2.190,2.196,2.202,2.180,843616.000
2021-07-06,2.196,2.203,2.203,2.190,439562.000
2021-07-07,2.200,2.206,2.210,2.188,591883.000
2021-07-08,2.206,2.163,2.206,2.160,1864367.000
2021-07-09,2.163,2.181,2.182,2.137,676439.000
2021-07-12,2.181,2.186,2.202,2.175,527063.000
2021-07-13,2.187,2.208,2.211,2.182,860568.000
2021-07-14,2.208,2.214,2.224,2.206,806611.000
2021-07-15,2.214,2.245,2.247,2.195,1281521.000
2021-07-16,2.245,2.257,2.273,2.238,1676228.000
2021-07-19,2.260,2.249,2.271,2.244,624875.000
2021-07-20,2.243,2.229,2.243,2.213,417752.000
2021-07-21,2.233,2.225,2.248,2.218,494007.000
2021-07-22,2.225,2.250,2.250,2.219,515361.000
2021-07-23,2.254,2.241,2.273,2.232,863821.000
2021-07-26,2.240,2.192,2.240,2.168,1733978.000
2021-07-27,2.192,2.133,2.212,2.127,1906764.000
2021-07-28,2.134,2.107,2.151,2.074,1604311.000
2021-07-29,2.118,2.129,2.138,2.105,1257468.000
2021-07-30,2.129,2.160,2.163,2.116,598080.000
2021-08-02,2.159,2.137,2.159,2.080,1334437.000
2021-08-03,2.125,2.098,2.130,2.093,1199598.000
2021-08-04,2.099,2.122,2.124,2.099,626151.000
2021-08-05,2.121,2.110,2.136,2.103,589701.000
2021-08-06,2.110,2.121,2.123,2.095,641208.000
2021-08-09,2.121,2.161,2.172,2.112,1332940.000
2021-08-10,2.161,2.160,2.163,2.141,439750.000
2021-08-11,2.169,2.218,2.221,2.168,1883647.000
2021-08-12,2.217,2.249,2.256,2.201,1947294.000
2021-08-13,2.247,2.244,2.251,2.229,955497.000
2021-08-16,2.244,2.252,2.269,2.241,1219674.000
2021-08-17,2.250,2.218,2.268,2.212,1027581.000
2021-08-18,2.218,2.236,2.240,2.217,644901.000
2021-08-19,2.229,2.226,2.233,2.209,433726.000
2021-08-20,2.224,2.241,2.243,2.209,785004.000
2021-08-23,2.254,2.254,2.270,2.249,927207.000
2021-08-24,2.263,2.278,2.287,2.260,1817253.000
2021-08-25,2.278,2.312,2.312,2.274,1147941.000
2021-08-26,2.311,2.353,2.368,2.305,1803665.000
2021-08-27,2.351,2.382,2.385,2.310,981590.000
2021-08-30,2.386,2.407,2.410,2.375,898550.000
2021-08-31,2.407,2.480,2.482,2.395,925050.000
2021-09-01,2.493,2.475,2.528,2.444,1460459.000
2021-09-02,2.474,2.554,2.556,2.470,929194.000
2021-09-03,2.554,2.531,2.556,2.523,975033.000
2021-09-06,2.541,2.559,2.576,2.534,825657.000
2021-09-07,2.565,2.640,2.651,2.564,1158684.000
2021-09-08,2.641,2.676,2.693,2.626,1037359.000
2021-09-09,2.678,2.777,2.782,2.660,1418019.000
2021-09-10,2.778,2.714,2.783,2.709,1969721.000
2021-09-13,2.714,2.786,2.808,2.709,1513006.000
2021-09-14,2.786,2.716,2.786,2.710,1354290.000
2021-09-15,2.715,2.693,2.734,2.670,1407104.000
2021-09-16,2.718,2.680,2.761,2.675,1067771.000
2021-09-17,2.675,2.591,2.707,2.535,1716143.000
2021-09-22,2.575,2.649,2.649,2.535,1332371.000
2021-09-23,2.691,2.640,2.715,2.617,766798.000
2021-09-24,2.625,2.526,2.627,2.520,1517003.000
2021-09-27,2.526,2.441,2.544,2.429,1986238.000
2021-09-28,2.441,2.519,2.524,2.440,957427.000
2021-09-29,2.518,2.435,2.519,2.417,980071.000
2021-09-30,2.434,2.450,2.453,2.401,875978.000
2021-10-08,2.477,2.440,2.493,2.415,779815.000
2021-10-11,2.442,2.483,2.485,2.431,879869.000
2021-10-12,2.483,2.443,2.523,2.404,1065657.000
2021-10-13,2.443,2.403,2.445,2.363,1043977.000
2021-10-14,2.389,2.386,2.407,2.361,538462.000
2021-10-15,2.386,2.408,2.416,2.366,603081.000
2021-10-18,2.408,2.457,2.460,2.394,679310.000
2021-10-19,2.457,2.469,2.484,2.430,560944.000
2021-10-20,2.448,2.395,2.448,2.388,1025622.000
2021-10-21,2.391,2.433,2.461,2.390,884460.000
2021-10-22,2.427,2.371,2.454,2.366,1698146.000
2021-10-25,2.373,2.370,2.380,2.340,804033.000
2021-10-26,2.370,2.344,2.373,2.336,1146377.000
2021-10-27,2.340,2.273,2.340,2.269,1305914.000
2021-10-28,2.260,2.196,2.261,2.188,1716292.000
2021-10-29,2.196,2.200,2.207,2.180,1158580.000
2021-11-01,2.198,2.209,2.217,2.178,788030.000
2021-11-02,2.210,2.158,2.217,2.128,2159141.000
2021-11-03,2.158,2.199,2.205,2.156,849073.000
2021-11-04,2.197,2.192,2.198,2.171,716392.000
2021-11-05,2.184,2.153,2.184,2.151,1052384.000
2021-11-08,2.153,2.150,2.167,2.145,797037.000
2021-11-09,2.150,2.136,2.153,2.126,1002447.000
2021-11-10,2.130,2.129,2.131,2.086,1240317.000
2021-11-11,2.130,2.176,2.180,2.130,1085394.000
2021-11-12,2.177,2.160,2.179,2.149,756905.000
2021-11-15,2.160,2.164,2.165,2.146,489632.000
2021-11-16,2.164,2.147,2.176,2.145,825319.000
2021-11-17,2.147,2.150,2.152,2.137,470322.000
2021-11-18,2.151,2.150,2.167,2.146,469834.000
2021-11-19,2.147,2.186,2.195,2.136,957278.000
2021-11-22,2.188,2.185,2.200,2.179,932854.000
2021-11-23,2.185,2.198,2.210,2.180,704615.000
2021-11-24,2.202,2.230,2.231,2.202,692753.000
2021-11-25,2.230,2.219,2.240,2.203,578730.000
2021-11-26,2.210,2.187,2.210,2.182,554985.000
2021-11-29,2.168,2.152,2.168,2.138,913890.000
2021-11-30,2.152,2.154,2.178,2.143,562664.000
2021-12-01,2.153,2.179,2.181,2.143,555689.000
2021-12-02,2.178,2.194,2.201,2.171,604607.000
2021-12-03,2.194,2.225,2.240,2.177,933619.000
2021-12-06,2.225,2.217,2.257,2.210,1359496.000
2021-12-07,2.237,2.247,2.248,2.215,672775.000
2021-12-08,2.247,2.247,2.248,2.227,581214.000
2021-12-09,2.247,2.258,2.266,2.237,717837.000
2021-12-10,2.250,2.238,2.250,2.230,858552.000
2021-12-13,2.238,2.229,2.244,2.225,590914.000
2021-12-14,2.225,2.191,2.225,2.191,927620.000
2021-12-15,2.188,2.203,2.212,2.181,498013.000
2021-12-16,2.206,2.245,2.246,2.205,938992.000
2021-12-17,2.249,2.229,2.258,2.224,695371.000
2021-12-20,2.228,2.203,2.242,2.199,679482.000
2021-12-21,2.202,2.242,2.245,2.200,778788.000
2021-12-22,2.242,2.237,2.245,2.227,407297.000
2021-12-23,2.236,2.246,2.250,2.229,547085.000
2021-12-24,2.246,2.235,2.247,2.226,446678.000
2021-12-27,2.234,2.242,2.258,2.230,505623.000
2021-12-28,2.242,2.225,2.245,2.214,673951.000
2021-12-29,2.224,2.215,2.227,2.212,467483.000
2021-12-30,2.215,2.212,2.218,2.208,394465.000
2021-12-31,2.212,2.236,2.239,2.211,558591.000
2022-01-04,2.252,2.278,2.282,2.251,1242697.000
2022-01-05,2.277,2.269,2.277,2.251,701525.000
2022-01-06,2.265,2.273,2.281,2.255,897727.000
2022-01-07,2.272,2.289,2.305,2.268,727560.000
2022-01-10,2.289,2.308,2.309,2.281,807304.000
2022-01-11,2.307,2.329,2.340,2.300,680464.000
2022-01-12,2.329,2.317,2.332,2.298,774546.000
2022-01-13,2.317,2.316,2.340,2.315,780524.000
2022-01-14,2.315,2.271,2.315,2.268,1094534.000
2022-01-17,2.271,2.274,2.295,2.264,822746.000
2022-01-18,2.274,2.304,2.312,2.268,527282.000
2022-01-19,2.304,2.321,2.339,2.304,1067506.000
2022-01-20,2.318,2.307,2.336,2.297,1183632.000
2022-01-21,2.307,2.304,2.312,2.287,694438.000
2022-01-24,2.302,2.290,2.303,2.271,592175.000
2022-01-25,2.287,2.211,2.287,2.210,1597719.000
2022-01-26,2.211,2.219,2.228,2.195,1240445.000
2022-01-27,2.219,2.201,2.232,2.200,919999.000
2022-01-28,2.202,2.193,2.213,2.171,1455888.000
2022-02-07,2.199,2.252,2.258,2.199,955122.000
2022-02-08,2.263,2.319,2.323,2.261,1225629.000
2022-02-09,2.319,2.325,2.344,2.318,1015882.000
2022-02-10,2.324,2.366,2.368,2.297,1437874.000
2022-02-11,2.365,2.369,2.401,2.355,1615328.000
2022-02-14,2.368,2.323,2.368,2.316,1156701.000
2022-02-15,2.322,2.304,2.323,2.294,861188.000
2022-02-16,2.304,2.333,2.338,2.304,759919.000
2022-02-17,2.332,2.319,2.332,2.307,971021.000
2022-02-18,2.315,2.372,2.374,2.307,1227240.000
2022-02-21,2.368,2.398,2.399,2.354,1155463.000
2022-02-22,2.381,2.387,2.390,2.356,935396.000
2022-02-23,2.384,2.356,2.384,2.337,831033.000
2022-02-24,2.352,2.331,2.356,2.302,1158642.000
2022-02-25,2.330,2.311,2.356,2.292,962049.000
2022-02-28,2.311,2.320,2.323,2.285,654959.000
2022-03-01,2.324,2.350,2.357,2.320,663202.000
2022-03-02,2.352,2.383,2.387,2.351,1400838.000
2022-03-03,2.385,2.418,2.425,2.385,1681635.000
2022-03-04,2.414,2.408,2.433,2.380,1115861.000
2022-03-07,2.421,2.388,2.434,2.375,1255670.000
2022-03-08,2.382,2.305,2.382,2.297,1341510.000
2022-03-09,2.306,2.248,2.331,2.191,2626871.000
2022-03-10,2.265,2.294,2.319,2.249,2074052.000
2022-03-11,2.288,2.314,2.318,2.237,839218.000
2022-03-14,2.308,2.275,2.343,2.272,1246834.000
2022-03-15,2.267,2.117,2.267,2.112,3420791.000
2022-03-16,2.120,2.176,2.184,2.046,2738197.000
2022-03-17,2.198,2.206,2.238,2.185,1370513.000
2022-03-18,2.206,2.276,2.282,2.198,1268437.000
2022-03-21,2.275,2.295,2.306,2.267,913094.000
2022-03-22,2.293,2.343,2.355,2.281,1346716.000
2022-03-23,2.341,2.339,2.353,2.308,1051964.000
2022-03-24,2.333,2.346,2.356,2.324,1025762.000
2022-03-25,2.345,2.347,2.375,2.335,1292778.000
2022-03-28,2.346,2.393,2.397,2.316,2305145.000
2022-03-29,2.390,2.411,2.413,2.372,1345784.000
2022-03-30,2.398,2.419,2.426,2.386,1076469.000
2022-03-31,2.418,2.458,2.484,2.418,2166701.000
2022-04-01,2.452,2.491,2.495,2.438,1209413.000
2022-04-06,2.489,2.536,2.542,2.477,1443128.000
2022-04-07,2.521,2.490,2.536,2.481,2087415.000
2022-04-08,2.486,2.525,2.526,2.456,1848475.000
2022-04-11,2.522,2.466,2.522,2.458,2533756.000
2022-04-12,2.463,2.456,2.490,2.431,1397579.000
2022-04-13,2.447,2.479,2.515,2.443,840998.000
2022-04-14,2.484,2.535,2.544,2.477,924358.000
2022-04-15,2.526,2.502,2.566,2.491,1124177.000
2022-04-18,2.486,2.438,2.490,2.427,1142622.000
2022-04-19,2.432,2.482,2.485,2.414,1050532.000
2022-04-20,2.466,2.395,2.472,2.378,1452606.000
2022-04-21,2.385,2.341,2.406,2.326,1654880.000
2022-04-22,2.332,2.371,2.377,2.304,1402015.000
2022-04-25,2.345,2.247,2.345,2.246,2237596.000
2022-04-26,2.247,2.208,2.274,2.199,2276881.000
2022-04-27,2.211,2.244,2.245,2.181,2200676.000
2022-04-28,2.242,2.290,2.295,2.234,1435094.000
2022-04-29,2.290,2.324,2.332,2.258,1483256.000
2022-05-05,2.323,2.313,2.332,2.293,926666.000
2022-05-06,2.275,2.238,2.281,2.229,1306035.000
2022-05-09,2.234,2.230,2.234,2.207,1202058.000
2022-05-10,2.230,2.233,2.234,2.172,1546432.000
2022-05-11,2.232,2.231,2.254,2.224,1047510.000
2022-05-12,2.231,2.219,2.241,2.196,1077044.000
2022-05-13,2.219,2.274,2.275,2.219,1298724.000
2022-05-16,2.302,2.318,2.325,2.275,1315313.000
2022-05-17,2.317,2.308,2.325,2.282,642637.000
2022-05-18,2.307,2.280,2.307,2.273,722576.000
2022-05-19,2.256,2.283,2.283,2.245,679046.000
2022-05-20,2.283,2.322,2.326,2.282,1040242.000
2022-05-23,2.329,2.326,2.344,2.318,659382.000
2022-05-24,2.326,2.282,2.333,2.280,772512.000
2022-05-25,2.279,2.311,2.313,2.268,743564.000
2022-05-26,2.313,2.351,2.356,2.305,1228364.000
2022-05-27,2.352,2.350,2.361,2.341,1109063.000
2022-05-30,2.350,2.336,2.361,2.324,706765.000
2022-05-31,2.334,2.340,2.343,2.321,643490.000
2022-06-01,2.336,2.349,2.351,2.323,699983.000
2022-06-02,2.348,2.331,2.348,2.315,689719.000
2022-06-06,2.329,2.330,2.332,2.305,1529238.000
2022-06-07,2.330,2.345,2.358,2.318,1060243.000
2022-06-08,2.350,2.383,2.384,2.334,1171818.000
2022-06-09,2.381,2.390,2.415,2.372,872806.000
2022-06-10,2.385,2.410,2.418,2.365,861912.000
2022-06-13,2.400,2.366,2.400,2.347,721993.000
2022-06-14,2.351,2.404,2.406,2.343,1571499.000
2022-06-15,2.401,2.407,2.447,2.389,1321361.000
2022-06-16,2.406,2.360,2.421,2.350,1069417.000
2022-06-17,2.346,2.353,2.360,2.331,1074420.000
2022-06-20,2.348,2.331,2.348,2.321,926790.000
2022-06-21,2.331,2.337,2.351,2.324,739908.000
2022-06-22,2.336,2.301,2.340,2.296,892693.000
2022-06-23,2.299,2.325,2.329,2.286,896028.000
2022-06-24,2.326,2.329,2.338,2.316,652722.000
2022-06-27,2.329,2.356,2.361,2.326,920136.000
2022-06-28,2.356,2.381,2.381,2.352,730164.000
2022-06-29,2.380,2.393,2.416,2.376,1138714.000
2022-06-30,2.393,2.410,2.418,2.384,809301.000
2022-07-01,2.408,2.415,2.422,2.382,1008546.000
2022-07-04,2.412,2.421,2.427,2.403,612567.000
2022-07-05,2.426,2.435,2.450,2.418,1224467.000
2022-07-06,2.420,2.369,2.421,2.351,1080130.000
2022-07-07,2.368,2.382,2.390,2.357,485136.000
2022-07-08,2.394,2.380,2.401,2.376,555124.000
2022-07-11,2.377,2.353,2.377,2.342,708148.000
2022-07-12,2.353,2.376,2.390,2.353,686498.000
2022-07-13,2.376,2.374,2.382,2.360,404523.000
2022-07-14,2.374,2.344,2.374,2.336,894426.000
2022-07-15,2.344,2.304,2.356,2.303,1011467.000
2022-07-18,2.305,2.363,2.363,2.305,1167972.000
2022-07-19,2.363,2.367,2.373,2.351,493102.000
2022-07-20,2.366,2.372,2.381,2.366,399507.000
2022-07-21,2.371,2.328,2.371,2.326,881328.000
2022-07-22,2.326,2.311,2.332,2.296,1243263.000
2022-07-25,2.313,2.320,2.331,2.311,537071.000
2022-07-26,2.320,2.358,2.367,2.308,1136167.000
2022-07-27,2.353,2.358,2.368,2.339,670722.000
2022-07-28,2.364,2.369,2.375,2.356,839517.000
2022-07-29,2.371,2.347,2.377,2.342,592592.000
2022-08-01,2.347,2.354,2.360,2.320,805697.000
2022-08-02,2.346,2.291,2.347,2.273,1774883.000
2022-08-03,2.289,2.263,2.321,2.258,1258226.000
2022-08-04,2.266,2.267,2.275,2.242,1307828.000
2022-08-05,2.267,2.271,2.275,2.246,1103469.000
2022-08-08,2.272,2.302,2.307,2.267,871181.000
2022-08-09,2.302,2.323,2.326,2.293,677843.000
2022-08-10,2.322,2.307,2.326,2.298,503481.000
2022-08-11,2.313,2.334,2.335,2.309,731091.000
2022-08-12,2.334,2.361,2.364,2.334,1107164.000
2022-08-15,2.359,2.375,2.390,2.356,968423.000
2022-08-16,2.375,2.385,2.392,2.368,1033862.000
2022-08-17,2.383,2.389,2.396,2.371,789885.000
2022-08-18,2.387,2.365,2.400,2.362,671697.000
2022-08-19,2.368,2.390,2.410,2.368,1319032.000
2022-08-22,2.391,2.416,2.420,2.388,850620.000
2022-08-23,2.415,2.426,2.439,2.394,898388.000
2022-08-24,2.427,2.382,2.434,2.380,815757.000
2022-08-25,2.389,2.447,2.449,2.389,1885118.000
2022-08-26,2.446,2.426,2.453,2.421,855335.000
2022-08-29,2.425,2.448,2.453,2.384,967073.000
2022-08-30,2.446,2.421,2.454,2.405,546857.000
2022-08-31,2.420,2.403,2.426,2.392,619834.000
2022-09-01,2.401,2.431,2.465,2.396,1504435.000
2022-09-02,2.431,2.425,2.437,2.415,488709.000
2022-09-05,2.436,2.479,2.481,2.425,1640818.000
2022-09-06,2.484,2.528,2.532,2.478,1215842.000
2022-09-07,2.527,2.520,2.532,2.503,721788.000
2022-09-08,2.518,2.511,2.530,2.489,573584.000
2022-09-09,2.513,2.554,2.558,2.513,923632.000
2022-09-13,2.553,2.531,2.558,2.523,589927.000
2022-09-14,2.515,2.505,2.538,2.501,584715.000
2022-09-15,2.519,2.517,2.552,2.481,1159229.000
2022-09-16,2.511,2.427,2.514,2.420,986927.000
2022-09-19,2.420,2.427,2.444,2.400,841042.000
2022-09-20,2.437,2.424,2.448,2.419,473975.000
2022-09-21,2.419,2.451,2.460,2.406,620241.000
2022-09-22,2.442,2.463,2.469,2.436,562687.000
2022-09-23,2.460,2.439,2.482,2.431,748479.000
2022-09-26,2.430,2.391,2.443,2.384,891148.000
2022-09-27,2.391,2.407,2.409,2.352,568009.000
2022-09-28,2.407,2.386,2.411,2.379,590470.000
2022-09-29,2.395,2.381,2.419,2.367,586342.000
2022-09-30,2.381,2.406,2.422,2.378,503431.000
2022-10-10,2.407,2.411,2.460,2.406,759051.000
2022-10-11,2.411,2.401,2.417,2.376,657685.000
2022-10-12,2.400,2.436,2.437,2.372,541098.000
2022-10-13,2.432,2.390,2.432,2.371,880156.000
2022-10-14,2.394,2.422,2.433,2.394,603770.000
2022-10-17,2.422,2.413,2.422,2.371,525176.000
2022-10-18,2.411,2.408,2.425,2.396,338602.000
2022-10-19,2.407,2.405,2.426,2.396,422672.000
2022-10-20,2.401,2.379,2.401,2.371,654097.000
2022-10-21,2.379,2.392,2.408,2.379,402983.000
2022-10-24,2.391,2.340,2.399,2.325,931078.000
2022-10-25,2.341,2.312,2.346,2.292,817895.000
2022-10-26,2.311,2.295,2.326,2.286,806502.000
2022-10-27,2.296,2.309,2.323,2.295,626592.000
2022-10-28,2.306,2.260,2.306,2.249,1061274.000
2022-10-31,2.260,2.193,2.261,2.184,1885467.000
2022-11-01,2.194,2.213,2.213,2.171,1613488.000
2022-11-02,2.213,2.246,2.252,2.197,831732.000
2022-11-03,2.235,2.227,2.241,2.217,567083.000
2022-11-04,2.227,2.275,2.290,2.227,722553.000
2022-11-07,2.275,2.300,2.311,2.269,607538.000
2022-11-08,2.300,2.300,2.308,2.290,461409.000
2022-11-09,2.300,2.298,2.326,2.297,688503.000
2022-11-10,2.293,2.305,2.316,2.262,716305.000
2022-11-11,2.344,2.367,2.384,2.333,1194560.000
2022-11-14,2.396,2.356,2.418,2.346,786238.000
2022-11-15,2.356,2.366,2.369,2.334,492170.000
2022-11-16,2.366,2.357,2.369,2.353,361663.000
2022-11-17,2.356,2.336,2.356,2.318,638277.000
2022-11-18,2.336,2.323,2.337,2.317,535417.000
2022-11-21,2.314,2.312,2.317,2.285,460316.000
2022-11-22,2.312,2.331,2.351,2.311,552430.000
2022-11-23,2.330,2.347,2.362,2.326,944300.000
2022-11-24,2.359,2.363,2.366,2.343,491450.000
2022-11-25,2.362,2.412,2.416,2.359,1328638.000
2022-11-28,2.392,2.394,2.402,2.364,625337.000
2022-11-29,2.431,2.480,2.482,2.416,2016040.000
2022-11-30,2.474,2.460,2.509,2.450,882839.000
2022-12-01,2.484,2.439,2.490,2.436,688166.000
2022-12-02,2.439,2.418,2.439,2.401,1036667.000
2022-12-05,2.429,2.471,2.480,2.429,869015.000
2022-12-06,2.468,2.459,2.469,2.445,677708.000
2022-12-07,2.452,2.444,2.464,2.431,466251.000
2022-12-08,2.443,2.459,2.468,2.435,496940.000
2022-12-09,2.457,2.466,2.471,2.446,542183.000
2022-12-12,2.454,2.404,2.457,2.403,821763.000
2022-12-13,2.404,2.418,2.428,2.399,348464.000
2022-12-14,2.418,2.412,2.420,2.406,344612.000
2022-12-15,2.410,2.377,2.411,2.369,739360.000
2022-12-16,2.372,2.399,2.414,2.366,587142.000
2022-12-19,2.399,2.360,2.410,2.344,727546.000
2022-12-20,2.360,2.326,2.361,2.311,802037.000
2022-12-21,2.328,2.329,2.345,2.316,748950.000
2022-12-22,2.336,2.307,2.352,2.298,774556.000
2022-12-23,2.306,2.297,2.315,2.289,671519.000
2022-12-26,2.297,2.290,2.302,2.288,655261.000
2022-12-27,2.292,2.318,2.323,2.292,666164.000
2022-12-28,2.318,2.324,2.329,2.300,445169.000
2022-12-29,2.322,2.295,2.322,2.287,744645.000
2022-12-30,2.296,2.309,2.311,2.292,553765.000
2023-01-03,2.310,2.322,2.329,2.300,485832.000
2023-01-04,2.322,2.343,2.351,2.315,536863.000
2023-01-05,2.346,2.348,2.354,2.338,501861.000
2023-01-06,2.348,2.343,2.350,2.338,512677.000
2023-01-09,2.347,2.345,2.353,2.336,518674.000
2023-01-10,2.346,2.329,2.350,2.324,852621.000
2023-01-11,2.329,2.351,2.357,2.327,649431.000
2023-01-12,2.351,2.338,2.352,2.328,905973.000
2023-01-13,2.339,2.353,2.356,2.339,667608.000
2023-01-16,2.404,2.372,2.404,2.354,1863794.000
2023-01-17,2.372,2.364,2.376,2.360,1064218.000
2023-01-18,2.364,2.367,2.375,2.364,752839.000
2023-01-19,2.368,2.373,2.374,2.359,909720.000
2023-01-20,2.374,2.401,2.402,2.374,887005.000
2023-01-30,2.417,2.385,2.433,2.384,1271491.000
2023-01-31,2.385,2.393,2.394,2.380,605273.000
2023-02-01,2.393,2.397,2.399,2.380,780937.000
2023-02-02,2.397,2.401,2.407,2.386,685800.000
2023-02-03,2.399,2.383,2.400,2.370,1396940.000
2023-02-06,2.376,2.368,2.376,2.361,862706.000
2023-02-07,2.368,2.379,2.386,2.368,587569.000
2023-02-08,2.381,2.372,2.386,2.370,595259.000
2023-02-09,2.370,2.381,2.384,2.365,566886.000
2023-02-10,2.382,2.384,2.389,2.376,690442.000
2023-02-13,2.384,2.389,2.390,2.371,696179.000
2023-02-14,2.388,2.406,2.407,2.388,965068.000
2023-02-15,2.406,2.393,2.407,2.389,590318.000
2023-02-16,2.393,2.378,2.411,2.364,1288829.000
2023-02-17,2.383,2.383,2.398,2.375,1148809.000
2023-02-20,2.383,2.427,2.428,2.383,1751809.000
2023-02-21,2.432,2.463,2.470,2.432,1300055.000
2023-02-22,2.463,2.467,2.473,2.444,801624.000
2023-02-23,2.478,2.478,2.494,2.466,962379.000
2023-02-24,2.477,2.470,2.480,2.453,739356.000
2023-02-27,2.464,2.475,2.491,2.464,730676.000
2023-02-28,2.475,2.482,2.482,2.461,519584.000
2023-03-01,2.483,2.499,2.500,2.482,1127627.000
2023-03-02,2.499,2.513,2.526,2.494,862288.000
2023-03-03,2.514,2.528,2.532,2.505,872135.000
2023-03-06,2.529,2.514,2.534,2.511,913068.000
2023-03-07,2.513,2.507,2.554,2.504,1116099.000
2023-03-08,2.504,2.505,2.506,2.485,772186.000
2023-03-09,2.506,2.501,2.523,2.499,572954.000
2023-03-10,2.498,2.461,2.498,2.454,973658.000
2023-03-13,2.457,2.494,2.494,2.454,726238.000
2023-03-14,2.494,2.479,2.507,2.467,715216.000
2023-03-15,2.483,2.503,2.509,2.470,881220.000
2023-03-16,2.494,2.482,2.508,2.478,720164.000
2023-03-17,2.485,2.501,2.514,2.485,776820.000
2023-03-20,2.501,2.488,2.525,2.486,953270.000
2023-03-21,2.490,2.480,2.498,2.471,636578.000
2023-03-22,2.484,2.494,2.505,2.477,545841.000
2023-03-23,2.493,2.496,2.499,2.480,420594.000
2023-03-24,2.499,2.478,2.501,2.474,620309.000
2023-03-27,2.478,2.457,2.478,2.444,972384.000
2023-03-28,2.459,2.462,2.470,2.450,455337.000
2023-03-29,2.464,2.460,2.474,2.455,342303.000
2023-03-30,2.459,2.471,2.472,2.442,678842.000
2023-03-31,2.473,2.478,2.489,2.468,551292.000
2023-04-03,2.478,2.499,2.502,2.478,756135.000
2023-04-04,2.497,2.512,2.519,2.491,1102917.000
2023-04-06,2.512,2.495,2.512,2.493,312259.000
2023-04-07,2.494,2.496,2.506,2.489,370529.000
2023-04-10,2.496,2.493,2.497,2.485,459228.000
2023-04-11,2.493,2.516,2.516,2.487,790545.000
2023-04-12,2.518,2.550,2.551,2.518,1287813.000
2023-04-13,2.548,2.557,2.570,2.545,1075160.000
2023-04-14,2.557,2.549,2.563,2.538,623914.000
2023-04-17,2.546,2.583,2.584,2.536,992643.000
2023-04-18,2.581,2.602,2.603,2.574,1191345.000
2023-04-19,2.600,2.597,2.609,2.590,1234940.000
2023-04-20,2.594,2.593,2.605,2.568,712193.000
2023-04-21,2.593,2.576,2.622,2.575,676848.000
2023-04-24,2.577,2.571,2.588,2.564,1750071.000
2023-04-25,2.572,2.593,2.597,2.554,1128146.000
2023-04-26,2.583,2.599,2.616,2.554,1221749.000
2023-04-27,2.598,2.607,2.621,2.583,1210867.000
2023-04-28,2.600,2.643,2.645,2.597,1601624.000
2023-05-04,2.636,2.714,2.719,2.626,1102254.000
2023-05-05,2.722,2.742,2.763,2.703,1037191.000
2023-05-08,2.739,2.833,2.847,2.732,1940770.000
2023-05-09,2.833,2.795,2.869,2.792,2060461.000
2023-05-10,2.784,2.727,2.796,2.716,1722596.000
2023-05-11,2.729,2.720,2.748,2.709,783375.000
2023-05-12,2.720,2.707,2.747,2.694,926689.000
2023-05-15,2.706,2.700,2.707,2.630,1223200.000
2023-05-16,2.697,2.680,2.722,2.675,794161.000
2023-05-17,2.680,2.667,2.689,2.655,722698.000
2023-05-18,2.669,2.695,2.713,2.668,654278.000
2023-05-19,2.682,2.652,2.682,2.648,2094556.000
2023-05-22,2.649,2.642,2.660,2.629,697594.000
2023-05-23,2.640,2.604,2.650,2.604,671807.000
2023-05-24,2.602,2.562,2.602,2.558,961954.000
2023-05-25,2.558,2.547,2.562,2.516,910527.000
2023-05-26,2.544,2.575,2.583,2.530,1057589.000
2023-05-29,2.583,2.606,2.628,2.565,1536139.000
2023-05-30,2.600,2.605,2.613,2.564,805466.000
2023-05-31,2.596,2.572,2.602,2.566,787210.000
2023-06-01,2.574,2.569,2.595,2.555,645278.000
2023-06-02,2.571,2.568,2.584,2.561,854959.000
2023-06-05,2.569,2.586,2.589,2.557,612976.000
2023-06-06,2.586,2.576,2.622,2.566,812045.000
2023-06-07,2.575,2.607,2.612,2.560,970895.000
2023-06-08,2.605,2.644,2.652,2.590,1003716.000
2023-06-09,2.642,2.625,2.643,2.616,601660.000
2023-06-12,2.625,2.594,2.625,2.590,762985.000
2023-06-13,2.588,2.587,2.601,2.582,494480.000
2023-06-14,2.587,2.569,2.609,2.568,781806.000
2023-06-15,2.572,2.578,2.581,2.564,587570.000
2023-06-16,2.578,2.573,2.585,2.572,878893.000
2023-06-19,2.573,2.536,2.574,2.534,1030814.000
2023-06-20,2.534,2.509,2.535,2.506,837875.000
2023-06-21,2.508,2.492,2.522,2.489,959552.000
2023-06-26,2.484,2.446,2.484,2.445,1856509.000
2023-06-27,2.446,2.499,2.504,2.446,1146555.000
2023-06-28,2.495,2.519,2.522,2.489,790247.000
2023-06-29,2.518,2.517,2.527,2.502,761334.000
2023-06-30,2.515,2.522,2.532,2.513,716084.000
2023-07-03,2.524,2.557,2.559,2.524,972362.000
2023-07-04,2.554,2.534,2.554,2.520,642263.000
2023-07-05,2.528,2.532,2.541,2.517,1092783.000
2023-07-06,2.532,2.525,2.541,2.518,556868.000
2023-07-07,2.520,2.543,2.545,2.516,593350.000
2023-07-10,2.544,2.550,2.556,2.538,479310.000
2023-07-11,2.552,2.548,2.557,2.534,401942.000
2023-07-12,2.550,2.530,2.553,2.524,513875.000
2023-07-13,2.534,2.561,2.565,2.532,669262.000
2023-07-14,2.563,2.576,2.586,2.562,732841.000
2023-07-17,2.567,2.559,2.567,2.544,460003.000
2023-07-18,2.558,2.552,2.565,2.544,373974.000
2023-07-19,2.549,2.571,2.572,2.549,473091.000
2023-07-20,2.571,2.562,2.580,2.556,415692.000
2023-07-21,2.558,2.562,2.568,2.551,377542.000
2023-07-24,2.554,2.560,2.572,2.545,574601.000
2023-07-25,2.577,2.602,2.603,2.577,1076292.000
2023-07-26,2.603,2.609,2.615,2.599,883122.000
2023-07-27,2.608,2.618,2.642,2.603,1020283.000
2023-07-28,2.612,2.670,2.677,2.611,1348148.000
2023-07-31,2.685,2.690,2.718,2.677,1151875.000
2023-08-01,2.689,2.694,2.709,2.680,1054226.000
2023-08-02,2.692,2.655,2.692,2.649,927511.000
2023-08-03,2.647,2.671,2.672,2.635,701564.000
2023-08-04,2.681,2.660,2.696,2.657,904780.000
2023-08-07,2.656,2.632,2.656,2.623,552956.000
2023-08-08,2.626,2.627,2.643,2.617,558145.000
2023-08-09,2.627,2.617,2.627,2.614,370086.000
2023-08-10,2.617,2.638,2.649,2.613,409195.000
2023-08-11,2.638,2.596,2.645,2.595,500889.000
2023-08-14,2.581,2.590,2.596,2.556,813552.000
2023-08-15,2.590,2.614,2.620,2.581,994551.000
2023-08-16,2.609,2.613,2.627,2.590,748720.000
2023-08-17,2.597,2.612,2.613,2.584,690161.000
2023-08-18,2.608,2.613,2.642,2.607,789580.000
2023-08-21,2.613,2.588,2.618,2.584,866619.000
2023-08-22,2.589,2.606,2.615,2.577,825060.000
2023-08-23,2.603,2.612,2.642,2.600,793974.000
2023-08-24,2.612,2.596,2.623,2.591,724400.000
2023-08-25,2.594,2.599,2.617,2.585,1068480.000
2023-08-28,2.734,2.641,2.752,2.631,1726732.000
2023-08-29,2.633,2.641,2.648,2.619,860036.000
2023-08-30,2.641,2.611,2.641,2.600,926290.000
2023-08-31,2.608,2.578,2.618,2.572,1023376.000
2023-09-01,2.579,2.606,2.612,2.579,667127.000
2023-09-04,2.616,2.652,2.659,2.616,1059034.000
2023-09-05,2.652,2.628,2.652,2.618,618360.000
2023-09-06,2.620,2.625,2.633,2.609,456884.000
2023-09-07,2.624,2.617,2.641,2.615,725476.000
2023-09-08,2.609,2.598,2.613,2.591,695400.000
2023-09-11,2.599,2.619,2.623,2.598,463782.000
2023-09-12,2.617,2.614,2.622,2.610,312388.000
2023-09-13,2.617,2.629,2.641,2.617,716524.000
2023-09-14,2.628,2.667,2.670,2.621,1194308.000
2023-09-15,2.669,2.669,2.694,2.656,1047897.000
2023-09-18,2.668,2.671,2.671,2.638,617683.000
2023-09-19,2.669,2.692,2.697,2.666,735354.000
2023-09-20,2.690,2.700,2.705,2.679,655175.000
2023-09-21,2.691,2.681,2.707,2.679,1047294.000
2023-09-22,2.667,2.695,2.696,2.666,1007621.000
2023-09-25,2.691,2.689,2.709,2.679,861186.000
2023-09-26,2.685,2.676,2.694,2.672,446007.000
2023-09-27,2.675,2.665,2.681,2.659,710823.000
2023-09-28,2.668,2.661,2.674,2.660,520790.000
2023-10-09,2.661,2.656,2.662,2.626,662659.000
2023-10-10,2.656,2.627,2.662,2.625,637081.000
2023-10-11,2.631,2.618,2.635,2.610,760371.000
2023-10-12,2.627,2.644,2.650,2.625,620371.000
2023-10-13,2.630,2.640,2.649,2.621,535202.000
2023-10-16,2.642,2.659,2.660,2.634,707510.000
2023-10-17,2.657,2.655,2.660,2.643,393282.000
2023-10-18,2.652,2.632,2.655,2.631,529825.000
2023-10-19,2.623,2.587,2.627,2.584,910391.000
2023-10-20,2.583,2.564,2.583,2.554,1070550.000
2023-10-23,2.563,2.534,2.567,2.519,805009.000
2023-10-24,2.552,2.555,2.556,2.534,693513.000
2023-10-25,2.571,2.578,2.587,2.565,835238.000
2023-10-26,2.571,2.588,2.591,2.559,524288.000
2023-10-27,2.588,2.599,2.611,2.582,808122.000
2023-10-30,2.593,2.558,2.594,2.554,1181718.000
2023-10-31,2.556,2.566,2.567,2.545,532119.000
2023-11-01,2.567,2.563,2.569,2.548,552552.000
2023-11-02,2.563,2.572,2.582,2.561,538307.000
2023-11-03,2.572,2.558,2.580,2.554,700467.000
2023-11-06,2.558,2.539,2.562,2.532,1725427.000
2023-11-07,2.536,2.541,2.544,2.524,586932.000
2023-11-08,2.537,2.540,2.547,2.529,504998.000
2023-11-09,2.540,2.565,2.567,2.537,902506.000
2023-11-10,2.555,2.557,2.563,2.541,507373.000
2023-11-13,2.561,2.562,2.567,2.539,444820.000
2023-11-14,2.562,2.552,2.565,2.544,449898.000
2023-11-15,2.564,2.561,2.568,2.554,436421.000
2023-11-16,2.561,2.563,2.569,2.552,548953.000
2023-11-17,2.558,2.553,2.561,2.543,425464.000
2023-11-20,2.554,2.557,2.562,2.546,469947.000
2023-11-21,2.560,2.573,2.591,2.559,744516.000
2023-11-22,2.567,2.565,2.584,2.565,624226.000
2023-11-23,2.565,2.585,2.589,2.562,789752.000
2023-11-24,2.582,2.593,2.599,2.582,540474.000
2023-11-27,2.586,2.584,2.590,2.571,607921.000
2023-11-28,2.580,2.578,2.580,2.562,478999.000
2023-11-29,2.578,2.565,2.583,2.560,534770.000
2023-11-30,2.561,2.574,2.575,2.559,452842.000
2023-12-01,2.574,2.586,2.589,2.571,608245.000
2023-12-04,2.586,2.592,2.598,2.580,667699.000
2023-12-05,2.588,2.556,2.588,2.554,796424.000
2023-12-06,2.557,2.553,2.558,2.525,681201.000
2023-12-07,2.550,2.554,2.562,2.537,447964.000
2023-12-08,2.554,2.555,2.566,2.539,454388.000
2023-12-11,2.547,2.581,2.584,2.505,1034987.000
2023-12-12,2.575,2.593,2.594,2.564,796823.000
2023-12-13,2.587,2.571,2.594,2.570,480402.000
2023-12-14,2.581,2.579,2.590,2.564,590059.000
2023-12-15,2.582,2.562,2.586,2.556,656317.000
2023-12-18,2.556,2.559,2.574,2.546,497289.000
2023-12-19,2.555,2.551,2.558,2.539,707956.000
2023-12-20,2.554,2.549,2.571,2.545,664411.000
2023-12-21,2.543,2.529,2.543,2.513,1107048.000
2023-12-22,2.530,2.525,2.543,2.517,787360.000
2023-12-25,2.521,2.523,2.524,2.502,683572.000
2023-12-26,2.522,2.506,2.541,2.503,816758.000
2023-12-27,2.504,2.518,2.519,2.491,828123.000
2023-12-28,2.518,2.500,2.522,2.492,1574403.000
2023-12-29,2.500,2.515,2.519,2.491,1082140.000
2024-01-02,2.515,2.554,2.567,2.514,1458170.000
2024-01-03,2.552,2.594,2.598,2.549,2441793.000
2024-01-04,2.592,2.618,2.624,2.587,2469680.000
2024-01-05,2.614,2.628,2.671,2.610,3212402.000
2024-01-08,2.624,2.599,2.626,2.597,1197284.000
2024-01-09,2.598,2.622,2.626,2.575,1073091.000
2024-01-10,2.610,2.607,2.629,2.603,855944.000
2024-01-11,2.604,2.579,2.604,2.575,1105492.000
2024-01-12,2.579,2.594,2.601,2.574,1127940.000
2024-01-15,2.584,2.608,2.609,2.574,534727.000
2024-01-16,2.606,2.618,2.620,2.593,1066104.000
2024-01-17,2.616,2.581,2.626,2.577,1028522.000
2024-01-18,2.577,2.556,2.577,2.484,2914139.000
2024-01-19,2.551,2.534,2.559,2.525,1330333.000
2024-01-22,2.534,2.465,2.536,2.426,3060738.000
2024-01-23,2.494,2.483,2.494,2.425,3024009.000
2024-01-24,2.488,2.551,2.560,2.481,1620342.000
2024-01-25,2.551,2.623,2.625,2.551,1825239.000
2024-01-26,2.620,2.664,2.670,2.616,2013140.000
2024-01-29,2.668,2.679,2.702,2.665,1811884.000
2024-01-30,2.665,2.645,2.693,2.640,2223674.000
2024-01-31,2.639,2.649,2.675,2.628,1390434.000
2024-02-01,2.638,2.619,2.641,2.609,1030716.000
2024-02-02,2.617,2.627,2.668,2.566,3107944.000
2024-02-05,2.611,2.633,2.655,2.576,1934368.000
2024-02-06,2.625,2.675,2.692,2.603,2209791.000
2024-02-07,2.674,2.719,2.721,2.646,2112419.000
2024-02-08,2.718,2.720,2.743,2.703,1574356.000
2024-02-19,2.722,2.790,2.794,2.698,2098519.000
2024-02-20,2.778,2.834,2.842,2.771,2077467.000
2024-02-21,2.826,2.827,2.869,2.817,2176413.000
2024-02-22,2.822,2.885,2.887,2.820,1750987.000
2024-02-23,2.883,2.867,2.902,2.856,1769150.000
2024-02-26,2.866,2.798,2.866,2.785,1951116.000
2024-02-27,2.786,2.815,2.824,2.776,978146.000
2024-02-28,2.815,2.809,2.840,2.791,1224267.000
2024-02-29,2.791,2.827,2.829,2.787,981822.000
2024-03-01,2.821,2.822,2.840,2.813,1373540.000
2024-03-04,2.823,2.849,2.851,2.808,1097616.000
2024-03-05,2.843,2.870,2.872,2.834,1003653.000
2024-03-06,2.866,2.868,2.896,2.863,850328.000
2024-03-07,2.868,2.887,2.908,2.866,1254121.000
2024-03-08,2.888,2.904,2.910,2.869,1344887.000
2024-03-11,2.902,2.872,2.905,2.848,1417938.000
2024-03-12,2.866,2.801,2.866,2.787,2029243.000
2024-03-13,2.792,2.783,2.793,2.756,1588092.000
2024-03-14,2.774,2.792,2.798,2.766,1012090.000
2024-03-15,2.785,2.786,2.791,2.759,1078649.000
2024-03-18,2.783,2.769,2.783,2.755,1580925.000
2024-03-19,2.769,2.767,2.791,2.762,812608.000
2024-03-20,2.766,2.773,2.782,2.746,1052492.000
2024-03-21,2.772,2.777,2.785,2.759,537298.000
2024-03-22,2.775,2.783,2.785,2.756,1214809.000
2024-03-25,2.778,2.793,2.824,2.762,1403594.000
2024-03-26,2.787,2.776,2.795,2.758,1041917.000
2024-03-27,2.772,2.775,2.799,2.767,1218956.000
2024-03-28,2.773,2.767,2.777,2.745,1272574.000
2024-03-29,2.764,2.787,2.790,2.755,1139152.000
2024-04-01,2.785,2.782,2.787,2.772,720143.000
2024-04-02,2.782,2.803,2.810,2.781,982495.000
2024-04-03,2.803,2.840,2.842,2.799,1326082.000
2024-04-08,2.836,2.850,2.876,2.818,1149649.000
2024-04-09,2.847,2.835,2.863,2.819,927347.000
2024-04-10,2.835,2.846,2.866,2.830,1325326.000
2024-04-11,2.838,2.886,2.901,2.833,1280325.000
2024-04-12,2.879,2.879,2.897,2.867,862566.000
2024-04-15,2.880,2.945,2.947,2.871,1426359.000
2024-04-16,2.944,2.959,2.985,2.918,1909405.000
2024-04-17,2.941,2.992,2.997,2.918,1720643.000
2024-04-18,2.991,3.001,3.035,2.985,1716005.000
2024-04-19,2.989,3.023,3.040,2.982,2142359.000
2024-04-22,3.021,2.936,3.033,2.935,2262596.000
2024-04-23,2.922,2.888,2.931,2.877,1701746.000
2024-04-24,2.888,2.889,2.894,2.855,1505201.000
2024-04-25,2.881,2.908,2.909,2.876,1004093.000
2024-04-26,2.902,2.879,2.919,2.858,1485486.000
2024-04-29,2.865,2.845,2.868,2.815,1893529.000
2024-04-30,2.839,2.858,2.876,2.837,1126821.000
2024-05-06,2.863,2.875,2.876,2.843,1324515.000
2024-05-07,2.871,2.875,2.880,2.858,839155.000
2024-05-08,2.873,2.897,2.907,2.869,1349129.000
2024-05-09,2.895,2.908,2.913,2.887,981658.000
2024-05-10,2.905,2.927,2.927,2.897,1069062.000
2024-05-13,2.922,2.931,2.935,2.888,1086766.000
2024-05-14,2.926,2.918,2.929,2.899,1144485.000
2024-05-15,2.914,2.917,2.936,2.901,919913.000
2024-05-16,2.916,2.924,2.938,2.914,1155895.000
2024-05-17,2.924,2.945,2.948,2.911,1069580.000
2024-05-20,2.943,2.984,2.992,2.943,1084265.000
2024-05-21,2.976,3.000,3.007,2.974,886762.000
2024-05-22,3.001,3.000,3.032,2.999,1302015.000
2024-05-23,2.990,2.958,2.995,2.951,1379718.000
2024-05-24,2.954,2.953,2.992,2.946,1163947.000
2024-05-27,2.955,3.010,3.010,2.955,1035116.000
2024-05-28,3.005,3.001,3.018,2.988,1195927.000
2024-05-29,2.995,3.004,3.031,2.989,1338303.000
2024-05-30,2.994,2.981,3.022,2.972,1197834.000
2024-05-31,2.980,2.988,3.003,2.980,633652.000
2024-06-03,2.983,2.957,2.984,2.941,1024577.000
2024-06-04,2.953,2.970,2.973,2.938,847252.000
2024-06-05,2.968,2.932,2.974,2.928,885432.000
2024-06-06,2.932,2.949,2.965,2.931,770106.000
2024-06-07,2.947,2.976,2.977,2.947,775250.000
2024-06-11,2.974,2.920,2.975,2.904,1182795.000
2024-06-12,2.914,2.961,2.965,2.899,1001026.000
2024-06-13,2.955,2.933,2.961,2.922,703739.000
2024-06-14,2.932,2.938,2.947,2.921,831187.000
2024-06-17,2.930,2.896,2.940,2.888,1189649.000
2024-06-18,2.896,2.903,2.908,2.873,762881.000
2024-06-19,2.902,2.903,2.916,2.895,645720.000
2024-06-20,2.901,2.909,2.917,2.896,637291.000
2024-06-21,2.907,2.914,2.919,2.897,740753.000
2024-06-24,2.906,2.872,2.906,2.858,934495.000
2024-06-25,2.871,2.885,2.897,2.870,723987.000
2024-06-26,2.884,2.893,2.896,2.867,675989.000
2024-06-27,2.893,2.893,2.906,2.880,836661.000
2024-06-28,2.891,2.916,2.924,2.884,797687.000
2024-07-01,2.910,2.984,2.987,2.907,1535858.000
2024-07-02,2.982,2.986,2.995,2.960,817392.000
2024-07-03,2.986,2.964,2.993,2.958,812253.000
2024-07-04,2.964,2.950,2.978,2.944,664020.000
2024-07-05,2.950,2.933,2.959,2.915,1157198.000
2024-07-08,2.932,2.922,2.942,2.915,822721.000
2024-07-09,2.921,2.948,2.950,2.898,969997.000
2024-07-10,2.942,2.882,2.943,2.878,1514260.000
2024-07-11,2.885,2.877,2.894,2.866,1405205.000
2024-07-12,2.877,2.873,2.895,2.866,869355.000
2024-07-15,2.867,2.910,2.913,2.853,1011072.000
2024-07-16,2.906,2.897,2.913,2.883,790068.000
2024-07-17,2.895,2.884,2.901,2.872,638204.000
2024-07-18,2.881,2.888,2.889,2.852,898818.000
2024-07-19,2.879,2.865,2.881,2.847,1136112.000
2024-07-22,2.858,2.833,2.858,2.806,1745594.000
2024-07-23,2.828,2.812,2.834,2.808,739471.000
2024-07-24,2.809,2.814,2.822,2.796,777901.000
2024-07-25,2.805,2.800,2.808,2.775,983009.000
2024-07-26,2.796,2.782,2.803,2.766,805864.000
2024-07-29,2.775,2.794,2.795,2.768,562129.000
2024-07-30,2.790,2.779,2.791,2.767,547353.000
2024-07-31,2.778,2.808,2.810,2.774,998664.000
2024-08-01,2.808,2.811,2.821,2.799,592196.000
2024-08-02,2.797,2.803,2.815,2.783,862146.000
2024-08-05,2.797,2.762,2.803,2.758,1128491.000
2024-08-06,2.763,2.751,2.781,2.728,1079816.000
2024-08-07,2.740,2.763,2.778,2.738,756568.000
2024-08-08,2.763,2.774,2.778,2.753,657904.000
2024-08-09,2.774,2.763,2.780,2.759,816467.000
2024-08-12,2.758,2.783,2.790,2.750,721918.000
2024-08-13,2.779,2.784,2.791,2.765,961066.000
2024-08-14,2.783,2.777,2.790,2.772,469715.000
2024-08-15,2.775,2.806,2.813,2.768,869418.000
2024-08-16,2.806,2.811,2.818,2.798,584371.000
2024-08-19,2.810,2.841,2.843,2.807,882449.000
2024-08-20,2.843,2.806,2.845,2.791,866623.000
2024-08-21,2.800,2.773,2.801,2.755,945657.000
2024-08-22,2.771,2.776,2.789,2.765,743968.000
2024-08-23,2.775,2.774,2.785,2.760,662428.000
2024-08-26,2.771,2.758,2.774,2.741,737557.000
2024-08-27,2.753,2.765,2.769,2.750,508127.000
2024-08-28,2.760,2.752,2.773,2.743,503051.000
2024-08-29,2.750,2.696,2.750,2.691,1228782.000
2024-08-30,2.694,2.705,2.727,2.671,1151160.000
2024-09-02,2.699,2.720,2.737,2.669,973419.000
2024-09-03,2.718,2.693,2.728,2.674,1126224.000
2024-09-04,2.685,2.692,2.699,2.667,642475.000
2024-09-05,2.689,2.694,2.703,2.681,518895.000
2024-09-06,2.695,2.670,2.706,2.668,659429.000
2024-09-09,2.661,2.615,2.663,2.606,1179836.000
2024-09-10,2.614,2.622,2.627,2.598,978891.000
2024-09-11,2.617,2.558,2.617,2.545,1480728.000
2024-09-12,2.555,2.568,2.579,2.545,1755122.000
2024-09-13,2.566,2.560,2.591,2.557,1329525.000
2024-09-18,2.559,2.593,2.597,2.557,989235.000
2024-09-19,2.594,2.588,2.601,2.564,986011.000
2024-09-20,2.587,2.589,2.594,2.571,617296.000
2024-09-23,2.585,2.620,2.627,2.580,902406.000
2024-09-24,2.647,2.754,2.755,2.635,2491896.000
2024-09-25,2.801,2.800,2.864,2.794,3477545.000
2024-09-26,2.794,2.904,2.909,2.789,2970679.000
2024-09-27,2.939,2.893,2.968,2.853,2413384.000
2024-09-30,2.970,3.114,3.148,2.947,5874140.000
2024-10-08,3.446,3.119,3.446,3.031,5076378.000
2024-10-09,3.085,2.863,3.085,2.861,2699415.000
2024-10-10,2.863,2.985,3.060,2.863,4032208.000
2024-10-11,2.987,2.941,3.015,2.910,2652616.000
2024-10-14,2.953,3.027,3.049,2.953,2313648.000
2024-10-15,3.015,2.946,3.023,2.944,1900074.000
2024-10-16,2.928,2.994,3.015,2.924,1708854.000
2024-10-17,2.993,2.946,3.017,2.943,1382739.000
2024-10-18,2.940,2.967,3.002,2.896,2385834.000
2024-10-21,2.970,2.947,2.975,2.926,2071388.000
2024-10-22,2.947,2.959,2.973,2.933,1150962.000
2024-10-23,2.959,2.960,2.970,2.947,1474760.000
2024-10-24,2.954,2.941,2.956,2.931,1535926.000
2024-10-25,2.941,2.939,2.949,2.929,1152928.000
2024-10-28,2.936,2.960,2.961,2.929,1638892.000
2024-10-29,2.958,2.915,2.965,2.907,1432611.000
2024-10-30,2.915,2.880,2.920,2.861,1460926.000
2024-10-31,2.879,2.861,2.879,2.832,1348018.000
2024-11-01,2.855,2.890,2.908,2.851,1955466.000
2024-11-04,2.895,2.904,2.907,2.858,909167.000
2024-11-05,2.903,2.933,2.933,2.894,1376283.000
2024-11-06,2.933,2.905,2.933,2.893,2021931.000
2024-11-07,2.896,2.974,2.975,2.892,1832475.000
2024-11-08,2.981,2.941,2.993,2.922,1711411.000
2024-11-11,2.935,2.908,2.935,2.887,1794435.000
2024-11-12,2.905,2.888,2.930,2.875,1862926.000
2024-11-13,2.885,2.908,2.911,2.877,1387584.000
2024-11-14,2.903,2.882,2.914,2.878,1336184.000
2024-11-15,2.875,2.885,2.910,2.870,2264362.000
2024-11-18,2.902,2.933,2.975,2.900,2720798.000
2024-11-19,2.933,2.924,2.944,2.895,2329066.000
2024-11-20,2.920,2.930,2.931,2.910,1108157.000
2024-11-21,2.925,2.933,2.937,2.920,912842.000
2024-11-22,2.933,2.857,2.946,2.852,1977811.000
2024-11-25,2.857,2.863,2.888,2.848,2022688.000
2024-11-26,2.857,2.874,2.885,2.850,889395.000
2024-11-27,2.874,2.904,2.906,2.840,2248762.000
2024-11-28,2.900,2.901,2.915,2.894,927653.000
2024-11-29,2.900,2.916,2.929,2.900,1239056.000
2024-12-02,2.924,2.924,2.928,2.898,1214091.000
2024-12-03,2.917,2.956,2.960,2.908,2434126.000
2024-12-04,2.953,2.981,2.995,2.935,2629125.000
2024-12-05,2.979,2.974,2.985,2.967,2497778.000
2024-12-06,2.974,3.017,3.028,2.974,3287146.000
2024-12-09,3.017,3.025,3.045,3.003,2508580.000
2024-12-10,3.065,3.021,3.086,3.015,4043951.000
2024-12-11,3.017,3.034,3.040,3.015,1296547.000
2024-12-12,3.036,3.040,3.043,3.024,1288900.000
2024-12-13,3.037,3.003,3.037,2.995,1915784.000
2024-12-16,3.000,3.032,3.053,2.996,1908725.000
2024-12-17,3.023,3.027,3.051,3.017,1760411.000
2024-12-18,3.034,3.047,3.065,3.032,1969120.000
2024-12-19,3.035,3.007,3.036,2.993,1811738.000
2024-12-20,2.999,2.979,3.013,2.977,1426202.000
2024-12-23,2.975,2.993,3.017,2.975,1617728.000
2024-12-24,2.993,3.026,3.031,2.988,1639458.000
2024-12-25,3.026,3.041,3.049,3.020,1695288.000
2024-12-26,3.042,3.031,3.044,3.019,1618611.000
2024-12-27,3.023,3.030,3.032,2.997,1510245.000
2024-12-30,3.029,3.077,3.080,3.025,2494389.000
2024-12-31,3.078,3.066,3.103,3.060,2426270.000
2025-01-02,3.066,2.994,3.083,2.970,2912808.000
2025-01-03,2.997,2.963,3.005,2.953,3120309.000
2025-01-06,2.958,2.963,2.964,2.925,1596461.000
2025-01-07,2.962,2.949,2.962,2.915,1643225.000
2025-01-08,2.940,2.943,2.958,2.909,1288300.000
2025-01-09,2.937,2.899,2.937,2.895,1913486.000
2025-01-10,2.900,2.866,2.908,2.865,2116176.000
2025-01-13,2.855,2.839,2.867,2.825,1367593.000
2025-01-14,2.840,2.889,2.894,2.838,2019537.000
2025-01-15,2.889,2.898,2.926,2.884,1436467.000
2025-01-16,2.903,2.928,2.934,2.903,1342170.000
2025-01-17,2.925,2.911,2.927,2.896,1330096.000
2025-01-20,2.911,2.900,2.921,2.895,1611917.000
2025-01-21,2.910,2.884,2.912,2.874,2176115.000
2025-01-22,2.884,2.860,2.884,2.853,1299265.000
2025-01-23,2.876,2.909,2.920,2.876,2079323.000
2025-01-24,2.902,2.924,2.934,2.888,1768204.000
2025-01-27,2.924,2.962,2.971,2.924,1405517.000
2025-02-05,2.963,2.900,2.968,2.893,2340959.000
2025-02-06,2.898,2.898,2.906,2.877,2522980.000
2025-02-07,2.898,2.911,2.918,2.880,2777155.000
2025-02-10,2.907,2.904,2.909,2.894,2187059.000
2025-02-11,2.904,2.917,2.918,2.902,1797734.000
2025-02-12,2.918,2.919,2.921,2.902,1813057.000
2025-02-13,2.917,2.922,2.931,2.914,2088613.000
2025-02-14,2.921,2.925,2.927,2.908,2255140.000
2025-02-17,2.925,2.912,2.928,2.899,1938822.000
2025-02-18,2.910,2.910,2.928,2.900,2491054.000
2025-02-19,2.905,2.892,2.907,2.887,2235873.000
2025-02-20,2.887,2.879,2.890,2.877,1967385.000
2025-02-21,2.880,2.857,2.884,2.852,3522056.000
2025-02-24,2.856,2.853,2.859,2.838,2354575.000
2025-02-25,2.848,2.832,2.857,2.829,2087774.000
2025-02-26,2.832,2.858,2.865,2.832,2076594.000
2025-02-27,2.859,2.885,2.885,2.853,1876808.000
2025-02-28,2.884,2.867,2.896,2.864,1639657.000
2025-03-03,2.867,2.854,2.876,2.853,2051023.000
2025-03-04,2.854,2.853,2.859,2.840,974080.000
2025-03-05,2.853,2.861,2.861,2.841,1132824.000
2025-03-06,2.861,2.855,2.864,2.842,1722878.000
2025-03-07,2.853,2.854,2.864,2.849,2246833.000
2025-03-10,2.852,2.858,2.859,2.842,1368229.000
2025-03-11,2.850,2.879,2.880,2.843,1884860.000
2025-03-12,2.879,2.875,2.883,2.868,1020184.000
2025-03-13,2.871,2.903,2.904,2.870,2057992.000
2025-03-14,2.900,2.925,2.934,2.898,2416241.000
2025-03-17,2.926,2.934,2.938,2.920,1363699.000
2025-03-18,2.934,2.922,2.936,2.911,1349807.000
2025-03-19,2.918,2.923,2.927,2.908,1007445.000
2025-03-20,2.923,2.918,2.934,2.915,1911142.000
2025-03-21,2.915,2.912,2.937,2.900,1745557.000
2025-03-24,2.911,2.935,2.937,2.911,1462197.000
2025-03-25,2.930,2.957,2.957,2.929,1690546.000
2025-03-26,2.953,2.958,2.960,2.941,1713990.000
2025-03-27,2.957,2.956,2.962,2.948,939027.000
2025-03-28,2.952,2.939,2.956,2.931,1571929.000
2025-03-31,2.936,2.930,2.952,2.924,1507175.000
2025-04-01,2.928,2.954,2.955,2.927,1136417.000
2025-04-02,2.954,2.969,2.973,2.949,1331272.000
2025-04-03,2.955,2.974,2.977,2.946,1451695.000
2025-04-07,2.907,2.795,2.910,2.732,4718645.000
2025-04-08,2.796,2.860,2.860,2.795,2981326.000
2025-04-09,2.840,2.864,2.869,2.802,2688583.000
2025-04-10,2.877,2.895,2.905,2.867,2917030.000
2025-04-11,2.887,2.880,2.888,2.870,1207799.000
2025-04-14,2.880,2.908,2.912,2.877,1231224.000
2025-04-15,2.908,2.923,2.924,2.901,1189906.000
2025-04-16,2.920,2.939,2.941,2.913,1474685.000
2025-04-17,2.935,2.932,2.935,2.918,810585.000
2025-04-18,2.924,2.934,2.937,2.923,831692.000
2025-04-21,2.932,2.924,2.951,2.922,978448.000
2025-04-22,2.921,2.934,2.939,2.920,1259329.000
2025-04-23,2.934,2.918,2.937,2.915,1060247.000
2025-04-24,2.917,2.931,2.938,2.912,958976.000
2025-04-25,2.929,2.928,2.936,2.921,701000.000
2025-04-28,2.927,2.931,2.934,2.917,1183115.000
2025-04-29,2.928,2.919,2.933,2.914,799785.000
2025-04-30,2.919,2.895,2.919,2.891,1172012.000
2025-05-06,2.897,2.887,2.900,2.877,1164457.000
2025-05-07,2.900,2.906,2.912,2.893,1687552.000
2025-05-08,2.906,2.910,2.916,2.897,899098.000
2025-05-09,2.908,2.927,2.931,2.907,1291853.000
2025-05-12,2.930,2.940,2.941,2.924,911842.000
2025-05-13,2.947,2.962,2.964,2.940,1982102.000
2025-05-14,2.958,2.990,2.991,2.952,1970155.000
2025-05-15,2.989,2.981,3.002,2.980,1414561.000
2025-05-16,2.975,2.963,2.980,2.947,867006.000
2025-05-19,2.963,2.974,2.978,2.961,867163.000
2025-05-20,2.975,2.978,2.984,2.969,915278.000
2025-05-21,2.978,3.007,3.015,2.977,1157079.000
2025-05-22,3.004,3.008,3.014,2.994,725603.000
2025-05-23,3.009,2.980,3.025,2.979,898870.000
2025-05-26,2.976,2.964,2.985,2.959,959427.000
2025-05-27,2.962,2.952,2.971,2.944,758188.000
2025-05-28,2.952,2.957,2.960,2.943,556996.000
2025-05-29,2.957,2.965,2.967,2.954,715069.000
2025-05-30,2.961,2.979,2.980,2.961,804824.000
2025-06-03,2.975,2.991,2.996,2.960,749225.000
2025-06-04,2.992,2.999,2.999,2.981,692411.000
2025-06-05,2.997,2.981,3.006,2.973,789064.000
2025-06-06,2.981,2.981,2.995,2.977,1110793.000
2025-06-09,2.981,2.985,2.986,2.967,754241.000
2025-06-10,2.982,2.990,3.005,2.975,1065857.000
2025-06-11,2.988,2.999,3.001,2.986,634946.000
2025-06-12,2.999,2.997,3.000,2.990,512471.000
2025-06-13,2.996,2.982,3.000,2.976,1250913.000
2025-06-16,2.978,2.988,2.989,2.974,600817.000
2025-06-17,2.988,2.991,2.995,2.983,603621.000
2025-06-18,2.989,2.995,2.997,2.979,698710.000
2025-06-19,2.994,2.981,2.994,2.975,735191.000
2025-06-20,2.981,2.997,3.002,2.981,915665.000
2025-06-23,2.993,3.010,3.016,2.975,1115885.000
2025-06-24,3.002,3.014,3.017,2.996,1020838.000
2025-06-25,3.015,3.030,3.035,3.004,1333556.000
2025-06-26,3.027,3.037,3.042,3.022,982767.000
2025-06-27,3.036,3.011,3.050,3.004,1278158.000
2025-06-30,3.005,3.009,3.012,2.997,1366038.000
2025-07-01,3.009,3.032,3.033,3.008,994951.000
2025-07-02,3.034,3.056,3.057,3.032,1178854.000
2025-07-03,3.054,3.055,3.064,3.045,1087846.000
2025-07-04,3.054,3.079,3.090,3.053,1677077.000
2025-07-07,3.076,3.092,3.092,3.064,958276.000
2025-07-08,3.089,3.086,3.099,3.075,717535.000
2025-07-09,3.085,3.102,3.109,3.083,780209.000
2025-07-10,3.101,3.128,3.134,3.100,755640.000
2025-07-11,3.127,3.107,3.144,3.107,1367765.000
2025-07-14,3.104,3.129,3.141,3.103,1085861.000
2025-07-15,3.125,3.090,3.129,3.083,1246225.000
2025-07-16,3.089,3.078,3.091,3.062,1657373.000
2025-07-17,3.076,3.069,3.082,3.061,1089411.000
2025-07-18,3.069,3.083,3.085,3.068,806143.000
2025-07-21,3.083,3.104,3.105,3.082,1005313.000
2025-07-22,3.104,3.157,3.162,3.081,1953370.000
2025-07-23,3.171,3.154,3.186,3.151,1544034.000
2025-07-24,3.151,3.164,3.165,3.132,1324573.000
2025-07-25,3.161,3.150,3.182,3.145,1168355.000
2025-07-28,3.139,3.117,3.139,3.107,1424407.000
2025-07-29,3.108,3.108,3.116,3.091,1179327.000
2025-07-30,3.107,3.119,3.139,3.106,1353640.000
2025-07-31,3.108,3.068,3.112,3.053,1990172.000
2025-08-01,3.067,3.065,3.079,3.053,880379.000
2025-08-04,3.052,3.079,3.081,3.051,884294.000
2025-08-05,3.080,3.111,3.113,3.075,870687.000
2025-08-06,3.112,3.124,3.127,3.109,1147258.000
2025-08-07,3.124,3.136,3.141,3.112,1470667.000
2025-08-08,3.132,3.135,3.145,3.127,988075.000
2025-08-11,3.134,3.117,3.140,3.114,1613798.000
2025-08-12,3.117,3.135,3.149,3.117,1049482.000
2025-08-13,3.135,3.115,3.139,3.112,1079083.000
2025-08-14,3.115,3.094,3.122,3.091,1092527.000
2025-08-15,3.090,3.088,3.090,3.066,1299361.000
2025-08-18,3.087,3.080,3.093,3.071,1349691.000
2025-08-19,3.078,3.074,3.080,3.069,1032323.000
2025-08-20,3.071,3.097,3.098,3.063,1129755.000
2025-08-21,3.097,3.113,3.115,3.088,1279082.000
2025-08-22,3.115,3.110,3.115,3.083,1692019.000
2025-08-25,3.111,3.130,3.131,3.100,1763786.000
2025-08-26,3.127,3.118,3.130,3.117,1070616.000
2025-08-27,3.115,3.065,3.116,3.062,1908969.000
2025-08-28,3.062,3.062,3.071,3.033,2241811.000
2025-08-29,3.058,3.046,3.084,3.043,1809807.000
2025-09-01,3.045,3.028,3.055,3.021,2129620.000
2025-09-02,3.028,3.043,3.044,3.022,1386062.000
2025-09-03,3.042,3.010,3.045,3.005,1751306.000
2025-09-04,3.006,3.029,3.032,2.979,2045584.000
2025-09-05,3.023,3.019,3.024,3.001,1351636.000
2025-09-08,3.017,3.025,3.028,3.009,1117115.000
2025-09-09,3.025,3.027,3.031,3.012,1026773.000
2025-09-10,3.024,3.026,3.029,3.013,865659.000
2025-09-11,3.024,3.031,3.031,3.007,1754925.000
2025-09-12,3.028,3.016,3.035,3.011,1360004.000
2025-09-15,3.013,2.999,3.013,2.992,1633607.000
2025-09-16,3.002,2.992,3.016,2.988,1152566.000
2025-09-17,2.991,3.006,3.010,2.982,1556716.000
2025-09-18,3.007,2.953,3.007,2.939,3433799.000
2025-09-19,2.953,2.970,2.971,2.934,2549076.000
2025-09-22,2.969,2.944,2.970,2.937,1405483.000
2025-09-23,2.944,2.962,2.964,2.927,2266503.000
2025-09-24,2.957,2.968,2.979,2.950,1472298.000
2025-09-25,2.963,2.954,2.965,2.940,1327719.000
2025-09-26,2.952,2.955,2.961,2.937,1374953.000
2025-09-29,2.948,2.950,2.962,2.929,2148054.000
2025-09-30,2.948,2.939,2.949,2.930,1154267.000
2025-10-09,2.939,2.960,2.960,2.925,1929474.000
2025-10-10,2.957,2.993,2.998,2.948,2659473.000
2025-10-13,2.982,2.997,3.002,2.951,2384906.000
2025-10-14,2.996,3.061,3.062,2.983,4742432.000
2025-10-15,3.060,3.064,3.072,3.044,2384312.000
2025-10-16,3.058,3.096,3.101,3.054,2420802.000
2025-10-17,3.096,3.086,3.125,3.081,2439190.000
2025-10-20,3.086,3.113,3.115,3.057,2526386.000
2025-10-21,3.100,3.105,3.110,3.085,1603584.000
2025-10-22,3.098,3.110,3.113,3.095,1177322.000
2025-10-23,3.105,3.135,3.140,3.105,2259497.000
2025-10-24,3.122,3.116,3.130,3.111,1955657.000
2025-10-27,3.110,3.129,3.143,3.092,1816023.000
2025-10-28,3.125,3.124,3.136,3.110,1229884.000
2025-10-29,3.122,3.106,3.122,3.087,1712947.000
2025-10-30,3.102,3.105,3.128,3.099,1148432.000
2025-10-31,3.104,3.097,3.105,3.082,1144085.000
2025-11-03,3.097,3.140,3.142,3.096,1916338.000
2025-11-04,3.140,3.170,3.184,3.137,2230019.000
2025-11-05,3.163,3.179,3.189,3.149,1289430.000
2025-11-06,3.172,3.183,3.192,3.159,943283.000
2025-11-07,3.183,3.188,3.207,3.182,758414.000
2025-11-10,3.185,3.213,3.215,3.174,950779.000
2025-11-11,3.211,3.204,3.211,3.184,919180.000
2025-11-12,3.202,3.217,3.232,3.202,1093402.000
2025-11-13,3.209,3.218,3.225,3.193,1030800.000
2025-11-14,3.213,3.205,3.238,3.203,992268.000
2025-11-17,3.205,3.186,3.205,3.168,1345215.000
2025-11-18,3.181,3.141,3.184,3.130,1786816.000
2025-11-19,3.140,3.157,3.165,3.139,1057952.000
2025-11-20,3.156,3.157,3.190,3.152,1026511.000
2025-11-21,3.147,3.112,3.157,3.107,2039587.000
2025-11-24,3.110,3.084,3.122,3.084,1711804.000
2025-11-25,3.083,3.100,3.103,3.077,1299588.000
2025-11-26,3.097,3.083,3.109,3.080,1472229.000
2025-11-27,3.083,3.087,3.096,3.065,1243189.000
2025-11-28,3.087,3.087,3.089,3.072,899713.000
2025-12-01,3.087,3.102,3.102,3.079,1145602.000
2025-12-02,3.101,3.106,3.107,3.093,983408.000
2025-12-03,3.103,3.098,3.121,3.093,946568.000
2025-12-04,3.095,3.085,3.105,3.081,850259.000
2025-12-05,3.084,3.083,3.087,3.063,1072889.000
2025-12-08,3.082,3.067,3.084,3.050,1959975.000
2025-12-09,3.060,3.041,3.061,3.038,1437445.000
2025-12-10,3.043,3.028,3.048,3.017,1508703.000
2025-12-11,3.028,3.012,3.031,3.002,1835372.000
2025-12-12,3.012,2.999,3.016,2.992,1801222.000
2025-12-15,3.000,3.025,3.032,2.990,1476489.000
2025-12-16,3.024,2.997,3.024,2.992,2185813.000
2025-12-17,2.993,3.000,3.011,2.981,1579985.000
2025-12-18,3.000,3.032,3.037,2.997,1622481.000
2025-12-19,3.032,3.031,3.040,3.016,1276725.000
2025-12-22,3.031,3.016,3.031,3.012,1504320.000
2025-12-23,3.015,3.017,3.030,3.012,1218230.000
2025-12-24,3.017,3.022,3.023,3.003,1271334.000
2025-12-25,3.022,3.031,3.034,3.020,1127728.000
2025-12-26,3.027,3.044,3.044,3.024,1214765.000
2025-12-29,3.044,3.042,3.057,3.029,1552065.000
2025-12-30,3.036,3.045,3.051,3.028,1374696.000
2025-12-31,3.045,3.040,3.051,3.032,1058800.000
2026-01-05,3.040,3.037,3.050,3.027,1607098.000
2026-01-06,3.037,3.075,3.076,3.029,2122084.000
2026-01-07,3.075,3.089,3.089,3.059,1453188.000
2026-01-08,3.087,3.078,3.088,3.070,1090211.000
2026-01-09,3.078,3.091,3.092,3.073,1217501.000
2026-01-12,3.090,3.088,3.094,3.071,1424054.000
2026-01-13,3.085,3.086,3.102,3.081,1411420.000
2026-01-14,3.085,3.056,3.093,3.054,1944569.000
2026-01-15,3.056,3.045,3.066,3.040,1533200.000
2026-01-16,3.046,3.020,3.057,3.012,2546637.000
2026-01-19,3.020,3.036,3.037,3.011,1692457.000
2026-01-20,3.037,3.074,3.075,3.032,1943691.000
2026-01-21,3.078,3.057,3.079,3.052,3018778.000
2026-01-22,3.059,3.077,3.080,3.055,1558018.000
2026-01-23,3.081,3.069,3.082,3.059,1611766.000
2026-01-26,3.069,3.106,3.109,3.064,2118313.000
2026-01-27,3.106,3.081,3.113,3.075,2602109.000
2026-01-28,3.082,3.132,3.148,3.072,3298950.000
2026-01-29,3.134,3.166,3.168,3.120,2256031.000
2026-01-30,3.165,3.144,3.196,3.124,2645934.000
2026-02-02,3.137,3.046,3.138,3.042,4010476.000
2026-02-03,3.049,3.051,3.064,3.028,2379582.000
2026-02-04,3.056,3.150,3.153,3.056,4374666.000
2026-02-05,3.132,3.136,3.143,3.112,1492115.000
2026-02-06,3.110,3.126,3.141,3.100,1513444.000
2026-02-09,3.126,3.144,3.146,3.125,931810.000
2026-02-10,3.144,3.156,3.160,3.132,1188537.000
2026-02-11,3.153,3.183,3.192,3.143,2247075.000
2026-02-12,3.185,3.180,3.198,3.169,1420123.000
2026-02-13,3.170,3.137,3.175,3.134,1489833.000
2026-02-24,3.152,3.190,3.196,3.152,2172995.000
2026-02-25,3.190,3.194,3.237,3.187,3638032.000
2026-02-26,3.197,3.195,3.211,3.178,1207771.000
2026-02-27,3.193,3.232,3.237,3.190,2063675.000
2026-03-02,3.275,3.303,3.306,3.235,3251904.000
2026-03-03,3.306,3.367,3.404,3.296,3741153.000
2026-03-04,3.341,3.304,3.341,3.251,1682921.000
2026-03-05,3.283,3.291,3.312,3.255,1385305.000
2026-03-06,3.282,3.285,3.290,3.253,1227179.000
2026-03-09,3.347,3.309,3.373,3.308,2021999.000
2026-03-10,3.256,3.270,3.283,3.240,1296122.000
2026-03-11,3.263,3.313,3.317,3.240,1340465.000
2026-03-12,3.325,3.381,3.392,3.313,2074272.000
2026-03-13,3.380,3.364,3.408,3.358,2042364.000
2026-03-16,3.365,3.335,3.381,3.330,1135786.000
2026-03-17,3.325,3.309,3.349,3.308,1120498.000
2026-03-18,3.308,3.296,3.319,3.261,1185168.000
2026-03-19,3.306,3.305,3.329,3.296,1345936.000
2026-03-20,3.275,3.296,3.329,3.273,1074156.000
2026-03-23,3.305,3.234,3.306,3.226,2022804.000
2026-03-24,3.230,3.269,3.270,3.227,1398703.000
2026-03-25,3.250,3.256,3.257,3.210,1575615.000
2026-03-26,3.251,3.268,3.288,3.248,1148295.000
2026-03-27,3.267,3.267,3.283,3.243,887788.000
2026-03-30,3.262,3.299,3.304,3.262,1081540.000
2026-03-31,3.293,3.251,3.314,3.248,1590399.000
2026-04-01,3.248,3.241,3.269,3.236,1322342.000
2026-04-02,3.240,3.258,3.270,3.238,1002087.000
2026-04-03,3.256,3.216,3.259,3.204,1523366.000
2026-04-07,3.217,3.228,3.232,3.196,1021184.000
2026-04-08,3.210,3.227,3.228,3.186,1714533.000
2026-04-09,3.222,3.212,3.232,3.202,792582.000
2026-04-10,3.211,3.218,3.231,3.205,839606.000
2026-04-13,3.225,3.223,3.233,3.202,1137072.000
2026-04-14,3.216,3.223,3.224,3.205,991290.000
2026-04-15,3.221,3.240,3.242,3.206,1155045.000
2026-04-16,3.230,3.244,3.251,3.230,942203.000
2026-04-17,3.240,3.218,3.244,3.216,1068333.000
2026-04-20,3.219,3.225,3.235,3.212,896280.000
2026-04-21,3.224,3.265,3.273,3.222,2186009.000
2026-04-22,3.268,3.269,3.281,3.259,1127009.000
2026-04-23,3.269,3.293,3.294,3.253,1213083.000
2026-04-24,3.277,3.280,3.292,3.266,1460046.000
2026-04-27,3.270,3.275,3.293,3.264,1008522.000
2026-04-28,3.270,3.325,3.326,3.265,1653365.000
2026-04-29,3.315,3.347,3.360,3.313,1395719.000
2026-04-30,3.340,3.341,3.357,3.324,1434351.000
2026-05-06,3.335,3.341,3.342,3.300,1451800.000
2026-05-07,3.327,3.272,3.327,3.268,2937811.000
2026-05-08,3.273,3.261,3.292,3.250,1593841.000
2026-05-11,3.261,3.263,3.276,3.253,1463540.000
2026-05-12,3.260,3.257,3.284,3.255,1171480.000
2026-05-13,3.258,3.244,3.271,3.230,1220950.000
2026-05-14,3.244,3.223,3.246,3.222,1022441.000
2026-05-15,3.224,3.223,3.244,3.210,1605664.000
2026-05-18,3.220,3.217,3.234,3.200,1885325.000
2026-05-19,3.217,3.222,3.228,3.208,961249.000
2026-05-20,3.222,3.215,3.230,3.208,1357173.000
2026-05-21,3.205,3.172,3.215,3.167,2302791.000
2026-05-22,3.173,3.156,3.175,3.138,1680864.000
2026-05-25,3.178,3.185,3.219,3.178,1972914.000
2026-05-26,3.178,3.186,3.192,3.163,1241574.000
2026-05-27,3.180,3.170,3.183,3.143,1784287.000
2026-05-28,3.163,3.170,3.193,3.157,1444370.000
2026-05-29,3.165,3.206,3.212,3.162,2132096.000
2026-06-01,3.212,3.307,3.315,3.206,3998342.000
2026-06-02,3.307,3.308,3.365,3.294,3254401.000
2026-06-03,3.290,3.324,3.339,3.264,2180349.000
2026-06-04,3.318,3.327,3.354,3.292,1691105.000
2026-06-05,3.314,3.321,3.355,3.311,2234907.000
2026-06-08,3.309,3.304,3.338,3.278,1744427.000
