date,open,close,high,low,volume
2014-01-15,0.497,0.493,0.498,0.488,1328553.000
2014-01-16,0.494,0.496,0.497,0.494,397330.000
2014-01-17,0.497,0.494,0.497,0.493,169781.000
2014-01-20,0.492,0.491,0.494,0.491,139374.000
2014-01-21,0.491,0.492,0.498,0.485,218529.000
2014-01-22,0.492,0.490,0.494,0.487,258991.000
2014-01-23,0.493,0.494,0.495,0.489,115346.000
2014-01-24,0.492,0.495,0.497,0.490,134146.000
2014-01-27,0.490,0.485,0.490,0.485,28052.000
2014-01-28,0.485,0.482,0.485,0.480,43444.000
2014-01-29,0.485,0.489,0.490,0.485,41182.000
2014-01-30,0.483,0.484,0.484,0.481,22712.000
2014-02-07,0.482,0.487,0.487,0.481,29875.000
2014-02-10,0.487,0.485,0.490,0.485,79147.000
2014-02-11,0.483,0.488,0.490,0.483,214255.000
2014-02-12,0.489,0.494,0.495,0.488,103932.000
2014-02-13,0.490,0.494,0.496,0.490,59963.000
2014-02-14,0.498,0.499,0.500,0.497,93917.000
2014-02-17,0.500,0.501,0.502,0.500,93130.000
2014-02-18,0.500,0.500,0.501,0.500,68322.000
2014-02-19,0.500,0.502,0.502,0.500,119844.000
2014-02-20,0.500,0.500,0.501,0.498,32449.000
2014-02-21,0.501,0.502,0.503,0.501,74748.000
2014-02-24,0.502,0.503,0.503,0.501,37325.000
2014-02-25,0.505,0.507,0.507,0.505,124849.000
2014-02-26,0.505,0.508,0.508,0.505,72219.000
2014-02-27,0.508,0.508,0.508,0.506,27036.000
2014-02-28,0.510,0.512,0.513,0.508,43343.000
2014-03-03,0.513,0.513,0.515,0.510,30975.000
2014-03-04,0.511,0.511,0.512,0.508,47514.000
2014-03-05,0.520,0.516,0.520,0.514,43287.000
2014-03-06,0.515,0.517,0.517,0.514,35549.000
2014-03-07,0.520,0.517,0.520,0.515,36489.000
2014-03-10,0.517,0.516,0.518,0.515,35678.000
2014-03-11,0.515,0.520,0.520,0.515,44359.000
2014-03-12,0.516,0.515,0.518,0.514,43173.000
2014-03-13,0.516,0.517,0.518,0.514,63323.000
2014-03-14,0.512,0.509,0.512,0.509,37631.000
2014-03-17,0.509,0.511,0.512,0.509,27102.000
2014-03-18,0.515,0.517,0.517,0.514,25477.000
2014-03-19,0.517,0.519,0.520,0.500,19267.000
2014-03-20,0.518,0.515,0.518,0.510,32017.000
2014-03-21,0.518,0.517,0.519,0.517,35795.000
2014-03-24,0.516,0.517,0.517,0.516,15956.000
2014-03-25,0.516,0.516,0.516,0.513,17888.000
2014-03-26,0.518,0.518,0.519,0.517,21841.000
2014-03-27,0.517,0.515,0.517,0.514,14928.000
2014-03-28,0.514,0.514,0.514,0.513,19256.000
2014-03-31,0.516,0.517,0.517,0.515,17046.000
2014-04-01,0.519,0.520,0.520,0.519,28957.000
2014-04-02,0.520,0.524,0.525,0.520,33295.000
2014-04-03,0.524,0.525,0.526,0.524,26143.000
2014-04-04,0.525,0.525,0.525,0.524,16779.000
2014-04-08,0.511,0.515,0.515,0.511,26032.000
2014-04-09,0.518,0.515,0.518,0.514,18880.000
2014-04-10,0.520,0.519,0.520,0.518,27942.000
2014-04-11,0.504,0.507,0.508,0.504,35147.000
2014-04-14,0.505,0.504,0.505,0.503,9347.000
2014-04-15,0.505,0.509,0.509,0.505,28271.000
2014-04-16,0.513,0.513,0.513,0.512,5849.000
2014-04-17,0.519,0.517,0.519,0.516,25880.000
2014-04-18,0.519,0.517,0.519,0.516,18468.000
2014-04-21,0.517,0.517,0.519,0.517,12772.000
2014-04-22,0.520,0.519,0.520,0.518,23748.000
2014-04-23,0.520,0.521,0.523,0.520,30437.000
2014-04-24,0.521,0.522,0.522,0.521,29893.000
2014-04-25,0.522,0.522,0.523,0.521,20388.000
2014-04-28,0.519,0.516,0.519,0.516,9752.000
2014-04-29,0.518,0.519,0.520,0.518,13310.000
2014-04-30,0.522,0.520,0.522,0.496,26267.000
2014-05-05,0.521,0.521,0.522,0.521,6249.000
2014-05-06,0.523,0.524,0.524,0.522,34666.000
2014-05-07,0.518,0.519,0.519,0.518,12952.000
2014-05-08,0.521,0.521,0.521,0.520,3552.000
2014-05-09,0.521,0.521,0.521,0.520,6385.000
2014-05-12,0.520,0.522,0.522,0.520,5954.000
2014-05-13,0.523,0.526,0.527,0.523,25153.000
2014-05-14,0.527,0.528,0.529,0.526,41321.000
2014-05-15,0.527,0.526,0.527,0.525,34416.000
2014-05-16,0.522,0.522,0.522,0.521,50364.000
2014-05-19,0.521,0.523,0.523,0.521,14727.000
2014-05-20,0.522,0.524,0.524,0.522,23984.000
2014-05-21,0.520,0.521,0.521,0.520,9758.000
2014-05-22,0.525,0.526,0.526,0.524,31257.000
2014-05-23,0.526,0.525,0.527,0.525,9611.000
2014-05-26,0.528,0.528,0.528,0.527,19774.000
2014-05-27,0.528,0.528,0.528,0.527,27231.000
2014-05-28,0.531,0.531,0.531,0.530,12368.000
2014-05-29,0.530,0.531,0.531,0.530,16536.000
2014-05-30,0.533,0.534,0.534,0.533,32842.000
2014-06-03,0.539,0.536,0.539,0.534,7623.000
2014-06-04,0.535,0.537,0.537,0.534,29054.000
2014-06-05,0.549,0.538,0.549,0.536,24277.000
2014-06-06,0.542,0.542,0.542,0.540,16435.000
2014-06-09,0.544,0.543,0.544,0.542,10856.000
2014-06-10,0.544,0.542,0.544,0.542,6784.000
2014-06-11,0.542,0.541,0.542,0.541,4277.000
2014-06-12,0.539,0.540,0.540,0.539,3589.000
2014-06-13,0.534,0.536,0.537,0.534,5345.000
2014-06-16,0.536,0.537,0.538,0.536,3996.000
2014-06-17,0.537,0.538,0.538,0.537,2206.000
2014-06-18,0.538,0.538,0.539,0.538,5730.000
2014-06-19,0.543,0.545,0.545,0.542,20428.000
2014-06-20,0.543,0.546,0.546,0.543,7012.000
2014-06-23,0.550,0.546,0.593,0.545,5688.000
2014-06-24,0.545,0.546,0.546,0.545,7660.000
2014-06-25,0.544,0.542,0.544,0.541,6131.000
2014-06-26,0.544,0.545,0.545,0.544,4379.000
2014-06-27,0.545,0.546,0.546,0.543,6979.000
2014-06-30,0.546,0.547,0.547,0.545,17273.000
2014-07-01,0.546,0.547,0.547,0.546,9491.000
2014-07-02,0.548,0.550,0.550,0.548,6108.000
2014-07-03,0.547,0.549,0.550,0.547,5035.000
2014-07-04,0.551,0.553,0.553,0.551,14645.000
2014-07-07,0.553,0.553,0.553,0.551,13776.000
2014-07-08,0.551,0.551,0.551,0.548,11768.000
2014-07-09,0.548,0.548,0.548,0.546,16262.000
2014-07-10,0.548,0.550,0.550,0.548,12149.000
2014-07-11,0.548,0.547,0.548,0.546,6720.000
2014-07-14,0.547,0.547,0.547,0.545,11123.000
2014-07-15,0.546,0.549,0.550,0.546,5942.000
2014-07-16,0.546,0.548,0.548,0.546,5685.000
2014-07-17,0.549,0.549,0.550,0.549,6054.000
2014-07-18,0.544,0.544,0.545,0.542,11023.000
2014-07-21,0.546,0.550,0.550,0.546,15648.000
2014-07-22,0.548,0.549,0.549,0.548,4650.000
2014-07-23,0.550,0.550,0.551,0.549,9023.000
2014-07-24,0.552,0.550,0.552,0.550,5421.000
2014-07-25,0.550,0.550,0.552,0.549,8758.000
2014-07-28,0.549,0.550,0.550,0.548,17011.000
2014-07-29,0.548,0.550,0.550,0.548,7159.000
2014-07-30,0.547,0.548,0.548,0.546,6457.000
2014-07-31,0.545,0.547,0.547,0.545,5649.000
2014-08-01,0.535,0.538,0.538,0.534,38802.000
2014-08-04,0.536,0.537,0.537,0.535,8023.000
2014-08-05,0.539,0.537,0.539,0.536,28032.000
2014-08-06,0.534,0.534,0.535,0.533,9198.000
2014-08-07,0.534,0.534,0.535,0.534,3018.000
2014-08-08,0.534,0.531,0.534,0.531,12827.000
2014-08-11,0.535,0.537,0.537,0.535,13425.000
2014-08-12,0.537,0.537,0.539,0.537,5731.000
2014-08-13,0.537,0.536,0.537,0.535,6211.000
2014-08-14,0.534,0.540,0.540,0.534,6063.000
2014-08-15,0.542,0.543,0.543,0.542,5477.000
2014-08-18,0.543,0.543,0.544,0.541,12618.000
2014-08-19,0.543,0.548,0.548,0.543,5417.000
2014-08-20,0.549,0.550,0.550,0.549,10223.000
2014-08-21,0.550,0.551,0.551,0.550,4916.000
2014-08-22,0.551,0.553,0.553,0.551,4790.000
2014-08-25,0.553,0.552,0.553,0.552,3642.000
2014-08-26,0.554,0.555,0.555,0.554,7349.000
2014-08-27,0.555,0.555,0.556,0.555,7678.000
2014-08-28,0.555,0.554,0.556,0.554,8664.000
2014-08-29,0.554,0.554,0.555,0.553,7744.000
2014-09-01,0.556,0.556,0.557,0.555,3637.000
2014-09-02,0.556,0.558,0.558,0.556,7939.000
2014-09-03,0.557,0.556,0.558,0.556,13233.000
2014-09-04,0.555,0.555,0.556,0.555,13290.000
2014-09-05,0.555,0.554,0.555,0.554,6747.000
2014-09-09,0.554,0.554,0.557,0.554,4604.000
2014-09-10,0.550,0.551,0.552,0.550,5466.000
2014-09-11,0.551,0.551,0.553,0.551,5917.000
2014-09-12,0.551,0.554,0.554,0.551,7163.000
2014-09-15,0.551,0.551,0.552,0.550,5932.000
2014-09-16,0.551,0.548,0.551,0.548,4581.000
2014-09-17,0.549,0.553,0.554,0.549,4287.000
2014-09-18,0.555,0.554,0.555,0.553,4070.000
2014-09-19,0.557,0.559,0.559,0.557,9250.000
2014-09-22,0.559,0.557,0.559,0.556,1920.000
2014-09-23,0.554,0.553,0.554,0.551,3696.000
2014-09-24,0.551,0.550,0.551,0.548,8407.000
2014-09-25,0.553,0.553,0.553,0.552,6534.000
2014-09-26,0.548,0.544,0.548,0.544,5986.000
2014-09-29,0.548,0.549,0.550,0.548,8633.000
2014-09-30,0.549,0.549,0.549,0.547,11897.000
2014-10-08,0.544,0.538,0.544,0.537,13997.000
2014-10-09,0.544,0.548,0.549,0.544,16390.000
2014-10-10,0.540,0.537,0.540,0.535,15622.000
2014-10-13,0.531,0.530,0.531,0.528,18308.000
2014-10-14,0.525,0.526,0.526,0.521,44729.000
2014-10-15,0.525,0.525,0.525,0.522,9343.000
2014-10-16,0.524,0.520,0.524,0.517,28037.000
2014-10-17,0.525,0.520,0.525,0.519,18583.000
2014-10-20,0.526,0.525,0.526,0.524,14610.000
2014-10-21,0.530,0.529,0.530,0.528,20242.000
2014-10-22,0.538,0.539,0.540,0.536,27751.000
2014-10-23,0.535,0.536,0.537,0.535,12930.000
2014-10-24,0.541,0.539,0.543,0.539,4645.000
2014-10-27,0.543,0.544,0.546,0.540,9283.000
2014-10-28,0.544,0.544,0.545,0.543,5084.000
2014-10-29,0.546,0.547,0.548,0.546,16541.000
2014-10-30,0.547,0.546,0.548,0.546,7796.000
2014-10-31,0.548,0.554,0.555,0.548,22691.000
2014-11-03,0.554,0.558,0.559,0.554,9826.000
2014-11-04,0.557,0.557,0.558,0.556,4830.000
2014-11-05,0.555,0.557,0.557,0.555,4864.000
2014-11-06,0.558,0.559,0.560,0.558,7780.000
2014-11-07,0.560,0.563,0.563,0.560,7810.000
2014-11-10,0.562,0.561,0.563,0.561,13413.000
2014-11-11,0.561,0.565,0.565,0.561,7803.000
2014-11-12,0.565,0.563,0.565,0.562,1550.000
2014-11-13,0.562,0.562,0.564,0.562,6449.000
2014-11-14,0.562,0.562,0.563,0.561,14149.000
2014-11-17,0.562,0.560,0.564,0.560,9279.000
2014-11-18,0.561,0.562,0.563,0.561,5753.000
2014-11-19,0.562,0.566,0.567,0.562,10869.000
2014-11-20,0.564,0.564,0.565,0.564,4167.000
2014-11-21,0.565,0.565,0.566,0.565,6207.000
2014-11-24,0.568,0.564,0.569,0.564,21934.000
2014-11-25,0.564,0.568,0.570,0.564,8454.000
2014-11-26,0.569,0.569,0.569,0.568,3353.000
2014-11-27,0.570,0.570,0.571,0.570,3947.000
2014-11-28,0.570,0.570,0.571,0.570,7282.000
2014-12-01,0.569,0.566,0.569,0.566,8919.000
2014-12-02,0.564,0.564,0.565,0.563,9702.000
2014-12-03,0.565,0.567,0.569,0.565,14607.000
2014-12-04,0.568,0.570,0.571,0.568,7194.000
2014-12-05,0.568,0.568,0.570,0.566,14882.000
2014-12-08,0.571,0.571,0.572,0.570,5409.000
2014-12-09,0.566,0.565,0.567,0.565,8931.000
2014-12-10,0.568,0.567,0.568,0.565,6232.000
2014-12-11,0.550,0.558,0.558,0.550,10458.000
2014-12-12,0.560,0.554,0.560,0.553,32662.000
2014-12-15,0.546,0.550,0.550,0.546,13401.000
2014-12-16,0.547,0.547,0.547,0.545,18245.000
2014-12-17,0.544,0.542,0.545,0.541,18998.000
2014-12-18,0.550,0.555,0.555,0.550,10559.000
2014-12-19,0.568,0.569,0.569,0.567,12885.000
2014-12-22,0.570,0.570,0.571,0.569,12893.000
2014-12-23,0.576,0.573,0.576,0.572,5645.000
2014-12-24,0.577,0.575,0.577,0.574,10370.000
2014-12-25,0.576,0.573,0.576,0.573,1452.000
2014-12-26,0.576,0.573,0.576,0.572,7703.000
2014-12-29,0.573,0.576,0.577,0.573,16949.000
2014-12-30,0.575,0.575,0.576,0.574,5198.000
2014-12-31,0.570,0.574,0.574,0.570,6697.000
2015-01-05,0.570,0.567,0.570,0.567,18312.000
2015-01-06,0.559,0.557,0.559,0.555,16791.000
2015-01-07,0.557,0.554,0.557,0.552,35035.000
2015-01-08,0.562,0.564,0.564,0.560,37804.000
2015-01-09,0.570,0.572,0.573,0.570,28378.000
2015-01-12,0.572,0.567,0.572,0.565,18450.000
2015-01-13,0.565,0.561,0.565,0.560,14010.000
2015-01-14,0.562,0.559,0.562,0.558,16125.000
2015-01-15,0.558,0.558,0.558,0.556,20123.000
2015-01-16,0.554,0.556,0.557,0.551,43548.000
2015-01-19,0.560,0.558,0.563,0.558,62662.000
2015-01-20,0.560,0.560,0.560,0.558,27376.000
2015-01-21,0.560,0.562,0.562,0.558,48367.000
2015-01-22,0.562,0.567,0.568,0.562,94706.000
2015-01-23,0.580,0.576,0.593,0.574,167192.000
2015-01-26,0.576,0.569,0.576,0.568,64038.000
2015-01-27,0.570,0.571,0.572,0.570,213533.000
2015-01-28,0.564,0.565,0.565,0.562,179273.000
2015-01-29,0.559,0.558,0.559,0.556,29060.000
2015-01-30,0.562,0.562,0.564,0.560,33579.000
2015-02-02,0.555,0.556,0.557,0.552,102268.000
2015-02-03,0.563,0.562,0.564,0.561,118054.000
2015-02-04,0.566,0.567,0.569,0.566,36736.000
2015-02-05,0.565,0.564,0.567,0.563,39745.000
2015-02-06,0.565,0.568,0.571,0.565,30299.000
2015-02-09,0.568,0.568,0.568,0.565,103125.000
2015-02-10,0.565,0.565,0.567,0.564,12468.000
2015-02-11,0.568,0.572,0.572,0.568,19440.000
2015-02-12,0.571,0.571,0.572,0.571,241494.000
2015-02-13,0.576,0.579,0.580,0.576,203103.000
2015-02-16,0.580,0.580,0.580,0.579,255433.000
2015-02-17,0.579,0.581,0.581,0.579,1226358.000
2015-02-25,0.585,0.586,0.588,0.584,667886.000
2015-02-26,0.586,0.585,0.586,0.584,927816.000
2015-02-27,0.585,0.585,0.586,0.585,1760984.000
2015-03-02,0.585,0.585,0.585,0.582,1323628.000
2015-03-03,0.588,0.589,0.590,0.587,742756.000
2015-03-04,0.589,0.588,0.589,0.586,2449820.000
2015-03-05,0.585,0.587,0.587,0.585,3599890.000
2015-03-06,0.588,0.589,0.590,0.588,716200.000
2015-03-09,0.583,0.583,0.585,0.580,333964.000
2015-03-10,0.584,0.583,0.585,0.581,1702962.000
2015-03-11,0.577,0.573,0.577,0.572,1271336.000
2015-03-12,0.573,0.575,0.575,0.573,1172541.000
2015-03-13,0.586,0.578,0.586,0.577,1728277.000
2015-03-16,0.578,0.576,0.578,0.575,2747665.000
2015-03-17,0.581,0.581,0.583,0.580,1043729.000
2015-03-18,0.580,0.579,0.580,0.579,630822.000
2015-03-19,0.584,0.586,0.587,0.584,1564155.000
2015-03-20,0.585,0.583,0.585,0.582,264751.000
2015-03-23,0.587,0.587,0.588,0.586,6705499.000
2015-03-24,0.589,0.584,0.589,0.583,7456487.000
2015-03-25,0.582,0.579,0.583,0.579,10367146.000
2015-03-26,0.574,0.571,0.574,0.571,11933077.000
2015-03-27,0.571,0.572,0.573,0.570,7114702.000
2015-03-30,0.573,0.571,0.574,0.571,1344132.000
2015-03-31,0.577,0.576,0.579,0.575,236224.000
2015-04-01,0.573,0.573,0.574,0.571,1048109.000
2015-04-02,0.571,0.573,0.573,0.570,666386.000
2015-04-03,0.573,0.572,0.573,0.572,289139.000
2015-04-07,0.574,0.574,0.576,0.573,362331.000
2015-04-08,0.574,0.573,0.575,0.571,1176733.000
2015-04-09,0.574,0.573,0.574,0.572,1113572.000
2015-04-10,0.574,0.575,0.576,0.574,436367.000
2015-04-13,0.576,0.575,0.578,0.574,631408.000
2015-04-14,0.575,0.574,0.575,0.573,1423981.000
2015-04-15,0.574,0.574,0.575,0.574,378931.000
2015-04-16,0.574,0.575,0.578,0.574,634066.000
2015-04-17,0.575,0.578,0.579,0.575,1649771.000
2015-04-20,0.575,0.574,0.576,0.572,384263.000
2015-04-21,0.577,0.579,0.580,0.577,970171.000
2015-04-22,0.577,0.577,0.577,0.576,125476.000
2015-04-23,0.580,0.579,0.581,0.579,1260021.000
2015-04-24,0.581,0.582,0.584,0.581,388203.000
2015-04-27,0.584,0.584,0.585,0.582,611815.000
2015-04-28,0.584,0.582,0.584,0.580,955432.000
2015-04-29,0.585,0.583,0.585,0.582,77401.000
2015-04-30,0.582,0.580,0.582,0.579,175124.000
2015-05-04,0.581,0.580,0.581,0.579,827915.000
2015-05-05,0.580,0.583,0.584,0.580,237586.000
2015-05-06,0.579,0.576,0.580,0.576,360735.000
2015-05-07,0.574,0.575,0.575,0.573,268845.000
2015-05-08,0.577,0.578,0.582,0.575,566787.000
2015-05-11,0.582,0.582,0.584,0.581,228983.000
2015-05-12,0.582,0.581,0.582,0.580,373759.000
2015-05-13,0.580,0.580,0.581,0.577,1081850.000
2015-05-14,0.578,0.578,0.580,0.577,194512.000
2015-05-15,0.580,0.582,0.584,0.580,951014.000
2015-05-18,0.581,0.582,0.583,0.581,400337.000
2015-05-19,0.582,0.585,0.585,0.582,51052.000
2015-05-20,0.584,0.584,0.585,0.584,123126.000
2015-05-21,0.584,0.583,0.585,0.580,380715.000
2015-05-22,0.584,0.586,0.586,0.584,929728.000
2015-05-25,0.585,0.585,0.590,0.582,314270.000
2015-05-26,0.585,0.585,0.586,0.583,1153091.000
2015-05-27,0.584,0.582,0.584,0.580,590078.000
2015-05-28,0.584,0.584,0.587,0.584,561006.000
2015-05-29,0.584,0.585,0.587,0.584,2271626.000
2015-06-01,0.585,0.582,0.585,0.580,252808.000
2015-06-02,0.582,0.582,0.583,0.581,2567812.000
2015-06-03,0.582,0.579,0.582,0.579,197785.000
2015-06-04,0.579,0.583,0.585,0.579,342938.000
2015-06-05,0.582,0.581,0.582,0.577,360747.000
2015-06-08,0.581,0.582,0.583,0.579,308879.000
2015-06-09,0.582,0.578,0.582,0.577,1773028.000
2015-06-10,0.578,0.580,0.580,0.577,12152.000
2015-06-11,0.585,0.584,0.587,0.583,4264.000
2015-06-12,0.584,0.585,0.585,0.584,7203.000
2015-06-15,0.582,0.579,0.582,0.579,7871.000
2015-06-16,0.580,0.577,0.580,0.575,421832.000
2015-06-17,0.579,0.577,0.582,0.577,651899.000
2015-06-18,0.578,0.578,0.581,0.575,854010.000
2015-06-19,0.580,0.580,0.584,0.579,438334.000
2015-06-23,0.581,0.583,0.588,0.581,296926.000
2015-06-24,0.585,0.585,0.587,0.584,1689201.000
2015-06-25,0.575,0.582,0.583,0.575,1119395.000
2015-06-26,0.582,0.580,0.582,0.580,5682.000
2015-06-29,0.580,0.580,0.582,0.577,374572.000
2015-06-30,0.571,0.571,0.574,0.569,707654.000
2015-07-01,0.571,0.572,0.574,0.571,61420.000
2015-07-02,0.573,0.575,0.578,0.573,398045.000
2015-07-03,0.575,0.575,0.577,0.573,8211.000
2015-07-06,0.574,0.573,0.575,0.565,362593.000
2015-07-07,0.573,0.572,0.575,0.568,5816.000
2015-07-08,0.570,0.560,0.575,0.518,20075.000
2015-07-09,0.555,0.559,0.585,0.531,77505.000
2015-07-10,0.559,0.562,0.580,0.558,84311.000
2015-07-13,0.570,0.567,0.572,0.566,17779.000
2015-07-14,0.572,0.579,0.583,0.571,18462.000
2015-07-15,0.580,0.583,0.586,0.580,245880.000
2015-07-16,0.583,0.580,0.584,0.578,119406.000
2015-07-17,0.583,0.586,0.586,0.583,193827.000
2015-07-20,0.585,0.587,0.590,0.585,208776.000
2015-07-21,0.588,0.591,0.591,0.588,133508.000
2015-07-22,0.586,0.588,0.590,0.584,11597.000
2015-07-23,0.585,0.590,0.590,0.585,9709.000
2015-07-24,0.586,0.589,0.599,0.586,68248.000
2015-07-27,0.581,0.576,0.584,0.576,13230.000
2015-07-28,0.579,0.576,0.580,0.575,256585.000
2015-07-29,0.581,0.583,0.585,0.581,269877.000
2015-07-30,0.590,0.588,0.590,0.586,283958.000
2015-07-31,0.587,0.589,0.591,0.587,98371.000
2015-08-03,0.589,0.588,0.589,0.587,261042.000
2015-08-04,0.587,0.585,0.588,0.585,64634.000
2015-08-05,0.585,0.586,0.586,0.584,5477.000
2015-08-06,0.586,0.588,0.588,0.586,4850.000
2015-08-07,0.585,0.583,0.588,0.582,12226.000
2015-08-10,0.586,0.584,0.586,0.583,65787.000
2015-08-11,0.590,0.600,0.633,0.588,63841.000
2015-08-12,0.600,0.600,0.608,0.595,48565.000
2015-08-13,0.597,0.606,0.609,0.597,21728.000
2015-08-14,0.606,0.606,0.607,0.603,11443.000
2015-08-17,0.609,0.613,0.615,0.609,15087.000
2015-08-18,0.615,0.616,0.617,0.615,17222.000
2015-08-19,0.615,0.613,0.617,0.613,21117.000
2015-08-20,0.612,0.608,0.613,0.607,11585.000
2015-08-21,0.600,0.596,0.600,0.594,23419.000
2015-08-24,0.575,0.562,0.575,0.553,25846.000
2015-08-25,0.537,0.555,0.570,0.537,30460.000
2015-08-26,0.560,0.557,0.569,0.539,12972.000
2015-08-27,0.580,0.571,0.580,0.565,18808.000
2015-08-28,0.575,0.581,0.582,0.575,17491.000
2015-08-31,0.580,0.579,0.581,0.572,8014.000
2015-09-01,0.576,0.569,0.576,0.566,9645.000
2015-09-02,0.562,0.565,0.565,0.555,5710.000
2015-09-07,0.570,0.565,0.570,0.561,5785.000
2015-09-08,0.565,0.569,0.569,0.562,19480.000
2015-09-09,0.578,0.576,0.578,0.573,9482.000
2015-09-10,0.566,0.569,0.569,0.566,8187.000
2015-09-11,0.570,0.570,0.572,0.570,4260.000
2015-09-14,0.573,0.574,0.576,0.572,6478.000
2015-09-15,0.565,0.570,0.573,0.565,2042.000
2015-09-16,0.578,0.577,0.578,0.575,4042.000
2015-09-17,0.580,0.582,0.582,0.580,8140.000
2015-09-18,0.580,0.580,0.580,0.578,1583.000
2015-09-21,0.572,0.571,0.572,0.567,11457.000
2015-09-22,0.573,0.574,0.574,0.572,8035.000
2015-09-23,0.568,0.567,0.568,0.562,20335.000
2015-09-24,0.567,0.567,0.567,0.566,6496.000
2015-09-25,0.566,0.566,0.566,0.564,5739.000
2015-09-28,0.564,0.564,0.565,0.564,2195.000
2015-09-29,0.553,0.549,0.553,0.547,9248.000
2015-09-30,0.560,0.553,0.560,0.548,19390.000
2015-10-08,0.573,0.575,0.580,0.573,20244.000
2015-10-09,0.579,0.581,0.583,0.578,9628.000
2015-10-12,0.583,0.583,0.583,0.582,3714.000
2015-10-13,0.582,0.582,0.584,0.581,6921.000
2015-10-14,0.575,0.579,0.580,0.575,2530.000
2015-10-15,0.578,0.580,0.580,0.577,13204.000
2015-10-16,0.583,0.584,0.587,0.583,8924.000
2015-10-19,0.590,0.587,0.590,0.586,10024.000
2015-10-20,0.589,0.589,0.590,0.589,8997.000
2015-10-21,0.590,0.587,0.590,0.587,13094.000
2015-10-22,0.588,0.586,0.588,0.582,2437.000
2015-10-23,0.590,0.596,0.598,0.590,17631.000
2015-10-26,0.606,0.600,0.606,0.600,7655.000
2015-10-27,0.600,0.601,0.603,0.599,6877.000
2015-10-28,0.598,0.600,0.601,0.598,2213.000
2015-10-29,0.610,0.606,0.610,0.605,3418.000
2015-10-30,0.605,0.606,0.606,0.605,2599.000
2015-11-02,0.606,0.603,0.606,0.602,6324.000
2015-11-03,0.607,0.610,0.610,0.607,1686.000
2015-11-04,0.611,0.611,0.611,0.609,150819.000
2015-11-05,0.611,0.610,0.611,0.609,7915.000
2015-11-06,0.610,0.609,0.610,0.608,3914.000
2015-11-09,0.609,0.611,0.611,0.608,18635.000
2015-11-10,0.607,0.605,0.607,0.601,7436.000
2015-11-11,0.605,0.605,0.607,0.605,1774.000
2015-11-12,0.607,0.605,0.607,0.604,1825.000
2015-11-13,0.600,0.597,0.600,0.595,9557.000
2015-11-16,0.590,0.590,0.590,0.584,13288.000
2015-11-17,0.597,0.601,0.601,0.597,20110.000
2015-11-18,0.599,0.598,0.601,0.598,2022.000
2015-11-19,0.601,0.610,0.612,0.601,18830.000
2015-11-20,0.611,0.612,0.612,0.610,4921.000
2015-11-23,0.615,0.613,0.615,0.612,5756.000
2015-11-24,0.613,0.612,0.613,0.610,7918.000
2015-11-25,0.611,0.611,0.613,0.611,3196.000
2015-11-26,0.611,0.613,0.613,0.611,4465.000
2015-11-27,0.615,0.612,0.616,0.611,6226.000
2015-11-30,0.612,0.615,0.617,0.611,21096.000
2015-12-01,0.609,0.614,0.615,0.609,21009.000
2015-12-02,0.618,0.619,0.619,0.618,7892.000
2015-12-03,0.616,0.613,0.616,0.610,10618.000
2015-12-04,0.605,0.604,0.605,0.601,30862.000
2015-12-07,0.613,0.614,0.615,0.613,2836.000
2015-12-08,0.611,0.611,0.612,0.610,6287.000
2015-12-09,0.608,0.609,0.609,0.606,5038.000
2015-12-10,0.607,0.606,0.607,0.605,14504.000
2015-12-11,0.606,0.608,0.609,0.606,1880.000
2015-12-14,0.600,0.599,0.600,0.595,9443.000
2015-12-15,0.599,0.602,0.602,0.599,19470.000
2015-12-16,0.606,0.606,0.610,0.606,6603.000
2015-12-17,0.620,0.614,0.620,0.613,20389.000
2015-12-18,0.610,0.606,0.610,0.605,13113.000
2015-12-21,0.600,0.601,0.601,0.596,19675.000
2015-12-22,0.604,0.604,0.604,0.602,3049.000
2015-12-23,0.608,0.606,0.608,0.606,3881.000
2015-12-24,0.610,0.612,0.614,0.610,9043.000
2015-12-25,0.612,0.614,0.614,0.610,3407.000
2015-12-28,0.612,0.612,0.614,0.610,5576.000
2015-12-29,0.610,0.613,0.613,0.610,2223.000
2015-12-30,0.618,0.617,0.618,0.617,4862.000
2015-12-31,0.616,0.617,0.617,0.612,4333.000
2016-01-04,0.617,0.614,0.617,0.610,12996.000
2016-01-05,0.611,0.606,0.611,0.599,23603.000
2016-01-06,0.608,0.607,0.608,0.603,22323.000
2016-01-07,0.600,0.601,0.601,0.598,1464.000
2016-01-08,0.596,0.596,0.596,0.590,25640.000
2016-01-11,0.587,0.587,0.590,0.586,13133.000
2016-01-12,0.590,0.590,0.590,0.586,6409.000
2016-01-13,0.587,0.590,0.592,0.587,3244.000
2016-01-14,0.580,0.582,0.583,0.577,10278.000
2016-01-15,0.585,0.586,0.586,0.584,6702.000
2016-01-18,0.583,0.582,0.583,0.570,3014.000
2016-01-19,0.573,0.590,0.590,0.573,3343.000
2016-01-20,0.590,0.579,0.590,0.579,3509.000
2016-01-21,0.579,0.573,0.585,0.573,8249.000
2016-01-22,0.570,0.585,0.585,0.570,3589.000
2016-01-25,0.586,0.581,0.588,0.578,5226.000
2016-01-26,0.578,0.568,0.578,0.568,5825.000
2016-01-27,0.578,0.575,0.578,0.571,2959.000
2016-01-28,0.573,0.570,0.575,0.569,3535.000
2016-01-29,0.574,0.577,0.577,0.571,4878.000
2016-02-01,0.582,0.583,0.587,0.582,3338.000
2016-02-02,0.583,0.584,0.587,0.580,4451.000
2016-02-03,0.574,0.583,0.583,0.574,2541.000
2016-02-04,0.583,0.599,0.599,0.583,6118.000
2016-02-05,0.595,0.597,0.597,0.575,14895.000
2016-02-15,0.590,0.591,0.594,0.573,3706.000
2016-02-16,0.591,0.594,0.594,0.583,2836.000
2016-02-17,0.596,0.590,0.596,0.589,1551.000
2016-02-18,0.593,0.590,0.598,0.590,4289.000
2016-02-19,0.590,0.589,0.593,0.583,2292.000
2016-02-22,0.589,0.588,0.595,0.587,2044.000
2016-02-23,0.592,0.589,0.594,0.589,2997.000
2016-02-24,0.587,0.585,0.587,0.583,3063.000
2016-02-25,0.585,0.585,0.590,0.583,3714.000
2016-02-26,0.588,0.594,0.620,0.588,6278.000
2016-02-29,0.594,0.594,0.595,0.588,2208.000
2016-03-01,0.590,0.592,0.594,0.586,4513.000
2016-03-02,0.598,0.603,0.605,0.598,9292.000
2016-03-03,0.601,0.602,0.605,0.600,3299.000
2016-03-04,0.606,0.603,0.606,0.600,3561.000
2016-03-07,0.605,0.606,0.606,0.603,2978.000
2016-03-08,0.606,0.602,0.606,0.596,4946.000
2016-03-09,0.599,0.598,0.600,0.591,3397.000
2016-03-10,0.596,0.598,0.600,0.596,2425.000
2016-03-11,0.597,0.598,0.599,0.593,2732.000
2016-03-14,0.608,0.606,0.608,0.603,5803.000
2016-03-15,0.607,0.604,0.607,0.603,8476.000
2016-03-16,0.604,0.604,0.604,0.600,16485.000
2016-03-17,0.607,0.606,0.609,0.604,7623.000
2016-03-18,0.610,0.607,0.610,0.606,5641.000
2016-03-21,0.609,0.612,0.616,0.609,7694.000
2016-03-22,0.616,0.610,0.616,0.609,7143.000
2016-03-23,0.612,0.611,0.616,0.609,11008.000
2016-03-24,0.609,0.606,0.609,0.605,1746.000
2016-03-25,0.610,0.607,0.610,0.607,2032.000
2016-03-28,0.607,0.605,0.607,0.602,9085.000
2016-03-29,0.605,0.604,0.607,0.602,2748.000
2016-03-30,0.610,0.609,0.610,0.607,3713.000
2016-03-31,0.611,0.609,0.612,0.608,3445.000
2016-04-01,0.608,0.608,0.609,0.606,2110.000
2016-04-05,0.609,0.610,0.610,0.608,2687.000
2016-04-06,0.604,0.609,0.609,0.604,3967.000
2016-04-07,0.619,0.612,0.619,0.611,2441.000
2016-04-08,0.610,0.610,0.610,0.607,1320.000
2016-04-11,0.611,0.612,0.613,0.610,10654.000
2016-04-12,0.613,0.611,0.613,0.610,1482.000
2016-04-13,0.613,0.613,0.617,0.613,3371.000
2016-04-14,0.619,0.617,0.619,0.615,5397.000
2016-04-15,0.617,0.617,0.617,0.615,2504.000
2016-04-18,0.616,0.616,0.617,0.614,5643.000
2016-04-19,0.617,0.620,0.620,0.616,18431.000
2016-04-20,0.621,0.621,0.624,0.614,9573.000
2016-04-21,0.623,0.625,0.625,0.618,7623.000
2016-04-22,0.625,0.624,0.625,0.620,2021.000
2016-04-25,0.623,0.621,0.623,0.618,6168.000
2016-04-26,0.623,0.624,0.624,0.620,4214.000
2016-04-27,0.625,0.626,0.627,0.624,9636.000
2016-04-28,0.626,0.628,0.630,0.624,6885.000
2016-04-29,0.622,0.620,0.627,0.618,7377.000
2016-05-03,0.619,0.623,0.623,0.616,1983.000
2016-05-04,0.620,0.616,0.623,0.616,5345.000
2016-05-05,0.616,0.613,0.617,0.611,8901.000
2016-05-06,0.615,0.613,0.615,0.613,1982.000
2016-05-09,0.616,0.625,0.625,0.614,4004.000
2016-05-10,0.625,0.623,0.628,0.618,6982.000
2016-05-11,0.625,0.628,0.629,0.625,3405.000
2016-05-12,0.625,0.625,0.625,0.621,3725.000
2016-05-13,0.621,0.621,0.627,0.616,3580.000
2016-05-16,0.613,0.618,0.619,0.613,4878.000
2016-05-17,0.620,0.621,0.625,0.620,4752.000
2016-05-18,0.619,0.616,0.619,0.614,3426.000
2016-05-19,0.616,0.616,0.618,0.615,5151.000
2016-05-20,0.616,0.615,0.616,0.614,3198.000
2016-05-23,0.619,0.618,0.619,0.617,4040.000
2016-05-24,0.618,0.616,0.618,0.615,1927.000
2016-05-25,0.623,0.624,0.624,0.622,4872.000
2016-05-26,0.625,0.627,0.629,0.625,7217.000
2016-05-27,0.629,0.628,0.629,0.627,2294.000
2016-05-30,0.628,0.640,0.641,0.628,18585.000
2016-05-31,0.641,0.641,0.641,0.635,4014.000
2016-06-01,0.641,0.640,0.643,0.639,2901.000
2016-06-02,0.641,0.639,0.641,0.637,1451.000
2016-06-03,0.639,0.637,0.645,0.632,8086.000
2016-06-06,0.637,0.633,0.638,0.632,8633.000
2016-06-07,0.636,0.635,0.637,0.633,10656.000
2016-06-08,0.635,0.637,0.637,0.633,5682.000
2016-06-13,0.633,0.629,0.633,0.628,8264.000
2016-06-14,0.626,0.630,0.630,0.626,4936.000
2016-06-15,0.632,0.633,0.633,0.628,2647.000
2016-06-16,0.632,0.631,0.632,0.629,2029.000
2016-06-17,0.634,0.633,0.634,0.631,2134.000
2016-06-20,0.638,0.638,0.638,0.632,3343.000
2016-06-21,0.638,0.638,0.638,0.634,1675.000
2016-06-22,0.638,0.635,0.639,0.635,4497.000
2016-06-23,0.635,0.636,0.637,0.635,1298.000
2016-06-24,0.638,0.630,0.643,0.620,10655.000
2016-06-27,0.620,0.630,0.639,0.620,4436.000
2016-06-28,0.630,0.628,0.630,0.611,10388.000
2016-06-29,0.637,0.632,0.637,0.632,4302.000
2016-06-30,0.635,0.643,0.643,0.635,7526.000
2016-07-01,0.645,0.647,0.648,0.645,2256.000
2016-07-04,0.648,0.642,0.649,0.640,18822.000
2016-07-05,0.641,0.641,0.643,0.641,3123.000
2016-07-06,0.641,0.642,0.642,0.640,2698.000
2016-07-07,0.643,0.647,0.648,0.642,3814.000
2016-07-08,0.647,0.650,0.650,0.644,2644.000
2016-07-11,0.652,0.660,0.664,0.652,4713.000
2016-07-12,0.659,0.667,0.669,0.659,5574.000
2016-07-13,0.667,0.671,0.679,0.667,5351.000
2016-07-14,0.677,0.669,0.677,0.669,5539.000
2016-07-15,0.680,0.679,0.700,0.671,5372.000
2016-07-18,0.680,0.674,0.680,0.673,4625.000
2016-07-19,0.676,0.683,0.683,0.673,3661.000
2016-07-20,0.680,0.681,0.683,0.676,2409.000
2016-07-21,0.690,0.696,0.698,0.685,6966.000
2016-07-22,0.695,0.689,0.695,0.681,7046.000
2016-07-25,0.689,0.698,0.699,0.689,4197.000
2016-07-26,0.696,0.700,0.700,0.688,8148.000
2016-07-27,0.703,0.696,0.703,0.681,4851.000
2016-07-28,0.696,0.691,0.696,0.689,4733.000
2016-07-29,0.692,0.710,0.710,0.691,4873.000
2016-08-01,0.710,0.705,0.712,0.701,7011.000
2016-08-02,0.706,0.710,0.711,0.702,3005.000
2016-08-03,0.702,0.698,0.702,0.696,3983.000
2016-08-04,0.699,0.695,0.700,0.694,3149.000
2016-08-05,0.695,0.694,0.696,0.693,3923.000
2016-08-08,0.705,0.702,0.705,0.696,4788.000
2016-08-09,0.702,0.702,0.702,0.698,3770.000
2016-08-10,0.703,0.700,0.705,0.700,3581.000
2016-08-11,0.704,0.697,0.704,0.695,8202.000
2016-08-12,0.699,0.694,0.703,0.690,5084.000
2016-08-15,0.695,0.695,0.699,0.694,5954.000
2016-08-16,0.705,0.693,0.707,0.692,5618.000
2016-08-17,0.690,0.687,0.692,0.685,10348.000
2016-08-18,0.687,0.688,0.692,0.687,4772.000
2016-08-19,0.694,0.689,0.694,0.687,3738.000
2016-08-22,0.687,0.690,0.690,0.687,2918.000
2016-08-23,0.690,0.690,0.690,0.687,1872.000
2016-08-24,0.690,0.694,0.694,0.688,2736.000
2016-08-25,0.694,0.692,0.694,0.688,2104.000
2016-08-26,0.693,0.693,0.694,0.692,1344.000
2016-08-29,0.693,0.691,0.693,0.687,1001.000
2016-08-30,0.691,0.699,0.700,0.691,5278.000
2016-08-31,0.699,0.703,0.703,0.696,2992.000
2016-09-01,0.703,0.701,0.703,0.700,3122.000
2016-09-02,0.703,0.702,0.703,0.700,1795.000
2016-09-05,0.702,0.710,0.710,0.702,3037.000
2016-09-06,0.710,0.723,0.725,0.710,4469.000
2016-09-07,0.723,0.726,0.730,0.723,4019.000
2016-09-08,0.726,0.725,0.729,0.721,2128.000
2016-09-09,0.725,0.722,0.725,0.718,2675.000
2016-09-12,0.715,0.702,0.715,0.696,10211.000
2016-09-13,0.707,0.709,0.720,0.707,3365.000
2016-09-14,0.713,0.708,0.713,0.701,2637.000
2016-09-19,0.710,0.712,0.714,0.705,4220.000
2016-09-20,0.713,0.712,0.713,0.705,1491.000
2016-09-21,0.711,0.721,0.740,0.711,3364.000
2016-09-22,0.722,0.727,0.732,0.722,2948.000
2016-09-23,0.734,0.733,0.734,0.729,3368.000
2016-09-26,0.730,0.724,0.730,0.721,4238.000
2016-09-27,0.721,0.723,0.725,0.715,4288.000
2016-09-28,0.723,0.723,0.729,0.715,2293.000
2016-09-29,0.723,0.718,0.730,0.717,5894.000
2016-09-30,0.718,0.725,0.725,0.717,4430.000
2016-10-10,0.725,0.732,0.732,0.725,6870.000
2016-10-11,0.732,0.739,0.742,0.732,4970.000
2016-10-12,0.733,0.739,0.742,0.730,2521.000
2016-10-13,0.741,0.754,0.755,0.740,5437.000
2016-10-14,0.749,0.761,0.763,0.746,6287.000
2016-10-17,0.761,0.753,0.761,0.746,9047.000
2016-10-18,0.753,0.754,0.760,0.751,3017.000
2016-10-19,0.755,0.755,0.758,0.751,4351.000
2016-10-20,0.755,0.756,0.759,0.754,5604.000
2016-10-21,0.756,0.757,0.765,0.756,6635.000
2016-10-24,0.757,0.758,0.759,0.755,5682.000
2016-10-25,0.768,0.761,0.770,0.759,4223.000
2016-10-26,0.760,0.760,0.762,0.758,6611.000
2016-10-27,0.760,0.756,0.760,0.754,4623.000
2016-10-28,0.756,0.753,0.756,0.751,2696.000
2016-10-31,0.753,0.755,0.758,0.748,4310.000
2016-11-01,0.755,0.757,0.759,0.755,4479.000
2016-11-02,0.756,0.753,0.781,0.752,3678.000
2016-11-03,0.753,0.749,0.753,0.741,3629.000
2016-11-04,0.749,0.744,0.749,0.741,4266.000
2016-11-07,0.743,0.753,0.754,0.738,8399.000
2016-11-08,0.756,0.758,0.770,0.753,15572.000
2016-11-09,0.758,0.736,0.762,0.721,26654.000
2016-11-10,0.750,0.752,0.759,0.744,14171.000
2016-11-11,0.752,0.749,0.752,0.739,5593.000
2016-11-14,0.749,0.748,0.752,0.745,7153.000
2016-11-15,0.749,0.750,0.753,0.748,5479.000
2016-11-16,0.751,0.770,0.792,0.751,17244.000
2016-11-17,0.770,0.775,0.785,0.766,4440.000
2016-11-18,0.781,0.780,0.785,0.776,198066.000
2016-11-21,0.780,0.779,0.785,0.776,4992.000
2016-11-22,0.780,0.790,0.791,0.780,11368.000
2016-11-23,0.790,0.798,0.799,0.790,73832.000
2016-11-24,0.797,0.833,0.844,0.797,21990.000
2016-11-25,0.840,0.849,0.916,0.836,31674.000
2016-11-28,0.850,0.833,0.875,0.825,24039.000
2016-11-29,0.833,0.822,0.834,0.817,18235.000
2016-11-30,0.822,0.833,0.840,0.821,9361.000
2016-12-01,0.833,0.842,0.843,0.828,9439.000
2016-12-02,0.839,0.840,0.841,0.833,6739.000
2016-12-05,0.840,0.868,0.870,0.838,17034.000
2016-12-06,0.877,0.890,0.923,0.877,23322.000
2016-12-07,0.892,0.915,0.920,0.892,28459.000
2016-12-08,0.940,0.900,0.963,0.899,54155.000
2016-12-09,0.895,0.880,0.905,0.867,33243.000
2016-12-12,0.881,0.899,0.909,0.881,26089.000
2016-12-13,0.899,0.936,0.950,0.898,29228.000
2016-12-14,0.940,0.921,0.950,0.919,29424.000
2016-12-15,0.920,0.898,0.920,0.871,24958.000
2016-12-16,0.902,0.921,0.928,0.902,26862.000
2016-12-19,0.921,0.938,0.975,0.921,60036.000
2016-12-20,0.959,0.949,0.960,0.939,37183.000
2016-12-21,0.953,0.991,0.998,0.953,153333.000
2016-12-22,0.985,0.985,0.985,0.968,277203.000
2016-12-23,0.981,0.952,0.987,0.950,1804227.000
2016-12-26,0.938,0.956,0.973,0.935,22454.000
2016-12-27,0.956,0.920,0.964,0.912,38698.000
2016-12-28,0.906,0.839,0.910,0.828,104483.000
2016-12-29,0.775,0.808,0.820,0.765,42457.000
2016-12-30,0.807,0.789,0.807,0.778,59593.000
2017-01-03,0.718,0.726,0.744,0.718,238936.000
2017-01-04,0.729,0.731,0.732,0.727,177192.000
2017-01-05,0.733,0.731,0.739,0.729,155291.000
2017-01-06,0.729,0.728,0.730,0.726,93509.000
2017-01-09,0.729,0.730,0.731,0.729,43446.000
2017-01-10,0.730,0.726,0.730,0.723,52910.000
2017-01-11,0.726,0.726,0.727,0.724,28576.000
2017-01-12,0.728,0.727,0.729,0.726,38240.000
2017-01-13,0.725,0.727,0.728,0.724,42054.000
2017-01-16,0.726,0.727,0.728,0.725,32359.000
2017-01-17,0.727,0.721,0.727,0.720,35036.000
2017-01-18,0.721,0.724,0.731,0.717,56821.000
2017-01-19,0.725,0.722,0.725,0.721,26673.000
2017-01-20,0.721,0.720,0.721,0.719,28408.000
2017-01-23,0.720,0.717,0.722,0.716,42499.000
2017-01-24,0.717,0.716,0.719,0.715,30721.000
2017-01-25,0.719,0.723,0.726,0.719,48263.000
2017-01-26,0.730,0.729,0.733,0.721,109732.000
2017-02-03,0.724,0.723,0.724,0.720,37219.000
2017-02-06,0.727,0.730,0.730,0.727,35189.000
2017-02-07,0.729,0.728,0.729,0.727,20695.000
2017-02-08,0.729,0.731,0.731,0.728,29808.000
2017-02-09,0.730,0.728,0.730,0.728,28303.000
2017-02-10,0.732,0.736,0.737,0.732,83767.000
2017-02-13,0.738,0.741,0.743,0.737,34646.000
2017-02-14,0.743,0.740,0.744,0.739,42708.000
2017-02-15,0.743,0.744,0.745,0.743,52670.000
2017-02-16,0.749,0.744,0.749,0.743,78844.000
2017-02-17,0.744,0.743,0.744,0.741,29502.000
2017-02-20,0.743,0.745,0.745,0.742,57433.000
2017-02-21,0.746,0.745,0.747,0.744,23478.000
2017-02-22,0.749,0.752,0.752,0.747,64167.000
2017-02-23,0.752,0.754,0.755,0.751,35300.000
2017-02-24,0.755,0.755,0.755,0.753,43120.000
2017-02-27,0.755,0.754,0.755,0.751,18780.000
2017-02-28,0.754,0.760,0.761,0.754,55348.000
2017-03-01,0.757,0.771,0.772,0.756,39711.000
2017-03-02,0.784,0.812,0.844,0.784,194218.000
2017-03-03,0.800,0.815,0.820,0.800,69113.000
2017-03-06,0.815,0.839,0.842,0.815,82466.000
2017-03-07,0.834,0.814,0.847,0.790,145785.000
2017-03-08,0.813,0.798,0.814,0.792,91687.000
2017-03-09,0.798,0.778,0.798,0.773,93823.000
2017-03-10,0.774,0.795,0.807,0.774,87622.000
2017-03-13,0.801,0.802,0.817,0.798,67133.000
2017-03-14,0.804,0.809,0.810,0.804,28136.000
2017-03-15,0.807,0.797,0.807,0.790,42546.000
2017-03-16,0.815,0.807,0.830,0.806,70166.000
2017-03-17,0.805,0.806,0.810,0.801,23649.000
2017-03-20,0.805,0.806,0.808,0.804,14448.000
2017-03-21,0.805,0.808,0.808,0.801,21909.000
2017-03-22,0.790,0.778,0.794,0.775,85167.000
2017-03-23,0.785,0.778,0.786,0.777,27313.000
2017-03-24,0.776,0.771,0.777,0.768,30789.000
2017-03-27,0.771,0.761,0.771,0.759,36501.000
2017-03-28,0.761,0.769,0.771,0.761,18113.000
2017-03-29,0.777,0.777,0.779,0.770,19706.000
2017-03-30,0.778,0.774,0.780,0.771,18205.000
2017-03-31,0.777,0.787,0.797,0.775,48060.000
2017-04-05,0.787,0.782,0.789,0.780,21347.000
2017-04-06,0.782,0.775,0.782,0.766,24591.000
2017-04-07,0.777,0.772,0.777,0.771,22060.000
2017-04-10,0.771,0.773,0.773,0.770,10932.000
2017-04-11,0.775,0.770,0.776,0.767,16523.000
2017-04-12,0.770,0.767,0.770,0.765,12364.000
2017-04-13,0.765,0.765,0.765,0.763,8476.000
2017-04-14,0.764,0.758,0.764,0.756,17943.000
2017-04-17,0.758,0.754,0.758,0.749,15864.000
2017-04-18,0.758,0.768,0.771,0.758,17238.000
2017-04-19,0.766,0.761,0.766,0.757,16023.000
2017-04-20,0.761,0.759,0.761,0.755,16799.000
2017-04-21,0.768,0.764,0.768,0.764,24050.000
2017-04-24,0.765,0.768,0.775,0.765,26561.000
2017-04-25,0.775,0.780,0.780,0.772,57802.000
2017-04-26,0.785,0.784,0.793,0.783,26675.000
2017-04-27,0.783,0.771,0.783,0.768,31806.000
2017-04-28,0.775,0.777,0.777,0.770,15067.000
2017-05-02,0.779,0.776,0.779,0.775,20252.000
2017-05-03,0.778,0.775,0.778,0.774,13935.000
2017-05-04,0.775,0.774,0.775,0.771,7314.000
2017-05-05,0.775,0.772,0.775,0.770,10390.000
2017-05-08,0.779,0.780,0.780,0.775,35046.000
2017-05-09,0.779,0.777,0.780,0.773,18758.000
2017-05-10,0.777,0.774,0.777,0.773,13983.000
2017-05-11,0.775,0.777,0.779,0.775,8410.000
2017-05-12,0.776,0.772,0.776,0.770,14622.000
2017-05-15,0.772,0.772,0.772,0.768,10240.000
2017-05-16,0.776,0.776,0.778,0.775,30692.000
2017-05-17,0.775,0.767,0.775,0.766,32574.000
2017-05-18,0.749,0.754,0.759,0.746,64870.000
2017-05-19,0.755,0.753,0.760,0.753,17919.000
2017-05-22,0.756,0.760,0.761,0.755,33693.000
2017-05-23,0.766,0.762,0.769,0.760,19431.000
2017-05-24,0.762,0.762,0.764,0.758,34690.000
2017-05-25,0.763,0.767,0.768,0.763,15532.000
2017-05-26,0.768,0.773,0.774,0.768,17261.000
2017-05-31,0.773,0.765,0.773,0.763,26257.000
2017-06-01,0.765,0.762,0.766,0.761,21047.000
2017-06-02,0.775,0.771,0.775,0.766,48943.000
2017-06-05,0.774,0.768,0.774,0.767,26052.000
2017-06-06,0.766,0.767,0.767,0.763,10804.000
2017-06-07,0.764,0.765,0.766,0.764,12373.000
2017-06-08,0.765,0.764,0.765,0.763,10004.000
2017-06-09,0.765,0.764,0.765,0.763,11388.000
2017-06-12,0.764,0.762,0.765,0.760,9986.000
2017-06-13,0.760,0.765,0.765,0.760,22149.000
2017-06-14,0.765,0.765,0.768,0.764,9179.000
2017-06-15,0.765,0.766,0.766,0.763,15707.000
2017-06-16,0.765,0.767,0.767,0.763,10799.000
2017-06-19,0.766,0.767,0.767,0.764,7596.000
2017-06-20,0.774,0.774,0.774,0.771,25778.000
2017-06-21,0.769,0.768,0.769,0.766,8110.000
2017-06-22,0.768,0.768,0.769,0.764,14004.000
2017-06-23,0.766,0.769,0.769,0.766,3119.000
2017-06-26,0.770,0.769,0.770,0.768,14079.000
2017-06-27,0.768,0.769,0.770,0.768,5314.000
2017-06-28,0.765,0.763,0.765,0.760,14283.000
2017-06-29,0.767,0.765,0.770,0.765,32372.000
2017-06-30,0.759,0.761,0.761,0.757,9619.000
2017-07-03,0.760,0.760,0.761,0.759,9704.000
2017-07-04,0.761,0.761,0.761,0.759,8783.000
2017-07-05,0.761,0.762,0.762,0.760,3865.000
2017-07-06,0.763,0.762,0.763,0.761,4028.000
2017-07-07,0.759,0.758,0.759,0.754,10596.000
2017-07-10,0.761,0.761,0.761,0.758,8571.000
2017-07-11,0.761,0.761,0.763,0.760,4106.000
2017-07-12,0.761,0.760,0.761,0.759,3579.000
2017-07-13,0.765,0.765,0.766,0.764,6871.000
2017-07-14,0.765,0.764,0.766,0.763,5407.000
2017-07-17,0.766,0.767,0.768,0.765,17755.000
2017-07-18,0.767,0.767,0.767,0.765,3372.000
2017-07-19,0.768,0.769,0.772,0.766,21917.000
2017-07-20,0.771,0.773,0.774,0.771,11034.000
2017-07-21,0.771,0.771,0.773,0.769,6734.000
2017-07-24,0.770,0.769,0.771,0.765,8500.000
2017-07-25,0.769,0.769,0.770,0.767,4647.000
2017-07-26,0.770,0.770,0.771,0.769,4047.000
2017-07-27,0.771,0.768,0.771,0.766,12527.000
2017-07-28,0.767,0.768,0.772,0.765,11836.000
2017-07-31,0.768,0.768,0.771,0.765,10075.000
2017-08-01,0.768,0.766,0.770,0.766,16259.000
2017-08-02,0.767,0.768,0.769,0.766,12302.000
2017-08-03,0.768,0.765,0.768,0.765,5229.000
2017-08-04,0.765,0.764,0.765,0.763,5488.000
2017-08-07,0.764,0.770,0.772,0.764,15065.000
2017-08-08,0.770,0.770,0.771,0.768,4025.000
2017-08-09,0.770,0.766,0.770,0.766,7873.000
2017-08-10,0.763,0.764,0.765,0.763,4694.000
2017-08-11,0.758,0.757,0.758,0.753,9884.000
2017-08-14,0.759,0.759,0.760,0.756,3983.000
2017-08-15,0.765,0.762,0.765,0.762,3308.000
2017-08-16,0.762,0.760,0.764,0.759,14002.000
2017-08-17,0.762,0.759,0.762,0.759,1677.000
2017-08-18,0.751,0.753,0.755,0.750,15369.000
2017-08-21,0.754,0.752,0.754,0.749,11165.000
2017-08-22,0.751,0.752,0.753,0.749,4630.000
2017-08-23,0.752,0.755,0.757,0.752,7169.000
2017-08-24,0.755,0.751,0.755,0.751,3432.000
2017-08-25,0.750,0.751,0.752,0.749,5939.000
2017-08-28,0.750,0.751,0.752,0.748,12403.000
2017-08-29,0.751,0.747,0.751,0.747,11569.000
2017-08-30,0.748,0.747,0.748,0.746,5929.000
2017-08-31,0.749,0.749,0.750,0.748,13549.000
2017-09-01,0.751,0.752,0.752,0.750,9699.000
2017-09-04,0.752,0.752,0.753,0.750,15841.000
2017-09-05,0.752,0.750,0.752,0.749,7762.000
2017-09-06,0.749,0.749,0.749,0.745,7884.000
2017-09-07,0.749,0.748,0.749,0.746,4341.000
2017-09-08,0.749,0.747,0.749,0.747,9578.000
2017-09-11,0.748,0.748,0.750,0.748,7359.000
2017-09-12,0.752,0.752,0.758,0.751,24949.000
2017-09-13,0.753,0.752,0.753,0.751,3585.000
2017-09-14,0.752,0.753,0.754,0.750,26821.000
2017-09-15,0.751,0.754,0.755,0.751,13373.000
2017-09-18,0.755,0.756,0.758,0.755,9540.000
2017-09-19,0.756,0.758,0.758,0.756,5069.000
2017-09-20,0.758,0.759,0.759,0.758,7216.000
2017-09-21,0.760,0.761,0.761,0.759,6848.000
2017-09-22,0.763,0.761,0.763,0.759,13360.000
2017-09-25,0.761,0.758,0.762,0.758,5123.000
2017-09-26,0.758,0.759,0.759,0.756,17462.000
2017-09-27,0.758,0.760,0.761,0.758,6465.000
2017-09-28,0.764,0.765,0.766,0.764,11228.000
2017-09-29,0.766,0.770,0.770,0.766,5103.000
2017-10-09,0.781,0.780,0.784,0.776,30888.000
2017-10-10,0.780,0.780,0.782,0.775,9277.000
2017-10-11,0.780,0.784,0.786,0.780,12525.000
2017-10-12,0.784,0.785,0.786,0.784,5080.000
2017-10-13,0.784,0.779,0.784,0.778,7496.000
2017-10-16,0.780,0.780,0.781,0.779,3801.000
2017-10-17,0.780,0.782,0.782,0.780,4861.000
2017-10-18,0.784,0.781,0.784,0.779,5384.000
2017-10-19,0.783,0.780,0.783,0.780,7524.000
2017-10-20,0.780,0.784,0.785,0.780,13304.000
2017-10-23,0.786,0.787,0.789,0.785,3923.000
2017-10-24,0.787,0.785,0.787,0.783,4375.000
2017-10-25,0.785,0.789,0.789,0.785,6401.000
2017-10-26,0.785,0.785,0.787,0.784,4908.000
2017-10-27,0.785,0.788,0.788,0.785,14045.000
2017-10-30,0.793,0.794,0.795,0.791,6894.000
2017-10-31,0.795,0.793,0.796,0.792,4269.000
2017-11-01,0.795,0.796,0.796,0.794,8940.000
2017-11-02,0.796,0.796,0.797,0.793,9965.000
2017-11-03,0.798,0.800,0.808,0.796,7275.000
2017-11-06,0.810,0.803,0.811,0.795,28057.000
2017-11-07,0.803,0.798,0.803,0.796,14555.000
2017-11-08,0.795,0.796,0.798,0.795,7506.000
2017-11-09,0.795,0.797,0.800,0.794,11924.000
2017-11-10,0.789,0.792,0.793,0.789,22729.000
2017-11-13,0.791,0.792,0.793,0.790,16338.000
2017-11-14,0.793,0.793,0.794,0.792,9868.000
2017-11-15,0.792,0.787,0.793,0.787,9192.000
2017-11-16,0.786,0.786,0.787,0.782,11720.000
2017-11-17,0.791,0.792,0.793,0.791,7756.000
2017-11-20,0.792,0.790,0.793,0.789,7015.000
2017-11-21,0.790,0.792,0.793,0.790,9283.000
2017-11-22,0.795,0.795,0.800,0.794,8852.000
2017-11-23,0.796,0.793,0.796,0.792,13445.000
2017-11-24,0.792,0.794,0.795,0.789,5426.000
2017-11-27,0.794,0.794,0.796,0.793,12519.000
2017-11-28,0.794,0.795,0.796,0.792,11611.000
2017-11-29,0.799,0.802,0.803,0.799,46103.000
2017-11-30,0.801,0.801,0.802,0.800,10840.000
2017-12-01,0.810,0.808,0.810,0.806,19525.000
2017-12-04,0.815,0.830,0.840,0.813,70059.000
2017-12-05,0.825,0.815,0.825,0.810,31734.000
2017-12-06,0.814,0.807,0.814,0.803,30598.000
2017-12-07,0.806,0.807,0.810,0.806,10715.000
2017-12-08,0.809,0.814,0.815,0.809,28184.000
2017-12-11,0.817,0.818,0.822,0.815,15773.000
2017-12-12,0.821,0.821,0.823,0.819,8321.000
2017-12-13,0.822,0.822,0.824,0.820,11417.000
2017-12-14,0.822,0.822,0.823,0.821,4902.000
2017-12-15,0.820,0.815,0.820,0.815,8982.000
2017-12-18,0.824,0.823,0.824,0.819,18062.000
2017-12-19,0.825,0.830,0.830,0.825,8542.000
2017-12-20,0.828,0.826,0.828,0.824,7520.000
2017-12-21,0.825,0.822,0.825,0.821,10762.000
2017-12-22,0.824,0.824,0.825,0.822,6956.000
2017-12-25,0.824,0.823,0.826,0.820,10843.000
2017-12-26,0.824,0.823,0.824,0.819,10126.000
2017-12-27,0.824,0.822,0.824,0.820,14404.000
2017-12-28,0.823,0.817,0.823,0.817,16284.000
2017-12-29,0.817,0.817,0.818,0.816,11905.000
2018-01-02,0.816,0.814,0.816,0.810,13409.000
2018-01-03,0.819,0.818,0.820,0.816,24193.000
2018-01-04,0.821,0.819,0.822,0.818,18878.000
2018-01-05,0.821,0.820,0.823,0.820,16764.000
2018-01-08,0.824,0.826,0.826,0.823,15177.000
2018-01-09,0.824,0.826,0.826,0.824,35819.000
2018-01-10,0.827,0.829,0.830,0.827,13186.000
2018-01-11,0.829,0.829,0.829,0.827,13020.000
2018-01-12,0.833,0.838,0.838,0.833,13398.000
2018-01-15,0.839,0.841,0.845,0.839,20462.000
2018-01-16,0.841,0.841,0.842,0.840,10892.000
2018-01-17,0.831,0.835,0.840,0.831,21929.000
2018-01-18,0.839,0.841,0.845,0.839,18653.000
2018-01-19,0.839,0.834,0.839,0.834,20922.000
2018-01-22,0.835,0.837,0.839,0.835,10528.000
2018-01-23,0.840,0.846,0.849,0.840,13671.000
2018-01-24,0.847,0.846,0.849,0.845,11657.000
2018-01-25,0.842,0.842,0.845,0.840,16521.000
2018-01-26,0.843,0.842,0.843,0.841,14544.000
2018-01-29,0.846,0.848,0.850,0.846,27987.000
2018-01-30,0.840,0.841,0.844,0.840,13872.000
2018-01-31,0.835,0.833,0.835,0.829,12473.000
2018-02-01,0.833,0.835,0.838,0.833,16539.000
2018-02-02,0.834,0.828,0.834,0.828,9815.000
2018-02-05,0.807,0.806,0.809,0.803,41510.000
2018-02-06,0.779,0.759,0.779,0.755,117584.000
2018-02-07,0.776,0.772,0.780,0.770,38325.000
2018-02-08,0.772,0.781,0.785,0.763,32091.000
2018-02-09,0.756,0.757,0.775,0.752,89840.000
2018-02-12,0.765,0.767,0.768,0.759,26295.000
2018-02-13,0.774,0.778,0.783,0.774,13760.000
2018-02-14,0.780,0.782,0.785,0.778,9274.000
2018-02-22,0.793,0.789,0.793,0.786,9100.000
2018-02-23,0.789,0.794,0.795,0.789,10691.000
2018-02-26,0.805,0.811,0.812,0.805,8671.000
2018-02-27,0.820,0.818,0.821,0.815,12302.000
2018-02-28,0.807,0.812,0.812,0.804,9912.000
2018-03-01,0.807,0.801,0.807,0.793,20640.000
2018-03-02,0.791,0.788,0.792,0.788,9547.000
2018-03-05,0.790,0.790,0.791,0.788,6715.000
2018-03-06,0.800,0.798,0.800,0.797,8199.000
2018-03-07,0.798,0.795,0.798,0.792,8955.000
2018-03-08,0.798,0.800,0.800,0.797,9681.000
2018-03-09,0.803,0.805,0.805,0.801,14283.000
2018-03-12,0.819,0.820,0.821,0.816,12842.000
2018-03-13,0.819,0.815,0.819,0.814,6561.000
2018-03-14,0.807,0.811,0.811,0.807,4233.000
2018-03-15,0.807,0.810,0.811,0.806,4180.000
2018-03-16,0.810,0.806,0.811,0.802,6900.000
2018-03-19,0.806,0.805,0.807,0.805,5172.000
2018-03-20,0.794,0.797,0.798,0.794,6965.000
2018-03-21,0.797,0.799,0.800,0.797,6091.000
2018-03-22,0.798,0.800,0.802,0.797,2994.000
2018-03-23,0.790,0.779,0.790,0.772,37023.000
2018-03-26,0.764,0.771,0.772,0.760,25106.000
2018-03-27,0.780,0.781,0.783,0.778,13257.000
2018-03-28,0.770,0.768,0.771,0.763,25101.000
2018-03-29,0.767,0.767,0.768,0.762,14905.000
2018-03-30,0.771,0.769,0.773,0.766,17127.000
2018-04-02,0.770,0.769,0.770,0.767,5370.000
2018-04-03,0.752,0.757,0.763,0.752,12066.000
2018-04-04,0.760,0.760,0.763,0.759,9060.000
2018-04-09,0.760,0.763,0.764,0.760,23070.000
2018-04-10,0.763,0.771,0.771,0.762,16765.000
2018-04-11,0.777,0.770,0.778,0.770,11961.000
2018-04-12,0.774,0.769,0.774,0.769,5190.000
2018-04-13,0.773,0.776,0.776,0.772,12351.000
2018-04-16,0.774,0.772,0.775,0.771,13867.000
2018-04-17,0.778,0.779,0.780,0.775,26877.000
2018-04-18,0.785,0.787,0.788,0.784,32288.000
2018-04-19,0.789,0.785,0.789,0.785,20762.000
2018-04-20,0.784,0.784,0.785,0.781,6851.000
2018-04-23,0.784,0.778,0.784,0.777,10921.000
2018-04-24,0.778,0.782,0.783,0.778,2623.000
2018-04-25,0.778,0.772,0.778,0.770,9191.000
2018-04-26,0.773,0.772,0.779,0.771,8154.000
2018-04-27,0.780,0.786,0.787,0.776,9264.000
2018-05-02,0.780,0.783,0.784,0.779,6147.000
2018-05-03,0.783,0.780,0.783,0.778,7095.000
2018-05-04,0.781,0.781,0.783,0.778,15330.000
2018-05-07,0.785,0.788,0.788,0.785,13347.000
2018-05-08,0.788,0.787,0.790,0.787,17992.000
2018-05-09,0.792,0.787,0.792,0.786,6970.000
2018-05-10,0.795,0.794,0.795,0.792,8088.000
2018-05-11,0.800,0.798,0.801,0.797,10126.000
2018-05-14,0.798,0.804,0.804,0.798,15638.000
2018-05-15,0.803,0.799,0.803,0.799,8859.000
2018-05-16,0.795,0.798,0.799,0.795,8220.000
2018-05-17,0.799,0.800,0.801,0.799,4000.000
2018-05-18,0.800,0.800,0.802,0.800,5574.000
2018-05-21,0.803,0.814,0.815,0.803,9118.000
2018-05-22,0.813,0.812,0.814,0.810,5163.000
2018-05-23,0.811,0.806,0.811,0.806,15729.000
2018-05-24,0.807,0.810,0.811,0.807,19953.000
2018-05-25,0.812,0.811,0.812,0.808,15123.000
2018-05-28,0.812,0.814,0.815,0.811,6811.000
2018-05-29,0.814,0.809,0.814,0.808,2294.000
2018-05-30,0.807,0.799,0.807,0.779,23546.000
2018-05-31,0.806,0.807,0.808,0.805,4136.000
2018-06-01,0.807,0.804,0.807,0.801,5456.000
2018-06-04,0.809,0.815,0.816,0.809,10856.000
2018-06-05,0.817,0.820,0.823,0.816,6021.000
2018-06-06,0.820,0.818,0.821,0.818,6575.000
2018-06-07,0.823,0.824,0.825,0.823,13244.000
2018-06-08,0.824,0.822,0.824,0.816,13786.000
2018-06-11,0.823,0.829,0.829,0.823,14539.000
2018-06-12,0.829,0.834,0.835,0.827,11724.000
2018-06-13,0.834,0.836,0.838,0.832,10475.000
2018-06-14,0.834,0.830,0.834,0.830,12619.000
2018-06-15,0.831,0.837,0.838,0.831,9981.000
2018-06-19,0.834,0.819,0.834,0.818,15634.000
2018-06-20,0.818,0.827,0.829,0.818,20069.000
2018-06-21,0.829,0.837,0.838,0.829,13103.000
2018-06-22,0.830,0.832,0.834,0.824,12626.000
2018-06-25,0.832,0.839,0.845,0.830,13142.000
2018-06-26,0.831,0.831,0.831,0.822,13157.000
2018-06-27,0.829,0.824,0.834,0.821,21950.000
2018-06-28,0.819,0.820,0.828,0.819,13260.000
2018-06-29,0.828,0.835,0.842,0.827,11614.000
2018-07-02,0.838,0.830,0.843,0.830,12596.000
2018-07-03,0.839,0.845,0.845,0.839,23932.000
2018-07-04,0.839,0.836,0.839,0.833,6733.000
2018-07-05,0.834,0.844,0.849,0.832,15638.000
2018-07-06,0.850,0.851,0.854,0.849,9904.000
2018-07-09,0.856,0.859,0.860,0.856,20754.000
2018-07-10,0.862,0.863,0.864,0.861,23079.000
2018-07-11,0.852,0.865,0.866,0.852,31637.000
2018-07-12,0.865,0.871,0.871,0.855,20124.000
2018-07-13,0.873,0.870,0.877,0.863,23104.000
2018-07-16,0.873,0.870,0.873,0.870,9041.000
2018-07-17,0.870,0.865,0.871,0.864,13635.000
2018-07-18,0.870,0.874,0.874,0.870,15830.000
2018-07-19,0.875,0.880,0.881,0.874,29176.000
2018-07-20,0.880,0.881,0.882,0.873,21329.000
2018-07-23,0.880,0.878,0.880,0.875,35904.000
2018-07-24,0.881,0.889,0.889,0.881,31544.000
2018-07-25,0.890,0.889,0.893,0.888,29611.000
2018-07-26,0.895,0.895,0.896,0.891,17858.000
2018-07-27,0.896,0.906,0.906,0.895,66180.000
2018-07-30,0.903,0.895,0.903,0.893,42006.000
2018-07-31,0.889,0.881,0.890,0.880,63570.000
2018-08-01,0.888,0.890,0.890,0.887,33483.000
2018-08-02,0.889,0.887,0.891,0.885,27413.000
2018-08-03,0.895,0.902,0.904,0.893,47233.000
2018-08-06,0.908,0.912,0.913,0.904,138528.000
2018-08-07,0.917,0.928,0.940,0.917,96985.000
2018-08-08,0.930,0.915,0.930,0.914,92395.000
2018-08-09,0.909,0.906,0.909,0.905,90239.000
2018-08-10,0.904,0.907,0.908,0.902,62744.000
2018-08-13,0.895,0.900,0.900,0.895,38933.000
2018-08-14,0.898,0.902,0.904,0.898,28055.000
2018-08-15,0.906,0.913,0.913,0.906,88580.000
2018-08-16,0.901,0.900,0.908,0.900,107796.000
2018-08-17,0.909,0.911,0.911,0.907,79176.000
2018-08-20,0.913,0.911,0.915,0.906,152890.000
2018-08-21,0.911,0.908,0.911,0.905,193581.000
2018-08-22,0.909,0.907,0.909,0.906,74453.000
2018-08-23,0.907,0.909,0.910,0.907,74733.000
2018-08-24,0.908,0.907,0.910,0.907,156547.000
2018-08-27,0.911,0.911,0.912,0.908,96155.000
2018-08-28,0.920,0.919,0.921,0.914,164418.000
2018-08-29,0.919,0.921,0.921,0.919,242219.000
2018-08-30,0.922,0.925,0.926,0.922,88162.000
2018-08-31,0.924,0.922,0.924,0.921,37065.000
2018-09-03,0.924,0.918,0.924,0.917,80475.000
2018-09-04,0.920,0.921,0.921,0.918,43494.000
2018-09-05,0.920,0.917,0.920,0.917,32448.000
2018-09-06,0.915,0.913,0.915,0.912,32389.000
2018-09-07,0.910,0.911,0.911,0.907,85085.000
2018-09-10,0.911,0.915,0.915,0.908,56207.000
2018-09-11,0.917,0.918,0.918,0.915,68159.000
2018-09-12,0.921,0.922,0.924,0.921,75811.000
2018-09-13,0.922,0.920,0.922,0.919,33748.000
2018-09-14,0.924,0.925,0.925,0.921,49145.000
2018-09-17,0.924,0.925,0.927,0.924,45358.000
2018-09-18,0.916,0.918,0.919,0.916,67155.000
2018-09-19,0.923,0.923,0.925,0.923,56754.000
2018-09-20,0.924,0.926,0.926,0.924,95807.000
2018-09-21,0.931,0.933,0.933,0.931,89121.000
2018-09-25,0.927,0.930,0.930,0.927,70267.000
2018-09-26,0.929,0.935,0.935,0.929,132569.000
2018-09-27,0.933,0.927,0.933,0.927,54035.000
2018-09-28,0.929,0.929,0.930,0.927,136915.000
2018-10-08,0.920,0.921,0.923,0.913,131356.000
2018-10-09,0.921,0.924,0.925,0.921,92935.000
2018-10-10,0.924,0.927,0.927,0.924,65769.000
2018-10-11,0.890,0.882,0.897,0.874,388419.000
2018-10-12,0.869,0.888,0.889,0.869,166438.000
2018-10-15,0.888,0.880,0.888,0.879,96672.000
2018-10-16,0.880,0.883,0.885,0.878,178353.000
2018-10-17,0.900,0.901,0.902,0.899,87140.000
2018-10-18,0.900,0.897,0.900,0.895,107098.000
2018-10-19,0.886,0.891,0.891,0.886,102503.000
2018-10-22,0.889,0.891,0.891,0.885,96227.000
2018-10-23,0.885,0.878,0.885,0.877,82693.000
2018-10-24,0.877,0.878,0.882,0.875,130580.000
2018-10-25,0.851,0.857,0.860,0.848,185323.000
2018-10-26,0.860,0.859,0.861,0.855,209286.000
2018-10-29,0.856,0.854,0.857,0.853,121584.000
2018-10-30,0.854,0.855,0.862,0.852,307686.000
2018-10-31,0.863,0.868,0.868,0.860,118049.000
2018-11-01,0.877,0.873,0.879,0.872,83321.000
2018-11-02,0.876,0.882,0.882,0.874,194484.000
2018-11-05,0.878,0.872,0.878,0.871,65941.000
2018-11-06,0.874,0.882,0.890,0.874,302909.000
2018-11-07,0.884,0.886,0.889,0.884,188889.000
2018-11-08,0.902,0.904,0.911,0.901,103122.000
2018-11-09,0.903,0.900,0.903,0.894,171116.000
2018-11-12,0.893,0.899,0.899,0.893,55700.000
2018-11-13,0.883,0.880,0.883,0.876,158558.000
2018-11-14,0.880,0.880,0.881,0.879,70018.000
2018-11-15,0.876,0.873,0.876,0.871,155880.000
2018-11-16,0.878,0.875,0.881,0.873,691414.000
2018-11-19,0.878,0.877,0.880,0.877,232923.000
2018-11-20,0.862,0.865,0.868,0.862,245906.000
2018-11-21,0.850,0.852,0.855,0.843,310732.000
2018-11-22,0.852,0.852,0.852,0.851,22040.000
2018-11-23,0.851,0.850,0.853,0.849,94728.000
2018-11-26,0.849,0.852,0.852,0.847,356152.000
2018-11-27,0.858,0.858,0.858,0.855,137831.000
2018-11-28,0.867,0.865,0.869,0.859,366696.000
2018-11-29,0.882,0.877,0.885,0.876,236818.000
2018-11-30,0.877,0.881,0.881,0.877,116474.000
2018-12-03,0.898,0.900,0.902,0.891,290735.000
2018-12-04,0.898,0.885,0.898,0.885,186521.000
2018-12-05,0.865,0.867,0.870,0.865,102156.000
2018-12-06,0.860,0.855,0.860,0.854,331422.000
2018-12-07,0.860,0.861,0.864,0.860,112176.000
2018-12-10,0.850,0.837,0.850,0.836,347029.000
2018-12-11,0.840,0.844,0.846,0.840,1419209.000
2018-12-12,0.845,0.848,0.857,0.843,1443350.000
2018-12-13,0.853,0.850,0.856,0.848,1200625.000
2018-12-14,0.848,0.842,0.850,0.841,346361.000
2018-12-17,0.833,0.835,0.836,0.833,85681.000
2018-12-18,0.818,0.817,0.819,0.814,405196.000
2018-12-19,0.817,0.815,0.817,0.813,507673.000
2018-12-20,0.807,0.797,0.807,0.793,753911.000
2018-12-21,0.792,0.794,0.795,0.788,243087.000
2018-12-24,0.780,0.778,0.780,0.775,743953.000
2018-12-25,0.754,0.750,0.754,0.748,184096.000
2018-12-26,0.752,0.748,0.754,0.744,695183.000
2018-12-27,0.780,0.784,0.790,0.780,1524212.000
2018-12-28,0.789,0.788,0.794,0.788,290556.000
2019-01-02,0.797,0.787,0.799,0.786,339152.000
2019-01-03,0.787,0.786,0.790,0.785,225109.000
2019-01-04,0.778,0.785,0.785,0.754,663591.000
2019-01-07,0.804,0.804,0.809,0.801,654274.000
2019-01-08,0.809,0.813,0.815,0.808,362081.000
2019-01-09,0.817,0.820,0.822,0.817,941359.000
2019-01-10,0.818,0.811,0.819,0.810,1743871.000
2019-01-11,0.820,0.818,0.820,0.817,230051.000
2019-01-14,0.817,0.811,0.817,0.810,478013.000
2019-01-15,0.814,0.816,0.818,0.812,635878.000
2019-01-16,0.818,0.820,0.820,0.818,352708.000
2019-01-17,0.820,0.816,0.820,0.816,1239423.000
2019-01-18,0.828,0.832,0.832,0.828,130161.000
2019-01-21,0.837,0.839,0.841,0.837,515753.000
2019-01-22,0.840,0.836,0.840,0.836,748703.000
2019-01-23,0.830,0.830,0.832,0.828,645240.000
2019-01-24,0.830,0.830,0.832,0.829,979858.000
2019-01-25,0.832,0.833,0.834,0.830,838770.000
2019-01-28,0.834,0.830,0.835,0.828,290285.000
2019-01-29,0.826,0.825,0.827,0.823,209785.000
2019-01-30,0.825,0.825,0.827,0.825,355611.000
2019-01-31,0.834,0.835,0.839,0.834,286866.000
2019-02-01,0.839,0.846,0.846,0.838,396150.000
2019-02-11,0.845,0.849,0.851,0.844,249588.000
2019-02-12,0.852,0.855,0.857,0.852,1541554.000
2019-02-13,0.861,0.864,0.865,0.861,438075.000
2019-02-14,0.864,0.866,0.868,0.864,363052.000
2019-02-15,0.861,0.860,0.863,0.859,136216.000
2019-02-18,0.868,0.874,0.875,0.868,242222.000
2019-02-19,0.876,0.874,0.876,0.872,450576.000
2019-02-20,0.875,0.869,0.875,0.868,371514.000
2019-02-21,0.870,0.872,0.873,0.869,426842.000
2019-02-22,0.871,0.870,0.871,0.867,394096.000
2019-02-25,0.874,0.870,0.874,0.869,349995.000
2019-02-26,0.868,0.867,0.868,0.865,752988.000
2019-02-27,0.867,0.866,0.869,0.865,1576620.000
2019-02-28,0.866,0.864,0.868,0.864,469116.000
2019-03-01,0.866,0.872,0.872,0.866,710911.000
2019-03-04,0.875,0.875,0.878,0.874,1074373.000
2019-03-05,0.870,0.869,0.871,0.867,1039470.000
2019-03-06,0.867,0.868,0.869,0.865,1213763.000
2019-03-07,0.864,0.861,0.864,0.861,1849624.000
2019-03-08,0.858,0.855,0.861,0.854,726275.000
2019-03-11,0.855,0.858,0.858,0.854,879342.000
2019-03-12,0.868,0.870,0.872,0.868,1620742.000
2019-03-13,0.871,0.869,0.872,0.867,1538842.000
2019-03-14,0.875,0.877,0.879,0.873,866041.000
2019-03-15,0.877,0.878,0.880,0.877,616233.000
2019-03-18,0.879,0.881,0.882,0.878,593350.000
2019-03-19,0.883,0.885,0.885,0.883,428839.000
2019-03-20,0.883,0.883,0.883,0.881,722460.000
2019-03-21,0.880,0.875,0.880,0.874,1170093.000
2019-03-22,0.888,0.890,0.891,0.888,1900056.000
2019-03-25,0.871,0.870,0.875,0.870,1088561.000
2019-03-26,0.873,0.875,0.878,0.873,1852550.000
2019-03-27,0.878,0.882,0.883,0.878,494155.000
2019-03-28,0.874,0.875,0.879,0.873,1308221.000
2019-03-29,0.879,0.881,0.882,0.879,1137697.000
2019-04-01,0.885,0.889,0.891,0.885,1037685.000
2019-04-02,0.895,0.894,0.899,0.894,4751793.000
2019-04-03,0.896,0.899,0.900,0.895,1378792.000
2019-04-04,0.899,0.899,0.904,0.898,2829172.000
2019-04-08,0.906,0.910,0.914,0.905,1558073.000
2019-04-09,0.914,0.906,0.914,0.904,3194058.000
2019-04-10,0.903,0.899,0.903,0.899,641020.000
2019-04-11,0.902,0.903,0.906,0.902,1807152.000
2019-04-12,0.904,0.905,0.909,0.903,1706372.000
2019-04-15,0.909,0.908,0.911,0.907,707283.000
2019-04-16,0.909,0.913,0.913,0.909,1017846.000
2019-04-17,0.911,0.910,0.914,0.909,2218347.000
2019-04-18,0.906,0.903,0.913,0.903,1117642.000
2019-04-19,0.909,0.908,0.916,0.908,2261094.000
2019-04-22,0.911,0.908,0.911,0.906,2052894.000
2019-04-23,0.909,0.911,0.912,0.909,1103513.000
2019-04-24,0.920,0.919,0.921,0.918,1160661.000
2019-04-25,0.919,0.919,0.921,0.918,915671.000
2019-04-26,0.919,0.920,0.920,0.918,1886491.000
2019-04-29,0.924,0.927,0.927,0.924,632016.000
2019-04-30,0.927,0.929,0.929,0.926,268723.000
2019-05-06,0.919,0.915,0.922,0.914,1039509.000
2019-05-07,0.921,0.925,0.926,0.921,609497.000
2019-05-08,0.908,0.908,0.912,0.908,923192.000
2019-05-09,0.908,0.908,0.913,0.908,1392813.000
2019-05-10,0.910,0.909,0.914,0.908,1761232.000
2019-05-13,0.909,0.913,0.913,0.909,1165770.000
2019-05-14,0.898,0.902,0.903,0.895,788802.000
2019-05-15,0.909,0.910,0.910,0.907,2013785.000
2019-05-16,0.913,0.910,0.913,0.909,1003183.000
2019-05-17,0.920,0.921,0.924,0.920,251812.000
2019-05-20,0.922,0.921,0.923,0.920,612462.000
2019-05-21,0.919,0.917,0.919,0.915,716961.000
2019-05-22,0.921,0.919,0.921,0.918,625198.000
2019-05-23,0.916,0.912,0.916,0.912,431241.000
2019-05-24,0.911,0.907,0.911,0.907,417069.000
2019-05-27,0.907,0.908,0.908,0.905,575143.000
2019-05-28,0.908,0.911,0.912,0.908,970573.000
2019-05-29,0.902,0.896,0.902,0.896,1350196.000
2019-05-30,0.892,0.895,0.901,0.892,2202696.000
2019-05-31,0.891,0.887,0.892,0.887,2346282.000
2019-06-03,0.879,0.879,0.882,0.878,1600044.000
2019-06-04,0.880,0.882,0.884,0.880,665521.000
2019-06-05,0.900,0.902,0.904,0.900,698271.000
2019-06-06,0.906,0.907,0.910,0.906,808496.000
2019-06-10,0.926,0.929,0.929,0.925,1320797.000
2019-06-11,0.929,0.929,0.930,0.929,660238.000
2019-06-12,0.928,0.924,0.928,0.924,826184.000
2019-06-13,0.926,0.924,0.927,0.921,1334262.000
2019-06-14,0.928,0.928,0.931,0.927,888685.000
2019-06-17,0.930,0.930,0.932,0.929,274693.000
2019-06-18,0.930,0.928,0.931,0.928,1044004.000
2019-06-19,0.940,0.936,0.940,0.934,1614520.000
2019-06-20,0.940,0.941,0.941,0.936,631503.000
2019-06-21,0.943,0.941,0.943,0.938,411013.000
2019-06-24,0.942,0.943,0.946,0.942,724874.000
2019-06-25,0.942,0.939,0.942,0.938,1155246.000
2019-06-26,0.927,0.932,0.934,0.927,515422.000
2019-06-27,0.932,0.935,0.936,0.932,448365.000
2019-06-28,0.936,0.933,0.939,0.933,1623750.000
2019-07-01,0.946,0.956,0.957,0.945,841355.000
2019-07-02,0.952,0.952,0.953,0.949,262582.000
2019-07-03,0.959,0.955,0.959,0.953,879453.000
2019-07-04,0.968,0.963,0.968,0.960,313946.000
2019-07-05,0.962,0.961,0.965,0.960,475271.000
2019-07-08,0.960,0.956,0.960,0.955,1142577.000
2019-07-09,0.955,0.951,0.955,0.950,909627.000
2019-07-10,0.956,0.954,0.958,0.954,507311.000
2019-07-11,0.960,0.963,0.963,0.960,448119.000
2019-07-12,0.965,0.967,0.967,0.964,968929.000
2019-07-15,0.969,0.971,0.972,0.966,450892.000
2019-07-16,0.971,0.969,0.972,0.968,242625.000
2019-07-17,0.965,0.963,0.968,0.961,1176439.000
2019-07-18,0.955,0.954,0.957,0.952,1145697.000
2019-07-19,0.960,0.964,0.965,0.960,690843.000
2019-07-22,0.957,0.959,0.960,0.954,662596.000
2019-07-23,0.960,0.963,0.965,0.960,943238.000
2019-07-24,0.968,0.968,0.970,0.965,401636.000
2019-07-25,0.973,0.973,0.973,0.972,205954.000
2019-07-26,0.967,0.970,0.970,0.966,67988.000
2019-07-29,0.975,0.975,0.977,0.972,124069.000
2019-07-30,0.975,0.975,0.980,0.974,432536.000
2019-07-31,0.975,0.974,0.975,0.973,666978.000
2019-08-01,0.961,0.963,0.967,0.961,366942.000
2019-08-02,0.955,0.961,0.961,0.954,172907.000
2019-08-05,0.960,0.960,0.973,0.953,319421.000
2019-08-06,0.939,0.940,0.942,0.924,688133.000
2019-08-07,0.944,0.946,0.947,0.943,212704.000
2019-08-08,0.948,0.953,0.954,0.948,326170.000
2019-08-09,0.963,0.965,0.968,0.963,886330.000
2019-08-12,0.967,0.967,0.967,0.965,436954.000
2019-08-13,0.953,0.952,0.955,0.950,316480.000
2019-08-14,0.967,0.960,0.967,0.958,597607.000
2019-08-15,0.939,0.940,0.942,0.935,281918.000
2019-08-16,0.941,0.942,0.943,0.940,267960.000
2019-08-19,0.951,0.958,0.959,0.951,113155.000
2019-08-20,0.960,0.963,0.965,0.960,386000.000
2019-08-21,0.961,0.956,0.961,0.956,411391.000
2019-08-22,0.964,0.965,0.966,0.963,126291.000
2019-08-23,0.965,0.969,0.970,0.965,171158.000
2019-08-26,0.949,0.950,0.950,0.944,336732.000
2019-08-27,0.955,0.962,0.966,0.955,565376.000
2019-08-28,0.961,0.959,0.961,0.958,874526.000
2019-08-29,0.962,0.963,0.964,0.960,585215.000
2019-08-30,0.974,0.973,0.976,0.971,1041319.000
2019-09-02,0.973,0.972,0.974,0.970,555651.000
2019-09-03,0.973,0.970,0.973,0.969,375518.000
2019-09-04,0.969,0.976,0.976,0.968,778708.000
2019-09-05,0.976,0.980,0.984,0.976,799679.000
2019-09-06,0.990,0.986,0.990,0.986,597629.000
2019-09-09,0.987,0.988,0.989,0.986,747818.000
2019-09-10,0.988,0.982,0.988,0.982,561714.000
2019-09-11,0.983,0.984,0.986,0.982,278604.000
2019-09-12,0.991,0.992,0.996,0.991,835856.000
2019-09-16,0.987,0.984,0.987,0.982,106830.000
2019-09-17,0.987,0.988,0.988,0.985,1105588.000
2019-09-18,0.990,0.990,0.993,0.989,965410.000
2019-09-19,0.990,0.991,0.993,0.990,245013.000
2019-09-20,0.992,0.991,0.996,0.991,362088.000
2019-09-23,0.991,0.991,0.993,0.990,274195.000
2019-09-24,0.992,0.991,0.995,0.991,89708.000
2019-09-25,0.986,0.983,0.986,0.982,155291.000
2019-09-26,0.987,0.987,0.990,0.985,162122.000
2019-09-27,0.986,0.987,0.988,0.984,144581.000
2019-09-30,0.985,0.985,0.986,0.980,129958.000
2019-10-08,0.982,0.976,0.982,0.975,465085.000
2019-10-09,0.961,0.964,0.965,0.961,325130.000
2019-10-10,0.964,0.965,0.967,0.964,619813.000
2019-10-11,0.971,0.975,0.975,0.971,215103.000
2019-10-14,0.984,0.980,0.985,0.978,715373.000
2019-10-15,0.981,0.982,0.982,0.978,288847.000
2019-10-16,0.987,0.987,0.989,0.985,87522.000
2019-10-17,0.988,0.984,0.988,0.984,398063.000
2019-10-18,0.987,0.984,0.987,0.983,179473.000
2019-10-21,0.984,0.984,0.984,0.982,150217.000
2019-10-22,0.991,0.990,0.992,0.989,372116.000
2019-10-23,0.990,0.984,0.990,0.984,476667.000
2019-10-24,0.989,0.989,0.989,0.985,115826.000
2019-10-25,0.989,0.990,0.990,0.988,221506.000
2019-10-28,0.992,0.995,0.996,0.992,87462.000
2019-10-29,0.999,0.999,1.002,0.998,106243.000
2019-10-30,0.999,0.999,1.000,0.998,324646.000
2019-10-31,1.001,1.000,1.001,0.999,54990.000
2019-11-01,0.997,1.000,1.000,0.997,64264.000
2019-11-04,1.007,1.006,1.008,1.005,88312.000
2019-11-05,1.009,1.008,1.009,1.006,105016.000
2019-11-06,1.007,1.001,1.007,1.000,143652.000
2019-11-07,1.005,1.003,1.005,1.002,80733.000
2019-11-08,1.003,1.002,1.003,0.999,353507.000
2019-11-11,1.002,1.005,1.006,1.002,81207.000
2019-11-12,1.005,1.009,1.009,1.004,224180.000
2019-11-13,1.008,1.008,1.011,1.008,86872.000
2019-11-14,1.011,1.012,1.013,1.011,98097.000
2019-11-15,1.013,1.015,1.020,1.013,181793.000
2019-11-18,1.021,1.029,1.030,1.020,164266.000
2019-11-19,1.029,1.041,1.048,1.029,181919.000
2019-11-20,1.040,1.027,1.042,1.025,117273.000
2019-11-21,1.024,1.018,1.024,1.017,202598.000
2019-11-22,1.017,1.019,1.022,1.017,617880.000
2019-11-25,1.023,1.025,1.026,1.021,110722.000
2019-11-26,1.033,1.033,1.036,1.031,253778.000
2019-11-27,1.034,1.036,1.036,1.034,63998.000
2019-11-28,1.039,1.041,1.042,1.038,383871.000
2019-11-29,1.041,1.042,1.045,1.040,77054.000
2019-12-02,1.042,1.054,1.055,1.039,159708.000
2019-12-03,1.030,1.037,1.041,1.030,155230.000
2019-12-04,1.027,1.025,1.028,1.022,271754.000
2019-12-05,1.027,1.026,1.028,1.025,336221.000
2019-12-06,1.028,1.029,1.029,1.027,271470.000
2019-12-09,1.035,1.039,1.040,1.034,239035.000
2019-12-10,1.036,1.035,1.036,1.033,460973.000
2019-12-11,1.034,1.034,1.034,1.031,173801.000
2019-12-12,1.036,1.040,1.041,1.036,281388.000
2019-12-13,1.045,1.043,1.049,1.043,266565.000
2019-12-16,1.043,1.045,1.046,1.041,343935.000
2019-12-17,1.049,1.051,1.052,1.048,497599.000
2019-12-18,1.050,1.046,1.051,1.045,552645.000
2019-12-19,1.046,1.042,1.047,1.042,344491.000
2019-12-20,1.047,1.049,1.049,1.047,108409.000
2019-12-23,1.054,1.057,1.058,1.053,470403.000
2019-12-24,1.057,1.058,1.059,1.056,371048.000
2019-12-25,1.057,1.054,1.058,1.054,185397.000
2019-12-26,1.055,1.059,1.060,1.055,353293.000
2019-12-27,1.065,1.065,1.072,1.063,229443.000
2019-12-30,1.063,1.063,1.065,1.057,286535.000
2019-12-31,1.058,1.056,1.058,1.053,256100.000
2020-01-02,1.057,1.065,1.065,1.057,326859.000
2020-01-03,1.067,1.076,1.079,1.065,376425.000
2020-01-06,1.065,1.055,1.065,1.055,721321.000
2020-01-07,1.060,1.059,1.062,1.058,713366.000
2020-01-08,1.046,1.046,1.051,1.036,665629.000
2020-01-09,1.058,1.059,1.060,1.057,926987.000
2020-01-10,1.065,1.070,1.072,1.063,242718.000
2020-01-13,1.063,1.067,1.069,1.062,625713.000
2020-01-14,1.072,1.074,1.077,1.070,524091.000
2020-01-15,1.072,1.071,1.072,1.065,501524.000
2020-01-16,1.070,1.065,1.070,1.064,511188.000
2020-01-17,1.072,1.068,1.074,1.068,541676.000
2020-01-20,1.072,1.069,1.072,1.068,404572.000
2020-01-21,1.069,1.069,1.070,1.068,773490.000
2020-01-22,1.069,1.078,1.078,1.069,468017.000
2020-01-23,1.072,1.074,1.077,1.070,852205.000
2020-02-03,1.028,1.058,1.062,1.028,260097.000
2020-02-04,1.065,1.065,1.067,1.058,266740.000
2020-02-05,1.072,1.071,1.075,1.070,458401.000
2020-02-06,1.085,1.090,1.091,1.084,504273.000
2020-02-07,1.090,1.093,1.093,1.088,536055.000
2020-02-10,1.088,1.095,1.095,1.086,299269.000
2020-02-11,1.097,1.110,1.112,1.097,457386.000
2020-02-12,1.113,1.129,1.130,1.111,336644.000
2020-02-13,1.150,1.175,1.184,1.139,639500.000
2020-02-14,1.165,1.124,1.165,1.120,627195.000
2020-02-17,1.126,1.131,1.141,1.116,556279.000
2020-02-18,1.127,1.115,1.128,1.114,382636.000
2020-02-19,1.112,1.112,1.118,1.108,407545.000
2020-02-20,1.120,1.119,1.123,1.113,653223.000
2020-02-21,1.110,1.108,1.124,1.108,873559.000
2020-02-24,1.090,1.084,1.092,1.083,673218.000
2020-02-25,1.064,1.084,1.084,1.064,1083573.000
2020-02-26,1.044,1.055,1.064,1.044,460208.000
2020-02-27,1.056,1.049,1.056,1.048,396568.000
2020-02-28,1.012,1.015,1.022,1.008,435728.000
2020-03-02,1.015,1.035,1.044,0.997,1512524.000
2020-03-03,1.060,1.030,1.068,1.025,1389349.000
2020-03-04,1.010,1.017,1.019,1.004,553585.000
2020-03-05,1.035,1.031,1.038,1.026,562564.000
2020-03-06,1.017,1.009,1.017,1.008,282658.000
2020-03-09,0.982,0.954,0.982,0.950,486579.000
2020-03-10,0.944,0.983,0.985,0.940,639131.000
2020-03-11,0.979,0.965,0.979,0.960,514739.000
2020-03-12,0.943,0.930,0.943,0.916,661927.000
2020-03-13,0.844,0.912,0.944,0.837,962318.000
2020-03-16,0.892,0.890,0.905,0.874,754650.000
2020-03-17,0.882,0.882,0.945,0.875,824210.000
2020-03-18,0.885,0.853,0.893,0.852,501323.000
2020-03-19,0.860,0.850,0.864,0.817,722202.000
2020-03-20,0.855,0.879,0.883,0.852,593960.000
2020-03-23,0.838,0.826,0.852,0.824,558706.000
2020-03-24,0.850,0.859,0.860,0.835,1125580.000
2020-03-25,0.885,0.893,0.894,0.879,1184248.000
2020-03-26,0.892,0.882,0.892,0.872,505634.000
2020-03-27,0.902,0.884,0.904,0.883,722728.000
2020-03-30,0.867,0.870,0.879,0.856,582996.000
2020-03-31,0.886,0.882,0.889,0.880,403906.000
2020-04-01,0.870,0.863,0.881,0.862,363958.000
2020-04-02,0.861,0.872,0.873,0.851,557313.000
2020-04-03,0.867,0.863,0.871,0.860,280043.000
2020-04-07,0.895,0.905,0.906,0.891,540224.000
2020-04-08,0.899,0.898,0.906,0.894,446020.000
2020-04-09,0.914,0.925,0.927,0.914,882001.000
2020-04-10,0.929,0.924,0.934,0.921,607176.000
2020-04-13,0.919,0.916,0.919,0.912,471164.000
2020-04-14,0.921,0.934,0.934,0.918,457153.000
2020-04-15,0.943,0.941,0.948,0.939,765100.000
2020-04-16,0.926,0.936,0.941,0.923,654698.000
2020-04-17,0.958,0.956,0.961,0.953,984692.000
2020-04-20,0.958,0.956,0.959,0.952,346759.000
2020-04-21,0.951,0.937,0.951,0.931,653201.000
2020-04-22,0.916,0.926,0.930,0.916,835998.000
2020-04-23,0.934,0.936,0.938,0.929,548458.000
2020-04-24,0.927,0.930,0.930,0.924,385822.000
2020-04-27,0.942,0.949,0.956,0.940,462839.000
2020-04-28,0.957,0.958,0.960,0.952,476583.000
2020-04-29,0.964,0.966,0.971,0.962,489329.000
2020-04-30,0.985,0.986,0.990,0.980,531510.000
2020-05-06,0.967,0.974,0.974,0.962,718563.000
2020-05-07,0.967,0.962,0.967,0.959,688961.000
2020-05-08,0.970,0.971,0.974,0.967,826419.000
2020-05-11,0.980,0.981,0.984,0.978,871086.000
2020-05-12,0.976,0.967,0.977,0.967,720454.000
2020-05-13,0.951,0.956,0.958,0.948,670651.000
2020-05-14,0.943,0.942,0.945,0.938,960035.000
2020-05-15,0.953,0.954,0.956,0.950,768741.000
2020-05-18,0.963,0.968,0.969,0.961,374285.000
2020-05-19,0.986,0.993,0.994,0.983,494835.000
2020-05-20,0.985,0.982,0.985,0.979,1400237.000
2020-05-21,0.991,0.984,0.991,0.984,931974.000
2020-05-22,0.984,0.977,0.985,0.975,450563.000
2020-05-25,0.985,0.994,0.995,0.985,729416.000
2020-05-26,1.002,1.010,1.010,1.000,473933.000
2020-05-27,1.005,1.010,1.012,1.003,459596.000
2020-05-28,1.020,1.022,1.026,1.020,463557.000
2020-05-29,1.011,1.015,1.016,1.010,592143.000
2020-06-01,1.016,1.017,1.020,1.015,500418.000
2020-06-02,1.017,1.018,1.020,1.015,555707.000
2020-06-03,1.028,1.031,1.033,1.026,489800.000
2020-06-04,1.040,1.035,1.041,1.035,319910.000
2020-06-05,1.035,1.044,1.044,1.034,352392.000
2020-06-08,1.057,1.059,1.060,1.057,368786.000
2020-06-09,1.072,1.074,1.075,1.066,418668.000
2020-06-10,1.073,1.071,1.074,1.068,515340.000
2020-06-11,1.062,1.042,1.062,1.040,780987.000
2020-06-12,1.001,1.010,1.017,1.000,804378.000
2020-06-15,1.000,0.981,1.001,0.979,860692.000
2020-06-16,1.018,1.029,1.037,1.016,786172.000
2020-06-17,1.037,1.040,1.042,1.033,376929.000
2020-06-18,1.025,1.030,1.032,1.023,498375.000
2020-06-19,1.032,1.036,1.036,1.032,1141280.000
2020-06-22,1.030,1.025,1.030,1.021,527486.000
2020-06-23,1.025,1.033,1.036,1.023,474752.000
2020-06-24,1.037,1.036,1.038,1.033,380053.000
2020-06-29,1.008,1.003,1.008,0.999,543938.000
2020-06-30,1.011,1.007,1.014,1.004,449848.000
2020-07-01,1.020,1.022,1.022,1.017,431429.000
2020-07-02,1.025,1.030,1.030,1.024,303132.000
2020-07-03,1.032,1.036,1.036,1.031,444248.000
2020-07-06,1.037,1.043,1.044,1.036,677160.000
2020-07-07,1.046,1.034,1.046,1.032,505729.000
2020-07-08,1.033,1.030,1.034,1.030,789733.000
2020-07-09,1.034,1.031,1.039,1.029,1723361.000
2020-07-10,1.029,1.019,1.029,1.012,646928.000
2020-07-13,1.038,1.044,1.046,1.035,781988.000
2020-07-14,1.033,1.036,1.037,1.026,635419.000
2020-07-15,1.048,1.052,1.054,1.048,294267.000
2020-07-16,1.059,1.048,1.059,1.046,279309.000
2020-07-17,1.049,1.053,1.055,1.042,306770.000
2020-07-20,1.053,1.049,1.054,1.046,327955.000
2020-07-21,1.061,1.066,1.068,1.059,552391.000
2020-07-22,1.064,1.063,1.070,1.060,593723.000
2020-07-23,1.069,1.074,1.074,1.069,222793.000
2020-07-24,1.059,1.054,1.063,1.051,298085.000
2020-07-27,1.054,1.055,1.061,1.053,398525.000
2020-07-28,1.062,1.061,1.067,1.060,413818.000
2020-07-29,1.057,1.058,1.059,1.053,255381.000
2020-07-30,1.064,1.062,1.067,1.062,172959.000
2020-07-31,1.067,1.067,1.074,1.064,554486.000
2020-08-03,1.071,1.068,1.077,1.068,442982.000
2020-08-04,1.074,1.077,1.079,1.074,365512.000
2020-08-05,1.077,1.081,1.085,1.077,177122.000
2020-08-06,1.087,1.088,1.089,1.084,257608.000
2020-08-07,1.092,1.100,1.100,1.092,256034.000
2020-08-10,1.100,1.107,1.109,1.098,143616.000
2020-08-11,1.106,1.103,1.110,1.101,147061.000
2020-08-12,1.092,1.094,1.095,1.085,360321.000
2020-08-13,1.101,1.106,1.108,1.101,631756.000
2020-08-14,1.105,1.106,1.107,1.103,100449.000
2020-08-17,1.106,1.106,1.107,1.102,214915.000
2020-08-18,1.107,1.105,1.113,1.105,321946.000
2020-08-19,1.107,1.111,1.111,1.107,139257.000
2020-08-20,1.105,1.098,1.105,1.096,298162.000
2020-08-21,1.101,1.103,1.105,1.101,396084.000
2020-08-24,1.109,1.114,1.115,1.107,450820.000
2020-08-25,1.125,1.142,1.147,1.124,351831.000
2020-08-26,1.149,1.130,1.151,1.127,455716.000
2020-08-27,1.145,1.145,1.146,1.136,314175.000
2020-08-28,1.144,1.153,1.163,1.139,246264.000
2020-08-31,1.159,1.163,1.165,1.158,155453.000
2020-09-01,1.164,1.148,1.168,1.140,314731.000
2020-09-02,1.162,1.167,1.167,1.155,261266.000
2020-09-03,1.190,1.233,1.238,1.177,548908.000
2020-09-04,1.150,1.159,1.189,1.140,872064.000
2020-09-07,1.154,1.105,1.154,1.105,606961.000
2020-09-08,1.119,1.126,1.128,1.108,670513.000
2020-09-09,1.078,1.084,1.095,1.076,350911.000
2020-09-10,1.108,1.098,1.108,1.097,583825.000
2020-09-11,1.083,1.087,1.088,1.076,348856.000
2020-09-14,1.085,1.088,1.089,1.081,418739.000
2020-09-15,1.090,1.089,1.093,1.085,554115.000
2020-09-16,1.092,1.095,1.101,1.092,389099.000
2020-09-17,1.088,1.073,1.088,1.072,358530.000
2020-09-18,1.070,1.077,1.078,1.067,321078.000
2020-09-21,1.070,1.063,1.071,1.060,204634.000
2020-09-22,1.056,1.050,1.057,1.048,241743.000
2020-09-23,1.059,1.060,1.062,1.055,199328.000
2020-09-24,1.039,1.036,1.048,1.036,221173.000
2020-09-25,1.043,1.045,1.047,1.043,144410.000
2020-09-28,1.060,1.062,1.066,1.056,646055.000
2020-09-29,1.074,1.074,1.078,1.073,662784.000
2020-09-30,1.074,1.062,1.075,1.058,310263.000
2020-10-09,1.098,1.096,1.098,1.090,354009.000
2020-10-12,1.102,1.104,1.105,1.101,418924.000
2020-10-13,1.118,1.122,1.128,1.116,656111.000
2020-10-14,1.116,1.117,1.118,1.112,638822.000
2020-10-15,1.106,1.100,1.106,1.099,867347.000
2020-10-16,1.103,1.105,1.108,1.102,266119.000
2020-10-19,1.109,1.106,1.112,1.104,468339.000
2020-10-20,1.091,1.088,1.091,1.086,180874.000
2020-10-21,1.088,1.091,1.092,1.086,200681.000
2020-10-22,1.084,1.078,1.084,1.075,547833.000
2020-10-23,1.083,1.087,1.090,1.082,257091.000
2020-10-26,1.086,1.081,1.086,1.078,237301.000
2020-10-27,1.070,1.078,1.078,1.069,474406.000
2020-10-28,1.068,1.063,1.069,1.063,296093.000
2020-10-29,1.041,1.044,1.046,1.040,350239.000
2020-10-30,1.038,1.024,1.038,1.022,505095.000
2020-11-02,1.029,1.034,1.037,1.029,284003.000
2020-11-03,1.046,1.053,1.055,1.046,291233.000
2020-11-04,1.062,1.070,1.089,1.062,1028181.000
2020-11-05,1.087,1.084,1.093,1.078,548292.000
2020-11-06,1.093,1.088,1.093,1.085,341082.000
2020-11-09,1.104,1.105,1.112,1.103,517038.000
2020-11-10,1.105,1.100,1.109,1.096,391081.000
2020-11-11,1.100,1.105,1.106,1.095,218039.000
2020-11-12,1.108,1.107,1.113,1.105,200302.000
2020-11-13,1.103,1.106,1.107,1.093,230811.000
2020-11-16,1.117,1.121,1.124,1.117,183637.000
2020-11-17,1.128,1.117,1.128,1.114,262215.000
2020-11-18,1.115,1.106,1.115,1.106,178999.000
2020-11-19,1.102,1.106,1.106,1.099,214331.000
2020-11-20,1.101,1.101,1.110,1.099,179998.000
2020-11-23,1.100,1.100,1.101,1.097,150697.000
2020-11-24,1.108,1.116,1.116,1.108,166707.000
2020-11-25,1.129,1.125,1.131,1.123,505099.000
2020-11-26,1.123,1.125,1.126,1.118,818768.000
2020-11-27,1.123,1.122,1.125,1.118,806015.000
2020-11-30,1.121,1.116,1.123,1.115,159098.000
2020-12-01,1.127,1.128,1.130,1.124,200050.000
2020-12-02,1.127,1.125,1.127,1.123,149253.000
2020-12-03,1.129,1.130,1.135,1.127,336101.000
2020-12-04,1.129,1.127,1.131,1.126,206688.000
2020-12-07,1.132,1.131,1.134,1.130,186832.000
2020-12-08,1.130,1.129,1.130,1.127,177942.000
2020-12-09,1.135,1.139,1.139,1.134,194483.000
2020-12-10,1.128,1.132,1.133,1.127,654542.000
2020-12-11,1.132,1.133,1.136,1.130,566550.000
2020-12-14,1.133,1.136,1.149,1.133,464936.000
2020-12-15,1.131,1.126,1.132,1.122,215240.000
2020-12-16,1.134,1.135,1.137,1.134,101978.000
2020-12-17,1.139,1.139,1.139,1.135,50351.000
2020-12-18,1.143,1.143,1.143,1.135,154878.000
2020-12-21,1.142,1.140,1.150,1.138,131674.000
2020-12-22,1.135,1.129,1.142,1.127,237571.000
2020-12-23,1.129,1.130,1.132,1.125,105347.000
2020-12-24,1.132,1.133,1.138,1.131,238479.000
2020-12-25,1.135,1.136,1.140,1.134,105772.000
2020-12-28,1.137,1.142,1.143,1.137,105758.000
2020-12-29,1.147,1.152,1.153,1.147,133658.000
2020-12-30,1.148,1.145,1.148,1.144,151725.000
2020-12-31,1.145,1.146,1.149,1.142,154074.000
2021-01-04,1.147,1.140,1.149,1.139,436978.000
2021-01-05,1.130,1.123,1.130,1.121,289516.000
2021-01-06,1.125,1.125,1.129,1.123,188659.000
2021-01-07,1.138,1.142,1.143,1.136,167649.000
2021-01-08,1.154,1.159,1.161,1.154,227211.000
2021-01-11,1.159,1.154,1.162,1.153,240130.000
2021-01-12,1.156,1.156,1.159,1.149,146251.000
2021-01-13,1.154,1.153,1.155,1.151,176732.000
2021-01-14,1.155,1.161,1.162,1.155,131723.000
2021-01-15,1.151,1.151,1.155,1.149,98972.000
2021-01-18,1.150,1.147,1.150,1.143,160565.000
2021-01-19,1.152,1.156,1.159,1.152,389491.000
2021-01-20,1.158,1.154,1.163,1.153,209534.000
2021-01-21,1.168,1.174,1.174,1.167,303626.000
2021-01-22,1.172,1.168,1.173,1.166,323820.000
2021-01-25,1.169,1.174,1.177,1.169,221094.000
2021-01-26,1.173,1.164,1.173,1.163,83511.000
2021-01-27,1.168,1.169,1.172,1.165,100612.000
2021-01-28,1.152,1.139,1.152,1.139,126387.000
2021-01-29,1.146,1.141,1.154,1.133,610635.000
2021-02-01,1.128,1.134,1.134,1.120,167103.000
2021-02-02,1.146,1.153,1.154,1.146,175776.000
2021-02-03,1.165,1.166,1.170,1.162,74778.000
2021-02-04,1.165,1.165,1.168,1.158,145408.000
2021-02-05,1.175,1.185,1.185,1.175,161819.000
2021-02-08,1.189,1.185,1.205,1.183,308732.000
2021-02-09,1.199,1.192,1.199,1.186,75464.000
2021-02-10,1.192,1.191,1.193,1.187,120172.000
2021-02-18,1.193,1.193,1.193,1.189,161708.000
2021-02-19,1.191,1.189,1.191,1.183,80807.000
2021-02-22,1.188,1.185,1.190,1.184,152073.000
2021-02-23,1.182,1.185,1.186,1.171,96866.000
2021-02-24,1.185,1.176,1.186,1.175,188612.000
2021-02-25,1.191,1.195,1.199,1.191,419496.000
2021-02-26,1.167,1.163,1.175,1.162,269814.000
2021-03-01,1.181,1.172,1.181,1.167,115218.000
2021-03-02,1.190,1.189,1.190,1.182,139574.000
2021-03-03,1.184,1.188,1.189,1.179,137428.000
2021-03-04,1.180,1.164,1.180,1.161,121460.000
2021-03-05,1.138,1.152,1.155,1.138,144597.000
2021-03-08,1.176,1.177,1.179,1.171,200356.000
2021-03-09,1.178,1.188,1.193,1.176,594387.000
2021-03-10,1.190,1.187,1.196,1.186,108377.000
2021-03-11,1.196,1.206,1.207,1.196,298746.000
2021-03-12,1.218,1.207,1.218,1.206,155710.000
2021-03-15,1.209,1.214,1.216,1.209,169258.000
2021-03-16,1.221,1.222,1.224,1.216,250327.000
2021-03-17,1.220,1.217,1.220,1.213,137450.000
2021-03-18,1.223,1.218,1.225,1.216,157202.000
2021-03-19,1.202,1.203,1.209,1.201,153796.000
2021-03-22,1.200,1.203,1.204,1.193,101484.000
2021-03-23,1.213,1.208,1.214,1.203,155972.000
2021-03-24,1.208,1.200,1.208,1.198,202643.000
2021-03-25,1.191,1.200,1.200,1.191,235640.000
2021-03-26,1.204,1.213,1.213,1.204,86344.000
2021-03-29,1.216,1.222,1.223,1.216,173413.000
2021-03-30,1.225,1.230,1.232,1.223,91590.000
2021-03-31,1.240,1.224,1.240,1.223,86925.000
2021-04-01,1.230,1.237,1.237,1.230,75012.000
2021-04-02,1.249,1.249,1.252,1.244,143960.000
2021-04-06,1.264,1.265,1.268,1.260,236974.000
2021-04-07,1.264,1.263,1.265,1.256,165311.000
2021-04-08,1.266,1.268,1.270,1.266,208352.000
2021-04-09,1.296,1.271,1.296,1.268,236071.000
2021-04-12,1.275,1.279,1.280,1.275,189187.000
2021-04-13,1.279,1.279,1.281,1.275,118240.000
2021-04-14,1.282,1.285,1.285,1.281,187550.000
2021-04-15,1.280,1.282,1.282,1.275,246880.000
2021-04-16,1.289,1.292,1.295,1.288,239290.000
2021-04-19,1.293,1.290,1.295,1.289,170224.000
2021-04-20,1.284,1.280,1.285,1.280,200978.000
2021-04-21,1.267,1.272,1.273,1.264,237937.000
2021-04-22,1.281,1.279,1.282,1.277,100321.000
2021-04-23,1.270,1.268,1.271,1.266,131813.000
2021-04-26,1.279,1.280,1.281,1.277,100418.000
2021-04-27,1.282,1.287,1.287,1.282,110228.000
2021-04-28,1.286,1.285,1.286,1.283,73685.000
2021-04-29,1.286,1.290,1.290,1.286,102160.000
2021-04-30,1.290,1.290,1.291,1.284,182736.000
2021-05-06,1.284,1.283,1.284,1.274,143093.000
2021-05-07,1.293,1.290,1.293,1.285,154925.000
2021-05-10,1.296,1.293,1.298,1.292,213150.000
2021-05-11,1.273,1.273,1.274,1.262,214659.000
2021-05-12,1.263,1.264,1.265,1.257,273711.000
2021-05-13,1.240,1.240,1.243,1.240,224489.000
2021-05-14,1.251,1.259,1.260,1.251,197900.000
2021-05-17,1.269,1.269,1.272,1.266,257537.000
2021-05-18,1.269,1.273,1.274,1.268,134573.000
2021-05-19,1.255,1.252,1.255,1.250,170668.000
2021-05-20,1.250,1.251,1.254,1.248,163317.000
2021-05-21,1.263,1.267,1.269,1.262,149868.000
2021-05-24,1.266,1.269,1.269,1.266,169091.000
2021-05-25,1.277,1.276,1.278,1.273,329308.000
2021-05-26,1.275,1.270,1.275,1.268,208999.000
2021-05-27,1.268,1.261,1.268,1.261,145477.000
2021-05-28,1.265,1.269,1.274,1.265,211971.000
2021-05-31,1.268,1.266,1.270,1.266,173225.000
2021-06-01,1.267,1.267,1.267,1.263,99355.000
2021-06-02,1.268,1.267,1.268,1.266,78516.000
2021-06-03,1.268,1.269,1.270,1.267,80162.000
2021-06-04,1.268,1.267,1.268,1.263,177806.000
2021-06-07,1.273,1.279,1.279,1.272,104389.000
2021-06-08,1.279,1.279,1.281,1.277,122304.000
2021-06-09,1.280,1.279,1.280,1.277,74973.000
2021-06-10,1.279,1.275,1.279,1.273,66054.000
2021-06-11,1.280,1.279,1.281,1.277,65792.000
2021-06-15,1.286,1.287,1.289,1.151,227268.000
2021-06-16,1.284,1.282,1.284,1.281,94407.000
2021-06-17,1.274,1.276,1.280,1.273,82439.000
2021-06-18,1.280,1.282,1.284,1.280,236225.000
2021-06-21,1.268,1.265,1.268,1.260,279683.000
2021-06-22,1.277,1.289,1.289,1.277,258770.000
2021-06-23,1.295,1.300,1.301,1.294,149401.000
2021-06-24,1.299,1.298,1.299,1.297,56575.000
2021-06-25,1.304,1.302,1.306,1.302,80851.000
2021-06-28,1.306,1.304,1.313,1.300,103000.000
2021-06-29,1.308,1.305,1.309,1.304,71608.000
2021-06-30,1.307,1.308,1.309,1.306,41054.000
2021-07-01,1.311,1.312,1.313,1.311,44941.000
2021-07-02,1.317,1.323,1.323,1.317,100008.000
2021-07-05,1.330,1.330,1.333,1.327,355104.000
2021-07-06,1.330,1.332,1.334,1.328,276096.000
2021-07-07,1.330,1.330,1.332,1.327,124329.000
2021-07-08,1.331,1.326,1.335,1.326,113101.000
2021-07-09,1.316,1.327,1.328,1.315,204859.000
2021-07-12,1.334,1.339,1.339,1.334,153101.000
2021-07-13,1.341,1.338,1.344,1.337,162622.000
2021-07-14,1.337,1.336,1.339,1.334,157537.000
2021-07-15,1.333,1.337,1.339,1.333,94855.000
2021-07-16,1.334,1.334,1.335,1.332,161566.000
2021-07-19,1.319,1.323,1.325,1.317,62457.000
2021-07-20,1.318,1.318,1.321,1.307,215494.000
2021-07-21,1.328,1.328,1.330,1.323,137800.000
2021-07-22,1.336,1.336,1.337,1.333,41430.000
2021-07-23,1.338,1.339,1.340,1.338,186278.000
2021-07-26,1.344,1.347,1.350,1.344,159720.000
2021-07-27,1.351,1.353,1.356,1.350,124408.000
2021-07-28,1.353,1.352,1.358,1.349,151373.000
2021-07-29,1.351,1.349,1.351,1.344,112832.000
2021-07-30,1.350,1.340,1.350,1.338,207817.000
2021-08-02,1.348,1.352,1.354,1.346,124214.000
2021-08-03,1.345,1.346,1.347,1.341,182306.000
2021-08-04,1.353,1.350,1.357,1.349,141328.000
2021-08-05,1.347,1.347,1.350,1.345,144168.000
2021-08-06,1.353,1.354,1.355,1.350,122655.000
2021-08-09,1.355,1.358,1.360,1.353,103183.000
2021-08-10,1.358,1.356,1.361,1.353,196291.000
2021-08-11,1.357,1.358,1.361,1.357,86216.000
2021-08-12,1.360,1.359,1.363,1.359,159511.000
2021-08-13,1.365,1.368,1.369,1.362,271125.000
2021-08-16,1.368,1.363,1.369,1.362,200723.000
2021-08-17,1.366,1.366,1.370,1.364,200067.000
2021-08-18,1.361,1.365,1.365,1.358,121581.000
2021-08-19,1.351,1.343,1.353,1.341,182790.000
2021-08-20,1.351,1.350,1.353,1.348,161773.000
2021-08-23,1.362,1.369,1.369,1.362,113332.000
2021-08-24,1.377,1.377,1.378,1.374,144024.000
2021-08-25,1.376,1.372,1.376,1.371,203596.000
2021-08-26,1.373,1.373,1.374,1.372,131541.000
2021-08-27,1.368,1.374,1.376,1.367,162648.000
2021-08-30,1.379,1.379,1.383,1.378,127619.000
2021-08-31,1.385,1.390,1.391,1.383,172084.000
2021-09-01,1.388,1.390,1.390,1.384,134069.000
2021-09-02,1.388,1.381,1.388,1.379,191007.000
2021-09-03,1.384,1.387,1.389,1.384,134615.000
2021-09-06,1.385,1.385,1.387,1.381,146825.000
2021-09-07,1.385,1.385,1.386,1.383,139167.000
2021-09-08,1.382,1.379,1.383,1.378,143531.000
2021-09-09,1.375,1.374,1.375,1.372,150507.000
2021-09-10,1.372,1.375,1.375,1.370,116373.000
2021-09-13,1.364,1.365,1.365,1.360,153850.000
2021-09-14,1.365,1.364,1.368,1.363,381864.000
2021-09-15,1.356,1.356,1.359,1.354,114579.000
2021-09-16,1.365,1.361,1.368,1.359,317691.000
2021-09-17,1.361,1.368,1.369,1.360,136877.000
2021-09-22,1.337,1.340,1.342,1.332,364049.000
2021-09-23,1.352,1.351,1.353,1.348,175087.000
2021-09-24,1.361,1.359,1.363,1.358,239278.000
2021-09-27,1.365,1.368,1.368,1.362,166971.000
2021-09-28,1.360,1.355,1.360,1.351,168626.000
2021-09-29,1.330,1.334,1.339,1.330,359890.000
2021-09-30,1.334,1.342,1.343,1.334,153168.000
2021-10-08,1.349,1.341,1.350,1.341,108196.000
2021-10-11,1.340,1.333,1.341,1.332,190157.000
2021-10-12,1.325,1.319,1.330,1.318,361280.000
2021-10-13,1.322,1.326,1.327,1.321,136520.000
2021-10-14,1.331,1.338,1.339,1.331,113381.000
2021-10-15,1.355,1.355,1.359,1.347,158495.000
2021-10-18,1.357,1.355,1.369,1.354,145710.000
2021-10-19,1.360,1.364,1.365,1.359,165303.000
2021-10-20,1.367,1.368,1.370,1.366,145412.000
2021-10-21,1.370,1.368,1.370,1.367,196687.000
2021-10-22,1.372,1.374,1.375,1.372,81219.000
2021-10-25,1.368,1.374,1.375,1.368,248207.000
2021-10-26,1.381,1.383,1.384,1.381,48771.000
2021-10-27,1.384,1.382,1.384,1.379,84600.000
2021-10-28,1.375,1.377,1.378,1.375,95716.000
2021-10-29,1.386,1.379,1.390,1.379,99502.000
2021-11-01,1.393,1.396,1.398,1.393,95751.000
2021-11-02,1.396,1.393,1.396,1.391,72157.000
2021-11-03,1.399,1.403,1.403,1.398,81429.000
2021-11-04,1.408,1.410,1.411,1.408,60028.000
2021-11-05,1.413,1.416,1.417,1.413,89743.000
2021-11-08,1.416,1.418,1.424,1.415,438967.000
2021-11-09,1.417,1.417,1.426,1.416,668167.000
2021-11-10,1.416,1.411,1.416,1.410,225055.000
2021-11-11,1.406,1.408,1.410,1.405,109909.000
2021-11-12,1.408,1.407,1.411,1.407,78888.000
2021-11-15,1.413,1.416,1.418,1.413,135007.000
2021-11-16,1.416,1.412,1.418,1.411,107436.000
2021-11-17,1.420,1.422,1.422,1.418,72040.000
2021-11-18,1.421,1.417,1.421,1.415,265195.000
2021-11-19,1.420,1.426,1.426,1.420,452045.000
2021-11-22,1.423,1.424,1.425,1.421,183413.000
2021-11-23,1.415,1.411,1.418,1.411,447957.000
2021-11-24,1.417,1.416,1.418,1.414,131444.000
2021-11-25,1.423,1.426,1.426,1.422,108501.000
2021-11-26,1.417,1.404,1.417,1.403,295835.000
2021-11-29,1.395,1.403,1.404,1.392,219060.000
2021-11-30,1.410,1.395,1.412,1.386,470950.000
2021-12-01,1.388,1.389,1.390,1.383,636716.000
2021-12-02,1.367,1.370,1.372,1.364,626371.000
2021-12-03,1.375,1.379,1.382,1.370,215842.000
2021-12-06,1.377,1.375,1.377,1.371,113591.000
2021-12-07,1.386,1.392,1.393,1.384,201696.000
2021-12-08,1.412,1.413,1.415,1.412,120813.000
2021-12-09,1.413,1.413,1.414,1.407,220508.000
2021-12-10,1.407,1.407,1.410,1.405,89169.000
2021-12-13,1.421,1.423,1.424,1.421,116137.000
2021-12-14,1.410,1.406,1.410,1.406,908895.000
2021-12-15,1.393,1.399,1.402,1.393,335238.000
2021-12-16,1.420,1.428,1.429,1.412,627040.000
2021-12-17,1.416,1.404,1.416,1.403,172666.000
2021-12-20,1.390,1.381,1.390,1.380,292416.000
2021-12-21,1.381,1.389,1.411,1.381,645011.000
2021-12-22,1.402,1.400,1.402,1.396,302479.000
2021-12-23,1.412,1.415,1.418,1.412,133884.000
2021-12-24,1.424,1.423,1.424,1.421,95693.000
2021-12-27,1.424,1.426,1.428,1.424,124908.000
2021-12-28,1.440,1.441,1.444,1.439,128646.000
2021-12-29,1.442,1.444,1.446,1.440,285632.000
2021-12-30,1.443,1.444,1.446,1.441,996026.000
2021-12-31,1.441,1.440,1.441,1.431,239721.000
2022-01-04,1.447,1.449,1.449,1.445,143701.000
2022-01-05,1.446,1.443,1.446,1.440,184573.000
2022-01-06,1.416,1.409,1.425,1.408,341038.000
2022-01-07,1.416,1.418,1.420,1.416,185530.000
2022-01-10,1.405,1.408,1.409,1.399,458966.000
2022-01-11,1.408,1.402,1.408,1.401,285060.000
2022-01-12,1.416,1.418,1.418,1.414,392037.000
2022-01-13,1.419,1.415,1.419,1.413,182299.000
2022-01-14,1.394,1.401,1.401,1.394,209279.000
2022-01-17,1.397,1.397,1.400,1.394,180071.000
2022-01-18,1.398,1.392,1.399,1.391,127913.000
2022-01-19,1.377,1.370,1.380,1.367,394009.000
2022-01-20,1.362,1.362,1.363,1.357,1053731.000
2022-01-21,1.335,1.335,1.336,1.329,814386.000
2022-01-24,1.327,1.319,1.327,1.318,890515.000
2022-01-25,1.305,1.303,1.308,1.297,729030.000
2022-01-26,1.300,1.301,1.303,1.297,378514.000
2022-01-27,1.294,1.276,1.294,1.273,1414609.000
2022-01-28,1.298,1.299,1.302,1.287,902588.000
2022-02-07,1.338,1.347,1.347,1.334,606852.000
2022-02-08,1.342,1.344,1.346,1.340,512353.000
2022-02-09,1.354,1.361,1.362,1.354,478096.000
2022-02-10,1.376,1.377,1.380,1.370,926129.000
2022-02-11,1.348,1.340,1.351,1.337,1180552.000
2022-02-14,1.327,1.328,1.329,1.323,806724.000
2022-02-15,1.324,1.319,1.324,1.316,652310.000
2022-02-16,1.335,1.336,1.336,1.333,341096.000
2022-02-17,1.333,1.332,1.338,1.328,575826.000
2022-02-18,1.311,1.314,1.320,1.308,757719.000
2022-02-21,1.306,1.309,1.309,1.301,1231244.000
2022-02-22,1.281,1.281,1.284,1.277,946668.000
2022-02-23,1.291,1.287,1.301,1.285,1462951.000
2022-02-24,1.250,1.233,1.254,1.230,1874264.000
2022-02-25,1.271,1.267,1.273,1.266,1726450.000
2022-02-28,1.282,1.277,1.283,1.269,651208.000
2022-03-01,1.297,1.303,1.304,1.297,1248063.000
2022-03-02,1.288,1.283,1.288,1.282,835690.000
2022-03-03,1.304,1.306,1.306,1.300,797863.000
2022-03-04,1.287,1.294,1.296,1.284,1042313.000
2022-03-07,1.272,1.277,1.282,1.269,749157.000
2022-03-08,1.265,1.237,1.265,1.234,1444797.000
2022-03-09,1.245,1.250,1.251,1.241,1162539.000
2022-03-10,1.273,1.273,1.276,1.271,389133.000
2022-03-11,1.265,1.272,1.273,1.262,642366.000
2022-03-14,1.265,1.269,1.271,1.263,583592.000
2022-03-15,1.257,1.252,1.259,1.251,1429063.000
2022-03-16,1.275,1.285,1.286,1.274,963753.000
2022-03-17,1.307,1.310,1.311,1.300,924635.000
2022-03-18,1.314,1.319,1.321,1.313,585142.000
2022-03-21,1.337,1.338,1.339,1.333,495459.000
2022-03-22,1.334,1.339,1.344,1.334,817059.000
2022-03-23,1.355,1.361,1.362,1.355,1681555.000
2022-03-24,1.342,1.344,1.348,1.341,826157.000
2022-03-25,1.356,1.365,1.365,1.356,848564.000
2022-03-28,1.365,1.368,1.371,1.364,1795436.000
2022-03-30,1.395,1.390,1.396,1.385,936969.000
2022-03-31,1.386,1.387,1.392,1.384,1392305.000
2022-04-01,1.365,1.371,1.371,1.365,973527.000
2022-04-06,1.360,1.371,1.372,1.360,529802.000
2022-04-07,1.351,1.352,1.353,1.345,725145.000
2022-04-08,1.356,1.365,1.365,1.356,1049582.000
2022-04-11,1.355,1.353,1.356,1.349,857063.000
2022-04-12,1.330,1.327,1.333,1.324,1388819.000
2022-04-13,1.329,1.338,1.339,1.328,1185768.000
2022-04-14,1.345,1.347,1.348,1.340,805672.000
2022-04-15,1.327,1.334,1.335,1.327,809510.000
2022-04-18,1.328,1.324,1.328,1.320,520349.000
2022-04-19,1.334,1.334,1.336,1.331,476947.000
2022-04-20,1.355,1.355,1.355,1.350,995290.000
2022-04-21,1.361,1.372,1.375,1.359,983871.000
2022-04-22,1.336,1.354,1.357,1.336,1055023.000
2022-04-25,1.317,1.310,1.319,1.309,2119051.000
2022-04-26,1.327,1.334,1.337,1.327,1218795.000
2022-04-27,1.299,1.302,1.305,1.298,2396587.000
2022-04-28,1.306,1.319,1.321,1.305,1093081.000
2022-04-29,1.336,1.340,1.347,1.333,1740012.000
2022-05-05,1.354,1.341,1.354,1.340,1997449.000
2022-05-06,1.300,1.309,1.315,1.295,2360962.000
2022-05-09,1.295,1.302,1.303,1.291,1542129.000
2022-05-10,1.272,1.278,1.278,1.269,3437210.000
2022-05-11,1.274,1.277,1.280,1.270,1829531.000
2022-05-12,1.256,1.255,1.261,1.253,1556285.000
2022-05-13,1.268,1.275,1.275,1.267,1556556.000
2022-05-16,1.297,1.281,1.299,1.277,2104944.000
2022-05-17,1.286,1.287,1.288,1.283,1734699.000
2022-05-18,1.302,1.299,1.304,1.297,733864.000
2022-05-19,1.250,1.251,1.258,1.247,3109521.000
2022-05-20,1.249,1.243,1.251,1.242,2550865.000
2022-05-23,1.246,1.247,1.248,1.241,1801333.000
2022-05-24,1.245,1.237,1.246,1.235,1950109.000
2022-05-25,1.241,1.248,1.249,1.241,2957436.000
2022-05-26,1.256,1.259,1.260,1.253,3729271.000
2022-05-27,1.285,1.287,1.295,1.282,2031444.000
2022-05-30,1.318,1.309,1.318,1.304,1728891.000
2022-05-31,1.303,1.304,1.309,1.301,1425599.000
2022-06-01,1.305,1.307,1.309,1.303,1209277.000
2022-06-02,1.295,1.292,1.297,1.290,1206947.000
2022-06-06,1.289,1.296,1.296,1.286,1445314.000
2022-06-07,1.292,1.289,1.292,1.285,1013821.000
2022-06-08,1.305,1.305,1.307,1.302,726959.000
2022-06-09,1.296,1.294,1.298,1.292,856815.000
2022-06-10,1.268,1.271,1.273,1.266,1370379.000
2022-06-13,1.230,1.218,1.230,1.215,1958989.000
2022-06-14,1.200,1.205,1.206,1.196,3055580.000
2022-06-15,1.196,1.192,1.196,1.187,2917586.000
2022-06-16,1.210,1.188,1.210,1.187,2164642.000
2022-06-17,1.166,1.169,1.173,1.160,2246812.000
2022-06-20,1.167,1.167,1.168,1.162,1760526.000
2022-06-21,1.173,1.181,1.184,1.171,2478063.000
2022-06-22,1.186,1.182,1.190,1.179,1954714.000
2022-06-23,1.188,1.190,1.191,1.184,2356021.000
2022-06-24,1.198,1.209,1.211,1.198,1842788.000
2022-06-27,1.230,1.235,1.240,1.229,1954253.000
2022-06-28,1.235,1.237,1.238,1.228,1312903.000
2022-06-29,1.208,1.208,1.214,1.207,1223090.000
2022-06-30,1.207,1.195,1.208,1.193,1620303.000
2022-07-01,1.196,1.191,1.198,1.188,1386357.000
2022-07-04,1.197,1.206,1.207,1.195,2024509.000
2022-07-05,1.213,1.216,1.216,1.210,1809278.000
2022-07-06,1.216,1.210,1.218,1.205,1780001.000
2022-07-07,1.214,1.221,1.223,1.213,1981103.000
2022-07-08,1.236,1.230,1.238,1.228,2175950.000
2022-07-11,1.230,1.223,1.230,1.222,1659244.000
2022-07-12,1.219,1.217,1.221,1.215,1607641.000
2022-07-13,1.215,1.217,1.217,1.212,2053090.000
2022-07-14,1.210,1.204,1.210,1.201,1617663.000
2022-07-15,1.210,1.209,1.215,1.208,1646054.000
2022-07-18,1.229,1.237,1.238,1.228,1916848.000
2022-07-19,1.222,1.222,1.224,1.220,1819476.000
2022-07-20,1.255,1.259,1.260,1.255,2289537.000
2022-07-21,1.261,1.262,1.265,1.258,1954638.000
2022-07-22,1.270,1.271,1.272,1.268,1500782.000
2022-07-25,1.258,1.260,1.262,1.257,1612424.000
2022-07-26,1.259,1.259,1.262,1.257,1504244.000
2022-07-27,1.259,1.263,1.263,1.258,2044830.000
2022-07-28,1.279,1.277,1.281,1.275,1588838.000
2022-07-29,1.300,1.304,1.306,1.299,1940370.000
2022-08-01,1.309,1.310,1.313,1.307,3034474.000
2022-08-02,1.310,1.306,1.311,1.306,2229976.000
2022-08-03,1.306,1.306,1.307,1.303,1954403.000
2022-08-04,1.321,1.319,1.324,1.319,1891833.000
2022-08-05,1.322,1.324,1.325,1.320,1574873.000
2022-08-08,1.320,1.328,1.328,1.317,3391028.000
2022-08-09,1.320,1.321,1.323,1.319,1440125.000
2022-08-10,1.316,1.313,1.317,1.312,1637385.000
2022-08-11,1.341,1.342,1.344,1.339,1046644.000
2022-08-12,1.338,1.342,1.343,1.338,898166.000
2022-08-15,1.356,1.361,1.363,1.356,1905373.000
2022-08-16,1.372,1.373,1.375,1.371,1547767.000
2022-08-17,1.376,1.374,1.378,1.374,1280062.000
2022-08-18,1.365,1.365,1.369,1.365,1615584.000
2022-08-19,1.373,1.367,1.376,1.367,1557222.000
2022-08-22,1.353,1.353,1.357,1.352,1893823.000
2022-08-23,1.339,1.335,1.341,1.332,1946537.000
2022-08-24,1.334,1.335,1.336,1.327,1768178.000
2022-08-25,1.340,1.351,1.352,1.340,1439837.000
2022-08-26,1.355,1.358,1.359,1.355,867581.000
2022-08-29,1.311,1.314,1.316,1.300,3354632.000
2022-08-30,1.314,1.318,1.319,1.312,1790069.000
2022-08-31,1.302,1.305,1.307,1.302,1684580.000
2022-09-01,1.284,1.282,1.285,1.277,1868294.000
2022-09-02,1.290,1.295,1.295,1.289,1294544.000
2022-09-05,1.281,1.291,1.291,1.281,1175273.000
2022-09-06,1.294,1.291,1.294,1.287,1835147.000
2022-09-07,1.278,1.281,1.282,1.274,4379781.000
2022-09-08,1.303,1.304,1.308,1.302,2356394.000
2022-09-09,1.312,1.312,1.315,1.310,1836649.000
2022-09-13,1.338,1.345,1.345,1.338,1753779.000
2022-09-14,1.291,1.290,1.293,1.284,4208355.000
2022-09-15,1.290,1.291,1.294,1.290,1966013.000
2022-09-16,1.273,1.270,1.274,1.268,3293881.000
2022-09-19,1.271,1.267,1.274,1.266,2604021.000
2022-09-20,1.281,1.284,1.285,1.279,1895304.000
2022-09-21,1.269,1.267,1.272,1.265,3222044.000
2022-09-22,1.240,1.245,1.248,1.238,4325231.000
2022-09-23,1.244,1.238,1.244,1.236,1358245.000
2022-09-26,1.218,1.216,1.225,1.214,2563223.000
2022-09-27,1.220,1.231,1.232,1.220,1873079.000
2022-09-28,1.223,1.216,1.223,1.212,1609754.000
2022-09-29,1.239,1.238,1.242,1.233,1678345.000
2022-09-30,1.215,1.215,1.219,1.210,2513905.000
2022-10-10,1.210,1.207,1.212,1.203,923625.000
2022-10-11,1.209,1.205,1.214,1.205,3630838.000
2022-10-12,1.206,1.212,1.213,1.203,1818027.000
2022-10-13,1.202,1.202,1.204,1.200,864297.000
2022-10-14,1.228,1.240,1.242,1.228,1439707.000
2022-10-17,1.212,1.216,1.217,1.210,2115781.000
2022-10-18,1.243,1.256,1.258,1.240,1830215.000
2022-10-19,1.260,1.253,1.264,1.251,1995524.000
2022-10-20,1.237,1.242,1.244,1.234,1787892.000
2022-10-21,1.232,1.232,1.235,1.229,1321896.000
2022-10-24,1.264,1.264,1.271,1.262,2352988.000
2022-10-25,1.283,1.288,1.289,1.282,2125839.000
2022-10-26,1.292,1.286,1.296,1.283,2638096.000
2022-10-27,1.291,1.298,1.299,1.290,2995979.000
2022-10-28,1.286,1.275,1.287,1.275,919172.000
2022-10-31,1.315,1.320,1.321,1.315,1743648.000
2022-11-01,1.321,1.325,1.326,1.317,2165247.000
2022-11-02,1.315,1.313,1.317,1.311,1545758.000
2022-11-03,1.285,1.288,1.291,1.283,2687614.000
2022-11-04,1.275,1.275,1.278,1.268,5587019.000
2022-11-07,1.277,1.284,1.284,1.275,3063410.000
2022-11-08,1.297,1.297,1.298,1.294,2279691.000
2022-11-09,1.301,1.302,1.312,1.300,2653358.000
2022-11-10,1.282,1.283,1.284,1.279,1786420.000
2022-11-11,1.349,1.339,1.349,1.328,3653796.000
2022-11-14,1.338,1.324,1.340,1.322,2385792.000
2022-11-15,1.321,1.326,1.327,1.321,2375796.000
2022-11-16,1.321,1.336,1.339,1.320,3282414.000
2022-11-17,1.327,1.335,1.336,1.326,1980835.000
2022-11-18,1.330,1.326,1.333,1.325,1314593.000
2022-11-21,1.328,1.336,1.340,1.327,3255345.000
2022-11-22,1.335,1.333,1.341,1.332,1668971.000
2022-11-23,1.346,1.351,1.351,1.346,733470.000
2022-11-24,1.362,1.361,1.364,1.360,946178.000
2022-11-25,1.366,1.367,1.367,1.363,922633.000
2022-11-28,1.365,1.361,1.367,1.358,1581041.000
2022-11-29,1.349,1.346,1.351,1.342,2072365.000
2022-11-30,1.336,1.337,1.339,1.335,1741530.000
2022-12-01,1.363,1.363,1.371,1.358,2540019.000
2022-12-02,1.354,1.358,1.358,1.354,958300.000
2022-12-05,1.345,1.337,1.348,1.334,1998270.000
2022-12-06,1.320,1.316,1.321,1.315,2509067.000
2022-12-07,1.299,1.298,1.302,1.297,2886954.000
2022-12-08,1.290,1.295,1.295,1.289,1751827.000
2022-12-09,1.300,1.305,1.305,1.299,1380900.000
2022-12-12,1.292,1.294,1.295,1.292,1087828.000
2022-12-13,1.312,1.314,1.315,1.311,1366820.000
2022-12-14,1.322,1.325,1.325,1.321,1064716.000
2022-12-15,1.314,1.313,1.315,1.310,981047.000
2022-12-16,1.282,1.284,1.285,1.281,1928690.000
2022-12-19,1.271,1.270,1.273,1.270,1404986.000
2022-12-20,1.260,1.251,1.263,1.246,3250357.000
2022-12-21,1.262,1.266,1.267,1.262,1783452.000
2022-12-22,1.282,1.281,1.284,1.281,1125892.000
2022-12-23,1.261,1.266,1.266,1.261,1950698.000
2022-12-26,1.270,1.270,1.272,1.269,704950.000
2022-12-27,1.276,1.274,1.277,1.272,801650.000
2022-12-28,1.260,1.260,1.262,1.258,1935517.000
2022-12-29,1.245,1.244,1.248,1.242,2058254.000
2022-12-30,1.261,1.255,1.263,1.255,1614353.000
2023-01-03,1.250,1.250,1.252,1.246,3182964.000
2023-01-04,1.247,1.245,1.249,1.243,2553710.000
2023-01-05,1.250,1.246,1.251,1.245,3550161.000
2023-01-06,1.237,1.238,1.241,1.235,2835184.000
2023-01-09,1.254,1.254,1.255,1.251,1975588.000
2023-01-10,1.248,1.248,1.249,1.242,2871258.000
2023-01-11,1.255,1.256,1.258,1.254,2254070.000
2023-01-12,1.264,1.264,1.266,1.262,2048980.000
2023-01-13,1.263,1.261,1.263,1.259,1108488.000
2023-01-16,1.263,1.262,1.264,1.260,1859250.000
2023-01-17,1.264,1.267,1.268,1.263,1193614.000
2023-01-18,1.266,1.273,1.275,1.265,1366548.000
2023-01-19,1.250,1.248,1.252,1.248,2060328.000
2023-01-20,1.243,1.250,1.251,1.242,1691937.000
2023-01-30,1.284,1.284,1.287,1.283,2964520.000
2023-01-31,1.276,1.273,1.278,1.272,1279524.000
2023-02-01,1.287,1.290,1.290,1.286,1557982.000
2023-02-02,1.301,1.303,1.304,1.300,1328144.000
2023-02-03,1.315,1.314,1.316,1.313,1382468.000
2023-02-06,1.315,1.309,1.318,1.309,1244153.000
2023-02-07,1.312,1.311,1.313,1.310,708030.000
2023-02-08,1.321,1.325,1.326,1.321,1501436.000
2023-02-09,1.315,1.320,1.321,1.315,2589860.000
2023-02-10,1.302,1.302,1.305,1.302,1090537.000
2023-02-13,1.304,1.309,1.309,1.304,797244.000
2023-02-14,1.322,1.326,1.326,1.322,1167357.000
2023-02-15,1.325,1.323,1.326,1.322,736631.000
2023-02-16,1.336,1.338,1.339,1.335,940281.000
2023-02-17,1.323,1.316,1.324,1.315,731021.000
2023-02-20,1.317,1.317,1.319,1.315,914389.000
2023-02-21,1.312,1.313,1.314,1.311,659342.000
2023-02-22,1.293,1.298,1.300,1.293,948190.000
2023-02-23,1.301,1.300,1.301,1.298,677455.000
2023-02-24,1.303,1.307,1.308,1.302,673538.000
2023-02-27,1.302,1.301,1.304,1.300,736889.000
2023-02-28,1.307,1.301,1.307,1.299,613022.000
2023-03-01,1.293,1.291,1.294,1.290,1822190.000
2023-03-02,1.282,1.278,1.282,1.274,1685387.000
2023-03-03,1.288,1.292,1.292,1.287,1093549.000
2023-03-06,1.312,1.316,1.318,1.311,1317973.000
2023-03-07,1.321,1.320,1.324,1.320,1105346.000
2023-03-08,1.306,1.304,1.308,1.303,881025.000
2023-03-09,1.305,1.307,1.308,1.303,744654.000
2023-03-10,1.279,1.275,1.280,1.273,1754948.000
2023-03-13,1.270,1.277,1.278,1.268,2489614.000
2023-03-14,1.251,1.251,1.261,1.246,2231361.000
2023-03-15,1.270,1.272,1.272,1.268,1535255.000
2023-03-16,1.265,1.264,1.271,1.264,1174695.000
2023-03-17,1.283,1.281,1.283,1.278,1163353.000
2023-03-20,1.275,1.259,1.276,1.256,1780639.000
2023-03-21,1.278,1.281,1.282,1.278,1025774.000
2023-03-22,1.293,1.295,1.297,1.293,1166899.000
2023-03-23,1.274,1.274,1.277,1.272,1871087.000
2023-03-24,1.273,1.276,1.277,1.269,1251170.000
2023-03-27,1.287,1.292,1.293,1.287,1282239.000
2023-03-28,1.287,1.291,1.292,1.286,821433.000
2023-03-29,1.290,1.296,1.297,1.288,787513.000
2023-03-30,1.306,1.305,1.308,1.304,959719.000
2023-03-31,1.311,1.308,1.311,1.307,1014246.000
2023-04-03,1.325,1.326,1.327,1.324,915338.000
2023-04-04,1.331,1.334,1.334,1.331,827667.000
2023-04-06,1.322,1.321,1.322,1.319,838756.000
2023-04-07,1.326,1.326,1.327,1.324,948519.000
2023-04-10,1.326,1.325,1.329,1.324,438843.000
2023-04-11,1.331,1.332,1.332,1.330,538491.000
2023-04-12,1.332,1.330,1.332,1.329,907352.000
2023-04-13,1.323,1.325,1.326,1.321,868566.000
2023-04-14,1.338,1.332,1.339,1.331,759902.000
2023-04-17,1.339,1.339,1.341,1.337,531228.000
2023-04-18,1.340,1.341,1.343,1.340,632172.000
2023-04-19,1.342,1.341,1.342,1.340,540698.000
2023-04-20,1.341,1.340,1.344,1.339,865885.000
2023-04-21,1.336,1.336,1.337,1.334,594060.000
2023-04-24,1.336,1.334,1.339,1.333,829944.000
2023-04-25,1.339,1.339,1.340,1.338,583124.000
2023-04-26,1.333,1.330,1.335,1.330,1161876.000
2023-04-27,1.324,1.323,1.325,1.323,791090.000
2023-04-28,1.343,1.343,1.345,1.341,1236774.000
2023-05-04,1.327,1.331,1.331,1.325,1196714.000
2023-05-05,1.326,1.326,1.327,1.323,667732.000
2023-05-08,1.342,1.344,1.345,1.342,847383.000
2023-05-09,1.344,1.345,1.346,1.344,721542.000
2023-05-10,1.343,1.345,1.345,1.341,695832.000
2023-05-11,1.351,1.352,1.354,1.351,1093224.000
2023-05-12,1.354,1.353,1.355,1.352,654960.000
2023-05-15,1.349,1.353,1.354,1.348,753742.000
2023-05-16,1.352,1.352,1.354,1.351,581438.000
2023-05-17,1.353,1.355,1.357,1.353,751271.000
2023-05-18,1.369,1.373,1.373,1.368,918986.000
2023-05-19,1.393,1.394,1.399,1.393,3499717.000
2023-05-22,1.385,1.388,1.390,1.385,1259979.000
2023-05-23,1.395,1.394,1.399,1.393,1108185.000
2023-05-24,1.381,1.381,1.384,1.377,1451237.000
2023-05-25,1.377,1.380,1.380,1.375,1723102.000
2023-05-26,1.380,1.379,1.381,1.377,888793.000
2023-05-29,1.403,1.407,1.407,1.402,1224982.000
2023-05-30,1.404,1.413,1.414,1.403,1047513.000
2023-05-31,1.406,1.402,1.410,1.400,1270819.000
2023-06-01,1.400,1.404,1.405,1.397,869517.000
2023-06-02,1.414,1.412,1.415,1.408,1172405.000
2023-06-05,1.432,1.438,1.439,1.431,1435973.000
2023-06-06,1.434,1.433,1.436,1.432,957900.000
2023-06-07,1.436,1.440,1.442,1.435,1086606.000
2023-06-08,1.436,1.433,1.439,1.432,1280196.000
2023-06-09,1.440,1.441,1.445,1.438,1766414.000
2023-06-12,1.448,1.453,1.453,1.448,977433.000
2023-06-13,1.465,1.471,1.472,1.464,1983998.000
2023-06-14,1.478,1.476,1.478,1.474,1242121.000
2023-06-15,1.478,1.472,1.479,1.469,2172845.000
2023-06-16,1.482,1.484,1.487,1.481,1656276.000
2023-06-19,1.483,1.484,1.484,1.482,761145.000
2023-06-20,1.484,1.487,1.490,1.484,787514.000
2023-06-21,1.487,1.487,1.490,1.486,1205427.000
2023-06-26,1.478,1.482,1.483,1.478,1139579.000
2023-06-27,1.478,1.474,1.478,1.472,1126174.000
2023-06-28,1.485,1.489,1.490,1.485,1100214.000
2023-06-29,1.494,1.496,1.498,1.494,1089485.000
2023-06-30,1.506,1.503,1.507,1.502,1328655.000
2023-07-03,1.521,1.522,1.523,1.518,1627550.000
2023-07-04,1.520,1.516,1.521,1.516,1039513.000
2023-07-05,1.517,1.515,1.517,1.514,782437.000
2023-07-06,1.517,1.512,1.518,1.511,1012752.000
2023-07-07,1.503,1.502,1.507,1.501,1689896.000
2023-07-10,1.494,1.492,1.496,1.492,826143.000
2023-07-11,1.500,1.499,1.502,1.495,839456.000
2023-07-12,1.505,1.506,1.506,1.502,777240.000
2023-07-13,1.513,1.516,1.517,1.512,1198616.000
2023-07-14,1.519,1.513,1.519,1.512,1136577.000
2023-07-17,1.515,1.521,1.521,1.514,1015649.000
2023-07-18,1.525,1.528,1.529,1.524,868373.000
2023-07-19,1.543,1.552,1.553,1.543,1695441.000
2023-07-20,1.549,1.541,1.549,1.540,1605045.000
2023-07-21,1.531,1.536,1.537,1.530,1284214.000
2023-07-24,1.535,1.541,1.542,1.534,1330105.000
2023-07-25,1.540,1.538,1.540,1.535,1532622.000
2023-07-26,1.541,1.541,1.542,1.539,805480.000
2023-07-27,1.542,1.545,1.546,1.537,1521880.000
2023-07-28,1.535,1.534,1.537,1.531,1831845.000
2023-07-31,1.542,1.539,1.543,1.537,1466143.000
2023-08-01,1.546,1.549,1.550,1.545,1157801.000
2023-08-02,1.542,1.537,1.543,1.536,1725216.000
2023-08-03,1.525,1.523,1.529,1.523,1695616.000
2023-08-04,1.520,1.526,1.529,1.519,1343717.000
2023-08-07,1.517,1.518,1.521,1.517,1327262.000
2023-08-08,1.528,1.529,1.530,1.526,806956.000
2023-08-09,1.528,1.529,1.529,1.525,779762.000
2023-08-10,1.520,1.521,1.521,1.517,679413.000
2023-08-11,1.521,1.522,1.523,1.519,566344.000
2023-08-14,1.523,1.525,1.525,1.520,1079149.000
2023-08-15,1.538,1.541,1.543,1.538,1362642.000
2023-08-16,1.528,1.524,1.528,1.522,1042731.000
2023-08-17,1.513,1.515,1.517,1.512,1335221.000
2023-08-18,1.495,1.497,1.499,1.494,1720350.000
2023-08-21,1.497,1.503,1.503,1.496,2291253.000
2023-08-22,1.503,1.509,1.510,1.501,2101004.000
2023-08-23,1.507,1.510,1.510,1.506,999433.000
2023-08-24,1.528,1.532,1.536,1.527,3891149.000
2023-08-25,1.503,1.501,1.504,1.499,1152175.000
2023-08-28,1.508,1.515,1.516,1.507,827524.000
2023-08-29,1.523,1.524,1.526,1.521,1029964.000
2023-08-30,1.544,1.545,1.547,1.544,1083161.000
2023-08-31,1.549,1.553,1.556,1.549,1472921.000
2023-09-01,1.542,1.544,1.547,1.541,772000.000
2023-09-04,1.546,1.547,1.549,1.545,802455.000
2023-09-05,1.546,1.548,1.550,1.546,615692.000
2023-09-06,1.548,1.548,1.550,1.546,681220.000
2023-09-07,1.538,1.535,1.539,1.535,714217.000
2023-09-08,1.538,1.544,1.545,1.537,816142.000
2023-09-11,1.543,1.536,1.544,1.531,1248707.000
2023-09-12,1.539,1.541,1.542,1.538,596768.000
2023-09-13,1.532,1.530,1.533,1.528,1126912.000
2023-09-14,1.533,1.537,1.538,1.532,891516.000
2023-09-15,1.549,1.548,1.550,1.542,1146131.000
2023-09-18,1.528,1.531,1.533,1.528,754705.000
2023-09-19,1.531,1.530,1.533,1.529,641513.000
2023-09-20,1.528,1.528,1.530,1.526,687076.000
2023-09-21,1.512,1.512,1.512,1.507,1292650.000
2023-09-22,1.489,1.493,1.493,1.488,1386959.000
2023-09-25,1.488,1.490,1.491,1.485,1158746.000
2023-09-26,1.489,1.483,1.490,1.483,1050651.000
2023-09-27,1.473,1.475,1.476,1.470,2182767.000
2023-09-28,1.477,1.471,1.477,1.470,1316512.000
2023-10-09,1.472,1.470,1.473,1.466,1404122.000
2023-10-10,1.489,1.490,1.490,1.487,867845.000
2023-10-11,1.496,1.499,1.500,1.495,722789.000
2023-10-12,1.507,1.510,1.510,1.507,808137.000
2023-10-13,1.500,1.497,1.500,1.496,857126.000
2023-10-16,1.492,1.496,1.496,1.492,979112.000
2023-10-17,1.506,1.507,1.507,1.504,751921.000
2023-10-18,1.504,1.505,1.508,1.502,1129600.000
2023-10-19,1.493,1.485,1.494,1.482,1162066.000
2023-10-20,1.471,1.467,1.472,1.465,2137497.000
2023-10-23,1.455,1.457,1.457,1.453,1795474.000
2023-10-24,1.453,1.455,1.456,1.448,1462603.000
2023-10-25,1.458,1.456,1.460,1.455,605334.000
2023-10-26,1.433,1.433,1.435,1.430,1447441.000
2023-10-27,1.430,1.433,1.433,1.429,1032017.000
2023-10-30,1.426,1.427,1.427,1.422,994988.000
2023-10-31,1.432,1.431,1.433,1.428,967181.000
2023-11-01,1.440,1.446,1.447,1.439,1081064.000
2023-11-02,1.462,1.463,1.466,1.461,1046117.000
2023-11-03,1.485,1.486,1.487,1.484,810324.000
2023-11-06,1.494,1.494,1.496,1.493,783588.000
2023-11-07,1.492,1.492,1.494,1.490,838509.000
2023-11-08,1.497,1.497,1.499,1.495,635199.000
2023-11-09,1.498,1.505,1.505,1.497,741040.000
2023-11-10,1.495,1.493,1.495,1.490,567001.000
2023-11-13,1.512,1.513,1.514,1.510,959236.000
2023-11-14,1.512,1.518,1.518,1.511,976650.000
2023-11-15,1.543,1.539,1.544,1.537,926938.000
2023-11-16,1.538,1.541,1.542,1.535,1063853.000
2023-11-17,1.542,1.540,1.544,1.538,2421909.000
2023-11-20,1.532,1.524,1.534,1.523,1830395.000
2023-11-21,1.530,1.530,1.533,1.529,524085.000
2023-11-22,1.528,1.528,1.528,1.525,1348124.000
2023-11-23,1.534,1.533,1.537,1.531,892123.000
2023-11-24,1.534,1.535,1.536,1.533,439638.000
2023-11-27,1.534,1.534,1.534,1.530,644983.000
2023-11-28,1.533,1.535,1.535,1.533,471473.000
2023-11-29,1.532,1.532,1.533,1.530,525499.000
2023-11-30,1.532,1.531,1.535,1.529,699741.000
2023-12-01,1.535,1.539,1.540,1.535,802561.000
2023-12-04,1.544,1.547,1.548,1.543,940068.000
2023-12-05,1.539,1.534,1.539,1.534,473204.000
2023-12-06,1.545,1.546,1.546,1.544,609862.000
2023-12-07,1.536,1.533,1.539,1.533,674724.000
2023-12-08,1.544,1.545,1.547,1.543,846715.000
2023-12-11,1.557,1.559,1.562,1.556,868830.000
2023-12-12,1.566,1.567,1.570,1.565,1286467.000
2023-12-13,1.575,1.576,1.579,1.574,1033878.000
2023-12-14,1.594,1.593,1.596,1.591,1773817.000
2023-12-15,1.587,1.586,1.589,1.584,1354442.000
2023-12-18,1.590,1.593,1.593,1.589,728628.000
2023-12-19,1.598,1.601,1.601,1.597,679754.000
2023-12-20,1.605,1.609,1.610,1.605,1119707.000
2023-12-21,1.587,1.588,1.589,1.583,2964855.000
2023-12-22,1.598,1.597,1.599,1.594,985222.000
2023-12-25,1.600,1.600,1.602,1.598,387992.000
2023-12-26,1.601,1.605,1.606,1.600,1171438.000
2023-12-27,1.608,1.608,1.609,1.605,1087976.000
2023-12-28,1.610,1.605,1.610,1.603,1131789.000
2023-12-29,1.602,1.603,1.605,1.598,1387400.000
2024-01-02,1.600,1.607,1.607,1.600,635475.000
2024-01-03,1.597,1.595,1.600,1.595,1084673.000
2024-01-04,1.588,1.589,1.590,1.586,683809.000
2024-01-05,1.586,1.582,1.588,1.582,866172.000
2024-01-08,1.586,1.584,1.587,1.583,931610.000
2024-01-09,1.605,1.611,1.611,1.605,1970037.000
2024-01-10,1.611,1.610,1.613,1.609,1277460.000
2024-01-11,1.620,1.623,1.623,1.619,1368574.000
2024-01-12,1.615,1.616,1.616,1.612,923408.000
2024-01-15,1.619,1.624,1.625,1.618,1240203.000
2024-01-16,1.619,1.616,1.620,1.616,853985.000
2024-01-17,1.619,1.609,1.620,1.608,2173808.000
2024-01-18,1.609,1.610,1.611,1.605,1319013.000
2024-01-19,1.623,1.626,1.628,1.622,2108838.000
2024-01-22,1.651,1.652,1.655,1.648,3260748.000
2024-01-23,1.651,1.656,1.665,1.645,3124121.000
2024-01-24,1.660,1.674,1.688,1.658,2486817.000
2024-01-25,1.672,1.666,1.672,1.655,1586860.000
2024-01-26,1.665,1.654,1.671,1.653,2177410.000
2024-01-29,1.654,1.661,1.662,1.654,968075.000
2024-01-30,1.674,1.681,1.681,1.673,1393901.000
2024-01-31,1.670,1.674,1.676,1.666,1602879.000
2024-02-01,1.655,1.660,1.662,1.649,1660664.000
2024-02-02,1.677,1.688,1.689,1.677,1270892.000
2024-02-05,1.702,1.695,1.703,1.683,1756807.000
2024-02-06,1.692,1.695,1.699,1.686,1301725.000
2024-02-07,1.694,1.701,1.705,1.691,1249245.000
2024-02-08,1.715,1.745,1.750,1.715,1725307.000
2024-02-19,1.739,1.737,1.741,1.719,970140.000
2024-02-20,1.738,1.731,1.739,1.727,733833.000
2024-02-21,1.720,1.717,1.723,1.712,1890579.000
2024-02-22,1.729,1.741,1.742,1.728,936389.000
2024-02-23,1.762,1.766,1.775,1.762,1187910.000
2024-02-26,1.764,1.755,1.764,1.752,1003777.000
2024-02-27,1.751,1.761,1.764,1.747,1475569.000
2024-02-28,1.762,1.783,1.786,1.759,1679058.000
2024-02-29,1.777,1.772,1.778,1.765,2247553.000
2024-03-01,1.782,1.781,1.789,1.780,1586048.000
2024-03-04,1.789,1.794,1.796,1.789,1256753.000
2024-03-05,1.784,1.789,1.792,1.781,1200737.000
2024-03-06,1.776,1.781,1.784,1.772,1700494.000
2024-03-07,1.784,1.776,1.788,1.772,1545118.000
2024-03-08,1.791,1.800,1.801,1.791,1533657.000
2024-03-11,1.790,1.794,1.794,1.780,1488654.000
2024-03-12,1.794,1.788,1.799,1.785,1399737.000
2024-03-13,1.800,1.783,1.800,1.780,1416734.000
2024-03-14,1.784,1.784,1.784,1.778,751823.000
2024-03-15,1.778,1.775,1.782,1.774,1072428.000
2024-03-18,1.773,1.781,1.782,1.764,1535795.000
2024-03-19,1.775,1.774,1.780,1.772,1177598.000
2024-03-20,1.783,1.790,1.792,1.779,1261109.000
2024-03-21,1.801,1.826,1.840,1.800,2423573.000
2024-03-22,1.827,1.837,1.852,1.819,2359895.000
2024-03-25,1.838,1.825,1.846,1.816,2226642.000
2024-03-26,1.826,1.832,1.833,1.821,1045619.000
2024-03-27,1.827,1.844,1.848,1.825,1283638.000
2024-03-28,1.851,1.868,1.877,1.848,3028368.000
2024-03-29,1.868,1.856,1.899,1.852,3633389.000
2024-04-01,1.863,1.849,1.886,1.845,1996979.000
2024-04-02,1.844,1.842,1.848,1.831,2725711.000
2024-04-03,1.830,1.802,1.831,1.797,3380552.000
2024-04-08,1.807,1.807,1.811,1.791,2210781.000
2024-04-09,1.806,1.813,1.819,1.795,2603800.000
2024-04-10,1.815,1.810,1.818,1.800,1042371.000
2024-04-11,1.790,1.788,1.793,1.783,1672230.000
2024-04-12,1.801,1.802,1.807,1.799,1279002.000
2024-04-15,1.776,1.783,1.785,1.771,1198736.000
2024-04-16,1.760,1.741,1.760,1.740,2160224.000
2024-04-17,1.742,1.734,1.747,1.733,1254792.000
2024-04-18,1.725,1.730,1.732,1.723,1443337.000
2024-04-19,1.710,1.709,1.710,1.693,2029285.000
2024-04-22,1.702,1.716,1.716,1.701,1694642.000
2024-04-23,1.722,1.728,1.731,1.719,1779765.000
2024-04-24,1.750,1.766,1.768,1.750,1869810.000
2024-04-25,1.749,1.739,1.753,1.737,1279030.000
2024-04-26,1.754,1.746,1.758,1.745,1290618.000
2024-04-29,1.758,1.754,1.760,1.750,1007109.000
2024-04-30,1.755,1.758,1.760,1.753,823675.000
2024-05-06,1.758,1.759,1.760,1.753,920988.000
2024-05-07,1.772,1.777,1.781,1.771,1147035.000
2024-05-08,1.779,1.784,1.785,1.775,1091684.000
2024-05-09,1.786,1.779,1.789,1.779,1466310.000
2024-05-10,1.789,1.799,1.800,1.788,878813.000
2024-05-13,1.801,1.807,1.810,1.799,788139.000
2024-05-14,1.801,1.807,1.809,1.797,991864.000
2024-05-15,1.817,1.826,1.827,1.816,1092086.000
2024-05-16,1.849,1.850,1.858,1.845,1233365.000
2024-05-17,1.844,1.844,1.846,1.840,942090.000
2024-05-20,1.844,1.834,1.850,1.829,1863960.000
2024-05-21,1.836,1.835,1.840,1.832,1113187.000
2024-05-22,1.840,1.844,1.845,1.837,897985.000
2024-05-23,1.843,1.849,1.853,1.841,1331571.000
2024-05-24,1.829,1.818,1.829,1.818,1587953.000
2024-05-27,1.829,1.834,1.836,1.828,654352.000
2024-05-28,1.836,1.838,1.841,1.834,572041.000
2024-05-29,1.835,1.829,1.835,1.827,509011.000
2024-05-30,1.807,1.806,1.817,1.805,930375.000
2024-05-31,1.793,1.807,1.808,1.793,823001.000
2024-06-03,1.826,1.835,1.836,1.825,875753.000
2024-06-04,1.835,1.838,1.838,1.827,775006.000
2024-06-05,1.841,1.847,1.848,1.840,590447.000
2024-06-06,1.874,1.873,1.880,1.871,984800.000
2024-06-07,1.870,1.882,1.883,1.870,678200.000
2024-06-11,1.884,1.889,1.897,1.884,989433.000
2024-06-12,1.896,1.892,1.898,1.890,1141583.000
2024-06-13,1.908,1.909,1.913,1.906,818673.000
2024-06-14,1.907,1.903,1.909,1.900,1048154.000
2024-06-17,1.903,1.893,1.907,1.883,1632288.000
2024-06-18,1.906,1.902,1.909,1.899,1149279.000
2024-06-19,1.904,1.904,1.907,1.902,634292.000
2024-06-20,1.905,1.921,1.922,1.905,759909.000
2024-06-21,1.907,1.914,1.916,1.900,1133320.000
2024-06-24,1.912,1.910,1.913,1.904,621390.000
2024-06-25,1.901,1.907,1.910,1.898,992034.000
2024-06-26,1.920,1.933,1.935,1.914,941852.000
2024-06-27,1.933,1.948,1.950,1.927,1468851.000
2024-06-28,1.955,1.971,1.985,1.955,2087549.000
2024-07-01,1.965,1.967,1.978,1.958,1245455.000
2024-07-02,1.975,1.971,1.987,1.969,1405085.000
2024-07-03,1.990,1.999,2.000,1.989,1121194.000
2024-07-04,2.018,1.977,2.035,1.968,2556542.000
2024-07-05,1.974,1.993,1.996,1.973,1339065.000
2024-07-08,2.004,1.999,2.008,1.989,1127275.000
2024-07-09,2.001,1.996,2.002,1.993,1207070.000
2024-07-10,1.995,1.985,1.996,1.970,1315036.000
2024-07-11,1.999,2.004,2.004,1.996,988551.000
2024-07-12,1.984,1.974,1.984,1.945,1707796.000
2024-07-15,1.983,2.024,2.025,1.983,1978925.000
2024-07-16,2.029,2.028,2.045,2.015,1253185.000
2024-07-17,2.039,2.053,2.067,2.038,1799228.000
2024-07-18,2.002,2.027,2.032,1.984,1748145.000
2024-07-19,2.010,1.979,2.014,1.977,1583370.000
2024-07-22,1.955,1.956,1.965,1.950,1377124.000
2024-07-23,1.979,1.983,1.992,1.978,1081700.000
2024-07-24,1.975,1.968,1.980,1.966,776452.000
2024-07-25,1.912,1.911,1.918,1.900,1311021.000
2024-07-26,1.901,1.927,1.929,1.901,929012.000
2024-07-29,1.948,1.972,1.973,1.948,1068190.000
2024-07-30,1.963,1.962,1.970,1.947,944175.000
2024-07-31,1.959,1.948,1.962,1.940,2268018.000
2024-08-01,1.979,1.972,1.980,1.967,1343518.000
2024-08-02,1.928,1.912,1.943,1.908,1486308.000
2024-08-05,1.840,1.785,1.840,1.773,3336797.000
2024-08-06,1.813,1.804,1.826,1.799,2723550.000
2024-08-07,1.807,1.811,1.826,1.803,1790875.000
2024-08-08,1.793,1.799,1.802,1.782,1068806.000
2024-08-09,1.836,1.835,1.847,1.830,1285068.000
2024-08-12,1.842,1.860,1.861,1.841,1351843.000
2024-08-13,1.862,1.887,1.891,1.861,1171965.000
2024-08-14,1.914,1.922,1.925,1.910,1271305.000
2024-08-15,1.936,1.948,1.957,1.930,1198460.000
2024-08-16,1.994,1.975,1.996,1.962,1957543.000
2024-08-19,1.978,1.942,1.978,1.941,1397669.000
2024-08-20,1.968,1.966,1.974,1.962,842582.000
2024-08-21,1.957,1.967,1.969,1.948,689837.000
2024-08-22,1.978,1.971,1.993,1.963,1484566.000
2024-08-23,1.950,1.964,1.965,1.948,894428.000
2024-08-26,1.988,1.978,1.993,1.970,851835.000
2024-08-27,1.971,1.978,1.980,1.962,661214.000
2024-08-28,1.982,1.997,2.008,1.975,2227796.000
2024-08-29,1.971,1.974,1.981,1.961,1381173.000
2024-08-30,1.977,1.978,1.983,1.972,765073.000
2024-09-02,1.990,1.999,2.004,1.990,1087549.000
2024-09-03,2.001,1.998,2.011,1.992,1059450.000
2024-09-04,1.925,1.919,1.943,1.917,1798985.000
2024-09-05,1.933,1.929,1.940,1.923,825363.000
2024-09-06,1.920,1.919,1.925,1.912,885553.000
2024-09-09,1.894,1.905,1.906,1.884,1459737.000
2024-09-10,1.920,1.895,1.927,1.894,1678850.000
2024-09-11,1.908,1.899,1.910,1.893,790319.000
2024-09-12,1.927,1.931,1.937,1.923,1318809.000
2024-09-13,1.944,1.941,1.950,1.939,1310968.000
2024-09-18,1.950,1.939,1.954,1.935,918491.000
2024-09-19,1.944,1.965,1.967,1.942,1012686.000
2024-09-20,1.986,1.970,1.989,1.967,1256530.000
2024-09-23,1.974,1.974,1.979,1.969,671941.000
2024-09-24,1.977,1.960,1.978,1.950,1208342.000
2024-09-25,1.951,1.945,1.954,1.938,1239282.000
2024-09-26,1.949,1.948,1.955,1.938,1650332.000
2024-09-27,1.920,1.919,1.934,1.916,985058.000
2024-09-30,1.893,1.908,1.917,1.881,4295250.000
2024-10-08,1.886,1.893,1.914,1.879,3528083.000
2024-10-09,1.914,1.925,1.929,1.910,2960690.000
2024-10-10,1.943,1.956,1.961,1.943,2530206.000
2024-10-11,1.955,1.967,1.970,1.951,1730693.000
2024-10-14,1.984,1.988,1.992,1.971,2086676.000
2024-10-15,2.005,2.047,2.048,2.005,3144859.000
2024-10-16,2.025,2.024,2.034,2.005,2328863.000
2024-10-17,2.030,2.045,2.048,2.030,2033645.000
2024-10-18,2.036,2.027,2.041,2.015,3077818.000
2024-10-21,2.027,2.018,2.036,2.015,2048371.000
2024-10-22,2.015,2.006,2.015,2.005,1531023.000
2024-10-23,2.006,1.999,2.011,1.998,1162317.000
2024-10-24,1.986,1.991,1.992,1.982,1646827.000
2024-10-25,1.992,1.991,1.998,1.990,1019866.000
2024-10-28,2.000,2.012,2.016,1.998,2281468.000
2024-10-29,2.005,2.005,2.009,2.000,1346076.000
2024-10-30,2.016,2.020,2.023,2.012,1395275.000
2024-10-31,2.008,1.996,2.008,1.995,1048136.000
2024-11-01,1.965,1.971,1.977,1.957,1676201.000
2024-11-04,1.966,1.963,1.972,1.961,1533905.000
2024-11-05,1.960,1.961,1.962,1.953,1124936.000
2024-11-06,1.996,2.029,2.030,1.988,3330988.000
2024-11-07,2.065,2.045,2.079,2.038,3815080.000
2024-11-08,2.047,2.063,2.063,2.047,2309079.000
2024-11-11,2.065,2.089,2.091,2.065,1935112.000
2024-11-12,2.092,2.113,2.126,2.092,2807170.000
2024-11-13,2.109,2.095,2.109,2.090,1987802.000
2024-11-14,2.097,2.122,2.131,2.097,3260906.000
2024-11-15,2.104,2.088,2.105,2.083,2328753.000
2024-11-18,2.067,2.102,2.107,2.067,2789812.000
2024-11-19,2.102,2.106,2.121,2.098,2558811.000
2024-11-20,2.122,2.112,2.123,2.108,1737842.000
2024-11-21,2.105,2.107,2.109,2.096,1156296.000
2024-11-22,2.121,2.128,2.134,2.115,2244054.000
2024-11-25,2.141,2.177,2.178,2.141,3434824.000
2024-11-26,2.181,2.181,2.187,2.143,3995963.000
2024-11-27,2.197,2.180,2.236,2.174,5099924.000
2024-11-28,2.173,2.178,2.190,2.160,2601024.000
2024-11-29,2.182,2.182,2.188,2.170,2147402.000
2024-12-02,2.199,2.199,2.202,2.184,2388134.000
2024-12-03,2.210,2.217,2.222,2.207,1921348.000
2024-12-04,2.220,2.217,2.221,2.208,1570989.000
2024-12-05,2.230,2.233,2.235,2.225,1565477.000
2024-12-06,2.228,2.228,2.231,2.210,1458954.000
2024-12-09,2.233,2.227,2.233,2.225,1365980.000
2024-12-10,2.182,2.207,2.210,2.182,2246211.000
2024-12-11,2.200,2.227,2.229,2.199,2116906.000
2024-12-12,2.248,2.232,2.250,2.226,2115516.000
2024-12-13,2.226,2.244,2.246,2.223,1507003.000
2024-12-16,2.244,2.274,2.285,2.241,3267669.000
2024-12-17,2.501,2.254,2.501,2.047,4655671.000
2024-12-18,2.248,2.229,2.248,2.220,2469285.000
2024-12-19,2.149,2.157,2.195,2.149,3024560.000
2024-12-20,2.155,2.144,2.174,2.120,2840519.000
2024-12-23,2.176,2.194,2.200,2.176,2725916.000
2024-12-24,2.213,2.186,2.217,2.181,1996193.000
2024-12-25,2.198,2.197,2.205,2.191,1035301.000
2024-12-26,2.199,2.200,2.200,2.185,930463.000
2024-12-27,2.197,2.191,2.199,2.190,824590.000
2024-12-30,2.170,2.165,2.172,2.161,1165096.000
2024-12-31,2.151,2.162,2.178,2.143,1603420.000
2025-01-02,2.163,2.183,2.185,2.160,1579559.000
2025-01-03,2.181,2.170,2.186,2.167,1141237.000
2025-01-06,2.188,2.211,2.213,2.188,1848995.000
2025-01-07,2.220,2.193,2.238,2.180,3000409.000
2025-01-08,2.172,2.190,2.197,2.170,1411851.000
2025-01-09,2.193,2.186,2.200,2.184,955483.000
2025-01-10,2.181,2.173,2.198,2.172,1352753.000
2025-01-13,2.152,2.139,2.160,2.135,1128826.000
2025-01-14,2.152,2.162,2.164,2.146,1149908.000
2025-01-15,2.161,2.158,2.167,2.152,749169.000
2025-01-16,2.198,2.193,2.200,2.187,1182130.000
2025-01-17,2.189,2.191,2.192,2.177,656203.000
2025-01-20,2.202,2.201,2.207,2.197,960154.000
2025-01-21,2.202,2.200,2.203,2.193,662009.000
2025-01-22,2.212,2.218,2.220,2.209,927383.000
2025-01-23,2.225,2.205,2.228,2.204,1259120.000
2025-01-24,2.214,2.214,2.220,2.212,995621.000
2025-01-27,2.200,2.196,2.200,2.165,2484108.000
2025-02-05,2.191,2.192,2.195,2.178,894929.000
2025-02-06,2.200,2.198,2.203,2.195,712735.000
2025-02-07,2.198,2.192,2.201,2.187,934739.000
2025-02-10,2.180,2.187,2.188,2.170,1013117.000
2025-02-11,2.187,2.183,2.192,2.180,663169.000
2025-02-12,2.183,2.175,2.185,2.170,584026.000
2025-02-13,2.179,2.172,2.179,2.165,756592.000
2025-02-14,2.180,2.173,2.184,2.171,912017.000
2025-02-17,2.172,2.170,2.172,2.160,757005.000
2025-02-18,2.170,2.185,2.189,2.167,693093.000
2025-02-19,2.185,2.176,2.185,2.175,597854.000
2025-02-20,2.180,2.174,2.181,2.173,464705.000
2025-02-21,2.168,2.154,2.168,2.150,1217864.000
2025-02-24,2.118,2.125,2.138,2.112,1481295.000
2025-02-25,2.110,2.094,2.116,2.092,1422639.000
2025-02-26,2.092,2.091,2.092,2.077,1666490.000
2025-02-27,2.089,2.084,2.089,2.079,1367344.000
2025-02-28,2.050,2.032,2.051,2.028,3038343.000
2025-03-03,2.052,2.070,2.071,2.052,2279092.000
2025-03-04,2.034,2.031,2.034,2.028,1637668.000
2025-03-05,2.015,2.024,2.027,2.011,2151237.000
2025-03-06,2.031,2.025,2.034,2.022,1229199.000
2025-03-07,2.000,2.001,2.006,1.998,1436892.000
2025-03-10,1.998,1.999,2.004,1.995,868611.000
2025-03-11,1.937,1.949,1.949,1.931,2298535.000
2025-03-12,1.938,1.938,1.941,1.930,1650503.000
2025-03-13,1.944,1.932,1.947,1.927,1300855.000
2025-03-14,1.920,1.930,1.931,1.917,1954379.000
2025-03-17,1.940,1.929,1.943,1.928,1647829.000
2025-03-18,1.938,1.948,1.949,1.938,2093329.000
2025-03-19,1.935,1.933,1.935,1.928,814493.000
2025-03-20,1.955,1.981,1.983,1.951,3178334.000
2025-03-21,1.979,1.973,1.979,1.962,2256099.000
2025-03-24,1.984,1.999,1.999,1.983,2507265.000
2025-03-25,2.025,2.017,2.026,2.010,2451371.000
2025-03-26,2.028,2.011,2.028,2.008,1746173.000
2025-03-27,1.980,1.983,1.986,1.980,1622048.000
2025-03-28,1.974,1.963,1.976,1.962,1564705.000
2025-03-31,1.910,1.907,1.920,1.906,2001722.000
2025-04-01,1.917,1.937,1.939,1.917,2248768.000
2025-04-02,1.940,1.937,1.942,1.936,1966888.000
2025-04-03,1.903,1.897,1.912,1.895,3416121.000
2025-04-07,1.707,1.707,1.725,1.707,5655432.000
2025-04-08,1.737,1.776,1.793,1.737,5082647.000
2025-04-09,1.707,1.722,1.729,1.695,7420048.000
2025-04-10,1.881,1.886,1.888,1.831,6701700.000
2025-04-11,1.807,1.841,1.849,1.802,6209563.000
2025-04-14,1.864,1.872,1.875,1.857,2963731.000
2025-04-15,1.868,1.865,1.869,1.863,1515088.000
2025-04-16,1.854,1.842,1.854,1.835,2154094.000
2025-04-17,1.831,1.835,1.840,1.826,2632814.000
2025-04-18,1.826,1.829,1.832,1.823,928764.000
2025-04-21,1.811,1.806,1.815,1.804,1841734.000
2025-04-22,1.792,1.803,1.804,1.787,2202368.000
2025-04-23,1.846,1.855,1.858,1.842,5282818.000
2025-04-24,1.855,1.846,1.859,1.846,3137396.000
2025-04-25,1.891,1.895,1.898,1.889,3776175.000
2025-04-28,1.892,1.901,1.902,1.889,2329212.000
2025-04-29,1.903,1.897,1.907,1.895,2139831.000
2025-04-30,1.903,1.900,1.903,1.897,1698314.000
2025-05-06,1.922,1.918,1.927,1.915,1988920.000
2025-05-07,1.920,1.922,1.925,1.919,1310773.000
2025-05-08,1.931,1.940,1.942,1.930,2398358.000
2025-05-09,1.940,1.942,1.944,1.937,1534709.000
2025-05-12,1.964,1.963,1.966,1.957,2372225.000
2025-05-13,1.987,1.977,1.987,1.977,2743638.000
2025-05-14,1.998,2.013,2.013,1.998,2628048.000
2025-05-15,2.007,1.999,2.007,1.998,1748776.000
2025-05-16,2.007,2.012,2.014,2.007,1262025.000
2025-05-19,2.009,2.006,2.015,2.006,2086891.000
2025-05-20,2.026,2.025,2.032,2.024,1626987.000
2025-05-21,2.019,2.010,2.021,2.009,1497482.000
2025-05-22,1.989,1.989,1.994,1.985,2545229.000
2025-05-23,1.987,1.986,1.993,1.983,1561138.000
2025-05-26,1.985,1.991,1.992,1.983,1193597.000
2025-05-27,1.990,1.997,1.997,1.987,1011548.000
2025-05-28,2.015,2.012,2.017,2.011,1574523.000
2025-05-29,2.032,2.032,2.036,2.031,2589658.000
2025-05-30,2.001,2.004,2.009,1.999,2605744.000
2025-06-03,2.013,2.010,2.016,2.009,1371410.000
2025-06-04,2.026,2.029,2.030,2.023,1210579.000
2025-06-05,2.025,2.025,2.027,2.023,1524792.000
2025-06-06,2.018,2.024,2.025,2.016,850335.000
2025-06-09,2.032,2.035,2.036,2.031,963823.000
2025-06-10,2.042,2.036,2.047,2.033,1493926.000
2025-06-11,2.044,2.046,2.046,2.042,1041704.000
2025-06-12,2.040,2.040,2.042,2.036,1100902.000
2025-06-13,2.020,2.023,2.025,2.011,2221110.000
2025-06-16,2.029,2.038,2.038,2.028,1144822.000
2025-06-17,2.039,2.038,2.043,2.036,1200707.000
2025-06-18,2.033,2.035,2.039,2.032,1089067.000
2025-06-19,2.028,2.025,2.030,2.022,1583901.000
2025-06-20,2.023,2.027,2.030,2.019,956389.000
2025-06-23,2.015,2.025,2.027,2.014,906971.000
2025-06-24,2.051,2.061,2.062,2.048,2045860.000
2025-06-25,2.062,2.065,2.066,2.059,1719257.000
2025-06-26,2.063,2.071,2.072,2.061,1542598.000
2025-06-27,2.080,2.091,2.093,2.080,2724125.000
2025-06-30,2.102,2.102,2.104,2.096,1622426.000
2025-07-01,2.102,2.096,2.104,2.095,1275137.000
2025-07-02,2.098,2.110,2.111,2.098,1391608.000
2025-07-03,2.114,2.114,2.115,2.109,1254423.000
2025-07-04,2.125,2.125,2.132,2.122,2325591.000
2025-07-07,2.121,2.121,2.127,2.118,1579035.000
2025-07-08,2.114,2.121,2.121,2.112,1542763.000
2025-07-09,2.118,2.113,2.118,2.112,1277141.000
2025-07-10,2.119,2.121,2.128,2.119,1892997.000
2025-07-11,2.124,2.124,2.126,2.122,1390238.000
2025-07-14,2.115,2.107,2.116,2.107,2687672.000
2025-07-15,2.118,2.131,2.131,2.117,1781706.000
2025-07-16,2.117,2.115,2.119,2.114,1539316.000
2025-07-17,2.123,2.131,2.135,2.123,2251254.000
2025-07-18,2.141,2.143,2.146,2.141,1031171.000
2025-07-21,2.142,2.140,2.142,2.137,1491100.000
2025-07-22,2.138,2.136,2.141,2.135,1336900.000
2025-07-23,2.137,2.144,2.144,2.137,1257314.000
2025-07-24,2.155,2.153,2.156,2.152,1308246.000
2025-07-25,2.157,2.164,2.167,2.156,1355980.000
2025-07-28,2.176,2.185,2.187,2.176,1825007.000
2025-07-29,2.183,2.184,2.185,2.173,1609620.000
2025-07-30,2.175,2.180,2.181,2.174,974192.000
2025-07-31,2.196,2.202,2.203,2.188,1444080.000
2025-08-01,2.170,2.172,2.183,2.169,1791382.000
2025-08-04,2.148,2.148,2.158,2.137,2940038.000
2025-08-05,2.171,2.187,2.187,2.171,1743225.000
2025-08-06,2.167,2.174,2.175,2.166,1897912.000
2025-08-07,2.185,2.174,2.190,2.173,1354707.000
2025-08-08,2.176,2.174,2.181,2.169,988571.000
2025-08-11,2.185,2.192,2.194,2.185,1470859.000
2025-08-12,2.188,2.187,2.191,2.183,1011301.000
2025-08-13,2.202,2.204,2.207,2.202,830206.000
2025-08-14,2.207,2.203,2.209,2.201,913248.000
2025-08-15,2.208,2.217,2.218,2.205,923013.000
2025-08-18,2.209,2.203,2.211,2.201,1457107.000
2025-08-19,2.202,2.197,2.203,2.192,1035037.000
2025-08-20,2.182,2.185,2.194,2.178,2200807.000
2025-08-21,2.177,2.183,2.194,2.177,1907261.000
2025-08-22,2.179,2.170,2.180,2.169,1850136.000
2025-08-25,2.197,2.200,2.203,2.194,3091222.000
2025-08-26,2.190,2.191,2.193,2.188,836753.000
2025-08-27,2.200,2.206,2.207,2.198,1081363.000
2025-08-28,2.201,2.194,2.203,2.192,1538029.000
2025-08-29,2.196,2.195,2.201,2.194,912789.000
2025-09-01,2.193,2.185,2.193,2.180,1191555.000
2025-09-02,2.185,2.187,2.188,2.182,799735.000
2025-09-03,2.177,2.177,2.180,2.173,1060301.000
2025-09-04,2.187,2.189,2.192,2.185,869275.000
2025-09-05,2.210,2.204,2.219,2.203,1296751.000
2025-09-08,2.195,2.195,2.197,2.191,951844.000
2025-09-09,2.197,2.198,2.200,2.194,1351638.000
2025-09-10,2.202,2.207,2.208,2.202,1016544.000
2025-09-11,2.210,2.210,2.211,2.206,1063295.000
2025-09-12,2.221,2.222,2.224,2.220,1133535.000
2025-09-15,2.223,2.229,2.230,2.222,999886.000
2025-09-16,2.234,2.238,2.239,2.233,1234160.000
2025-09-17,2.235,2.230,2.235,2.227,922670.000
2025-09-18,2.231,2.241,2.243,2.231,1405032.000
2025-09-19,2.249,2.252,2.254,2.244,1847227.000
2025-09-22,2.258,2.269,2.271,2.258,1818886.000
2025-09-23,2.283,2.288,2.291,2.282,1364793.000
2025-09-24,2.275,2.280,2.280,2.267,1385152.000
2025-09-25,2.277,2.270,2.278,2.267,1043312.000
2025-09-26,2.264,2.265,2.266,2.256,956785.000
2025-09-29,2.275,2.281,2.282,2.275,1117310.000
2025-09-30,2.286,2.284,2.287,2.280,1351413.000
2025-10-09,2.304,2.322,2.330,2.304,2187955.000
2025-10-10,2.321,2.329,2.333,2.318,1567534.000
2025-10-13,2.284,2.294,2.318,2.275,5482610.000
2025-10-14,2.306,2.263,2.320,2.254,3404703.000
2025-10-15,2.278,2.289,2.290,2.273,1381869.000
2025-10-16,2.289,2.285,2.289,2.275,2726402.000
2025-10-17,2.269,2.263,2.280,2.261,2266907.000
2025-10-20,2.293,2.321,2.323,2.285,2509999.000
2025-10-21,2.342,2.326,2.349,2.313,2737634.000
2025-10-22,2.325,2.348,2.351,2.320,1775666.000
2025-10-23,2.348,2.352,2.359,2.333,1974016.000
2025-10-24,2.367,2.360,2.371,2.352,2050907.000
2025-10-27,2.383,2.415,2.418,2.381,2546133.000
2025-10-28,2.433,2.421,2.457,2.412,2146901.000
2025-10-29,2.435,2.468,2.469,2.430,2075648.000
2025-10-30,2.469,2.473,2.504,2.449,3503014.000
2025-10-31,2.470,2.454,2.479,2.439,2090276.000
2025-11-03,2.454,2.479,2.490,2.454,2281028.000
2025-11-04,2.479,2.415,2.479,2.407,2340533.000
2025-11-05,2.376,2.388,2.389,2.336,2664473.000
2025-11-06,2.400,2.389,2.412,2.385,2455362.000
2025-11-07,2.365,2.384,2.399,2.360,1949888.000
2025-11-10,2.405,2.424,2.436,2.403,2032831.000
2025-11-11,2.451,2.430,2.457,2.413,1895394.000
2025-11-12,2.434,2.463,2.464,2.434,2040668.000
2025-11-13,2.468,2.488,2.490,2.466,1791791.000
2025-11-14,2.447,2.448,2.466,2.441,2013309.000
2025-11-17,2.460,2.454,2.488,2.449,2102620.000
2025-11-18,2.440,2.399,2.440,2.390,1953771.000
2025-11-19,2.388,2.359,2.405,2.317,4080812.000
2025-11-20,2.399,2.413,2.417,2.396,1933380.000
2025-11-21,2.366,2.355,2.370,2.334,2843167.000
2025-11-24,2.382,2.390,2.396,2.359,2575878.000
2025-11-25,2.435,2.404,2.435,2.395,2150813.000
2025-11-26,2.424,2.447,2.449,2.420,2240962.000
2025-11-27,2.460,2.433,2.470,2.430,1330255.000
2025-11-28,2.441,2.463,2.467,2.438,1759636.000
2025-12-01,2.462,2.460,2.475,2.443,2340864.000
2025-12-02,2.459,2.460,2.468,2.454,1225923.000
2025-12-03,2.468,2.469,2.480,2.466,1877449.000
2025-12-04,2.474,2.461,2.476,2.456,1767662.000
2025-12-05,2.464,2.451,2.466,2.445,2605216.000
2025-12-08,2.451,2.444,2.452,2.439,1432267.000
2025-12-09,2.440,2.420,2.440,2.416,1172529.000
2025-12-10,2.420,2.443,2.447,2.420,1613500.000
2025-12-11,2.449,2.432,2.460,2.429,1538183.000
2025-12-12,2.450,2.453,2.461,2.441,1471310.000
2025-12-15,2.437,2.447,2.448,2.429,1353797.000
2025-12-16,2.429,2.420,2.438,2.411,1233409.000
2025-12-17,2.421,2.435,2.442,2.420,1341278.000
2025-12-18,2.412,2.426,2.428,2.410,1162286.000
2025-12-19,2.439,2.451,2.456,2.439,1515402.000
2025-12-22,2.470,2.456,2.471,2.455,1914873.000
2025-12-23,2.463,2.447,2.465,2.444,1329278.000
2025-12-24,2.456,2.455,2.459,2.448,1117995.000
2025-12-25,2.456,2.458,2.464,2.455,1114147.000
2025-12-26,2.461,2.461,2.464,2.453,817915.000
2025-12-29,2.461,2.447,2.465,2.440,1139450.000
2025-12-30,2.444,2.439,2.451,2.426,1064966.000
2025-12-31,2.436,2.432,2.437,2.426,655886.000
2026-01-05,2.437,2.468,2.469,2.435,1332765.000
2026-01-06,2.470,2.467,2.472,2.455,1096968.000
2026-01-07,2.470,2.465,2.477,2.462,1003027.000
2026-01-08,2.465,2.458,2.465,2.455,608726.000
2026-01-09,2.458,2.460,2.460,2.451,724801.000
2026-01-12,2.460,2.458,2.468,2.446,1213196.000
2026-01-13,2.458,2.460,2.461,2.454,1045582.000
2026-01-14,2.460,2.452,2.460,2.450,822806.000
2026-01-15,2.440,2.445,2.447,2.434,909693.000
2026-01-16,2.445,2.455,2.456,2.439,840316.000
2026-01-19,2.446,2.441,2.452,2.435,892266.000
2026-01-20,2.440,2.432,2.440,2.430,718749.000
2026-01-21,2.410,2.427,2.437,2.408,1463315.000
2026-01-22,2.439,2.459,2.460,2.439,986568.000
2026-01-23,2.463,2.434,2.468,2.431,2354760.000
2026-01-26,2.433,2.412,2.433,2.410,1147891.000
2026-01-27,2.422,2.424,2.429,2.420,736775.000
2026-01-28,2.432,2.433,2.438,2.426,889876.000
2026-01-29,2.432,2.425,2.437,2.411,869670.000
2026-01-30,2.423,2.439,2.439,2.415,1609274.000
2026-02-02,2.435,2.364,2.435,2.358,2449969.000
2026-02-03,2.399,2.375,2.405,2.368,2452086.000
2026-02-04,2.355,2.375,2.380,2.344,1082316.000
2026-02-05,2.369,2.368,2.372,2.352,843091.000
2026-02-06,2.340,2.326,2.348,2.324,1654298.000
2026-02-09,2.371,2.383,2.384,2.353,1894999.000
2026-02-10,2.384,2.394,2.399,2.378,839064.000
2026-02-11,2.395,2.395,2.397,2.384,575007.000
2026-02-12,2.393,2.389,2.400,2.385,872677.000
2026-02-13,2.363,2.382,2.383,2.360,796423.000
2026-02-24,2.381,2.385,2.391,2.362,944075.000
2026-02-25,2.393,2.382,2.407,2.378,994516.000
2026-02-26,2.391,2.384,2.394,2.379,723444.000
2026-02-27,2.381,2.387,2.391,2.367,674735.000
2026-03-02,2.375,2.358,2.379,2.356,1202995.000
2026-03-03,2.360,2.367,2.369,2.359,934609.000
2026-03-04,2.355,2.338,2.355,2.338,854842.000
2026-03-05,2.350,2.361,2.364,2.350,1287539.000
2026-03-06,2.358,2.350,2.358,2.335,1039132.000
2026-03-09,2.306,2.294,2.310,2.280,1444542.000
2026-03-10,2.320,2.311,2.325,2.302,1234062.000
2026-03-11,2.312,2.313,2.317,2.309,706048.000
2026-03-12,2.304,2.318,2.327,2.300,1056923.000
2026-03-13,2.307,2.286,2.307,2.280,1299375.000
2026-03-16,2.284,2.279,2.285,2.270,1346419.000
2026-03-17,2.286,2.283,2.294,2.279,990191.000
2026-03-18,2.292,2.284,2.296,2.281,1289379.000
2026-03-19,2.259,2.259,2.271,2.255,1092605.000
2026-03-20,2.258,2.244,2.270,2.242,1036483.000
2026-03-23,2.225,2.149,2.225,2.130,3025265.000
2026-03-24,2.171,2.190,2.195,2.161,2319160.000
2026-03-25,2.199,2.213,2.236,2.199,2273940.000
2026-03-26,2.222,2.219,2.230,2.215,921780.000
2026-03-27,2.190,2.209,2.218,2.182,1026027.000
2026-03-30,2.159,2.171,2.180,2.156,1862203.000
2026-03-31,2.168,2.164,2.192,2.160,1228516.000
2026-04-01,2.217,2.238,2.244,2.203,1905977.000
2026-04-02,2.241,2.206,2.241,2.186,1565828.000
2026-04-03,2.223,2.206,2.227,2.205,859306.000
2026-04-07,2.209,2.207,2.222,2.206,1158436.000
2026-04-08,2.261,2.290,2.292,2.257,1973051.000
2026-04-09,2.264,2.275,2.289,2.260,1172983.000
2026-04-10,2.300,2.294,2.312,2.290,1007994.000
2026-04-13,2.280,2.281,2.290,2.272,1005119.000
2026-04-14,2.314,2.313,2.319,2.305,1218483.000
2026-04-15,2.334,2.337,2.352,2.330,1363408.000
2026-04-16,2.362,2.365,2.366,2.357,1444987.000
2026-04-17,2.365,2.361,2.366,2.354,1348054.000
2026-04-20,2.372,2.360,2.376,2.358,1304514.000
2026-04-21,2.370,2.370,2.370,2.355,888684.000
2026-04-22,2.369,2.373,2.377,2.358,950651.000
2026-04-23,2.378,2.369,2.384,2.365,1179817.000
2026-04-24,2.370,2.366,2.372,2.362,651124.000
2026-04-27,2.383,2.384,2.385,2.373,1213047.000
2026-04-28,2.385,2.407,2.410,2.384,1418572.000
2026-04-29,2.400,2.411,2.432,2.395,1348282.000
2026-04-30,2.420,2.419,2.431,2.411,1041308.000
2026-05-06,2.455,2.454,2.463,2.448,1650968.000
2026-05-07,2.469,2.482,2.483,2.469,1502243.000
2026-05-08,2.479,2.483,2.484,2.450,1238384.000
2026-05-11,2.493,2.492,2.497,2.483,1605490.000
2026-05-12,2.491,2.477,2.491,2.476,1177570.000
2026-05-13,2.475,2.488,2.489,2.469,1042329.000
2026-05-14,2.499,2.489,2.507,2.486,1146810.000
2026-05-15,2.491,2.480,2.505,2.473,1811004.000
2026-05-18,2.440,2.440,2.456,2.433,1967608.000
2026-05-19,2.441,2.440,2.452,2.432,1165104.000
2026-05-20,2.427,2.432,2.439,2.417,1295226.000
2026-05-21,2.454,2.452,2.469,2.448,1491904.000
2026-05-22,2.465,2.485,2.490,2.465,1701672.000
2026-05-25,2.531,2.546,2.548,2.515,2963298.000
2026-05-26,2.546,2.529,2.560,2.525,1457970.000
2026-05-27,2.545,2.541,2.552,2.535,1190641.000
2026-05-28,2.547,2.524,2.548,2.503,1850242.000
2026-05-29,2.537,2.557,2.558,2.536,1646606.000
2026-06-01,2.562,2.625,2.630,2.562,2755651.000
2026-06-02,2.636,2.611,2.671,2.591,3664452.000
2026-06-03,2.623,2.602,2.634,2.593,1641121.000
2026-06-04,2.564,2.566,2.575,2.555,1428359.000
2026-06-05,2.569,2.568,2.588,2.561,1771835.000
2026-06-08,2.499,2.515,2.525,2.490,2252619.000
